id,data_inversa,uf,br,municipio,causa_acidente,tipo_acidente,classificacao_acidente,fase_dia,condicao_metereologica,tipo_pista,uso_solo,tipo_veiculo,estado_fisico,idade,sexo
3386,2017-01-13,RN,304.0,MOSSORO                                                     ,Desobediência às normas de trânsito pelo condutor                                                   ,Colisão transversal                                                                                                                                                                                     ,Com Vítimas Feridas,Pleno dia           ,Céu Claro           ,Dupla               ,Sim       ,Ciclomotor          ,Lesões Leves        ,57.0,Masculino           
3448,2017-01-13,RN,304.0,MACAIBA                                                     ,Falta de Atenção à Condução                                                                         ,Colisão lateral                                                                                                                                                                                         ,Sem Vítimas,Pleno dia           ,Céu Claro           ,Simples             ,Sim       ,Automóvel           ,Ileso               ,59.0,Masculino           
3448,2017-01-13,RN,304.0,MACAIBA                                                     ,Falta de Atenção à Condução                                                                         ,Colisão lateral                                                                                                                                                                                         ,Sem Vítimas,Pleno dia           ,Céu Claro           ,Simples             ,Sim       ,Caminhão-trator     ,Ileso               ,34.0,Masculino           
3450,2017-01-13,RN,304.0,MOSSORO                                                     ,Desobediência às normas de trânsito pelo condutor                                                   ,Colisão lateral                                                                                                                                                                                         ,Sem Vítimas,Pleno dia           ,Céu Claro           ,Simples             ,Sim       ,Automóvel           ,Ileso               ,29.0,Masculino           
3450,2017-01-13,RN,304.0,MOSSORO                                                     ,Desobediência às normas de trânsito pelo condutor                                                   ,Colisão lateral                                                                                                                                                                                         ,Sem Vítimas,Pleno dia           ,Céu Claro           ,Simples             ,Sim       ,Automóvel           ,Ileso               ,36.0,Masculino           
3450,2017-01-13,RN,304.0,MOSSORO                                                     ,Desobediência às normas de trânsito pelo condutor                                                   ,Colisão lateral                                                                                                                                                                                         ,Sem Vítimas,Pleno dia           ,Céu Claro           ,Simples             ,Sim       ,Automóvel           ,Ileso               ,30.0,Feminino            
3450,2017-01-13,RN,304.0,MOSSORO                                                     ,Desobediência às normas de trânsito pelo condutor                                                   ,Colisão lateral                                                                                                                                                                                         ,Sem Vítimas,Pleno dia           ,Céu Claro           ,Simples             ,Sim       ,Automóvel           ,Ileso               ,36.0,Masculino           
3514,2017-01-13,RN,226.0,NATAL                                                       ,Ultrapassagem Indevida                                                                              ,Colisão transversal                                                                                                                                                                                     ,Com Vítimas Feridas,Plena Noite         ,Céu Claro           ,Simples             ,Sim       ,Motocicleta         ,Lesões Leves        ,26.0,Masculino           
3514,2017-01-13,RN,226.0,NATAL                                                       ,Ultrapassagem Indevida                                                                              ,Colisão transversal                                                                                                                                                                                     ,Com Vítimas Feridas,Plena Noite         ,Céu Claro           ,Simples             ,Sim       ,Caminhonete         ,Ileso               ,56.0,Masculino           
3514,2017-01-13,RN,226.0,NATAL                                                       ,Ultrapassagem Indevida                                                                              ,Colisão transversal                                                                                                                                                                                     ,Com Vítimas Feridas,Plena Noite         ,Céu Claro           ,Simples             ,Sim       ,Motocicleta         ,Lesões Graves       ,,Masculino           
3707,2017-01-14,RN,304.0,ACU                                                         ,Falta de Atenção à Condução                                                                         ,Colisão traseira                                                                                                                                                                                        ,Com Vítimas Feridas,Pleno dia           ,Sol                 ,Simples             ,Não       ,Motocicleta         ,Lesões Graves       ,30.0,Masculino           
3707,2017-01-14,RN,304.0,ACU                                                         ,Falta de Atenção à Condução                                                                         ,Colisão traseira                                                                                                                                                                                        ,Com Vítimas Feridas,Pleno dia           ,Sol                 ,Simples             ,Não       ,Motocicleta         ,Lesões Leves        ,32.0,Masculino           
3707,2017-01-14,RN,304.0,ACU                                                         ,Falta de Atenção à Condução                                                                         ,Colisão traseira                                                                                                                                                                                        ,Com Vítimas Feridas,Pleno dia           ,Sol                 ,Simples             ,Não       ,Automóvel           ,Não Informado       ,,Não Informado       
3958,2017-01-15,RN,405.0,MOSSORO                                                     ,Desobediência às normas de trânsito pelo condutor                                                   ,Colisão transversal                                                                                                                                                                                     ,Sem Vítimas,Pleno dia           ,Sol                 ,Simples             ,Sim       ,Caminhonete         ,Ileso               ,30.0,Masculino           
3958,2017-01-15,RN,405.0,MOSSORO                                                     ,Desobediência às normas de trânsito pelo condutor                                                   ,Colisão transversal                                                                                                                                                                                     ,Sem Vítimas,Pleno dia           ,Sol                 ,Simples             ,Sim       ,Automóvel           ,Ileso               ,58.0,Masculino           
4204,2017-01-15,RN,304.0,MOSSORO                                                     ,Ingestão de Álcool                                                                                  ,Saída de leito carroçável                                                                                                                                                                               ,Com Vítimas Feridas,Plena Noite         ,Céu Claro           ,Dupla               ,Não       ,Automóvel           ,Não Informado       ,,Não Informado       
4204,2017-01-15,RN,304.0,MOSSORO                                                     ,Ingestão de Álcool                                                                                  ,Saída de leito carroçável                                                                                                                                                                               ,Com Vítimas Feridas,Plena Noite         ,Céu Claro           ,Dupla               ,Não       ,Automóvel           ,Lesões Leves        ,32.0,Masculino           
4207,2017-01-15,RN,304.0,MACAIBA                                                     ,Ingestão de Álcool                                                                                  ,Colisão transversal                                                                                                                                                                                     ,Com Vítimas Feridas,Plena Noite         ,Céu Claro           ,Simples             ,Não       ,Motocicleta         ,Lesões Graves       ,22.0,Masculino           
4207,2017-01-15,RN,304.0,MACAIBA                                                     ,Ingestão de Álcool                                                                                  ,Colisão transversal                                                                                                                                                                                     ,Com Vítimas Feridas,Plena Noite         ,Céu Claro           ,Simples             ,Não       ,Automóvel           ,Ileso               ,38.0,Masculino           
4221,2017-01-15,RN,304.0,LAJES                                                       ,Animais na Pista                                                                                    ,Atropelamento de Animal                                                                                                                                                                                 ,Sem Vítimas,Pleno dia           ,Céu Claro           ,Simples             ,Não       ,Caminhonete         ,Ileso               ,36.0,Masculino           
4372,2017-01-16,RN,427.0,JARDIM DO SERIDO                                            ,Condutor Dormindo                                                                                   ,Saída de leito carroçável                                                                                                                                                                               ,Com Vítimas Fatais,Pleno dia           ,Céu Claro           ,Simples             ,Não       ,Ciclomotor          ,Óbito               ,37.0,Masculino           
4372,2017-01-16,RN,427.0,JARDIM DO SERIDO                                            ,Condutor Dormindo                                                                                   ,Saída de leito carroçável                                                                                                                                                                               ,Com Vítimas Fatais,Pleno dia           ,Céu Claro           ,Simples             ,Não       ,Ciclomotor          ,Não Informado       ,,Não Informado       
4400,2017-01-16,RN,101.0,PARNAMIRIM                                                  ,Falta de Atenção à Condução                                                                         ,Colisão lateral                                                                                                                                                                                         ,Com Vítimas Feridas,Pleno dia           ,Nublado             ,Dupla               ,Sim       ,Motoneta            ,Lesões Leves        ,21.0,Feminino            
4400,2017-01-16,RN,101.0,PARNAMIRIM                                                  ,Falta de Atenção à Condução                                                                         ,Colisão lateral                                                                                                                                                                                         ,Com Vítimas Feridas,Pleno dia           ,Nublado             ,Dupla               ,Sim       ,Caminhão            ,Ileso               ,44.0,Masculino           
4434,2017-01-16,RN,304.0,MOSSORO                                                     ,Animais na Pista                                                                                    ,Atropelamento de Animal                                                                                                                                                                                 ,Com Vítimas Feridas,Plena Noite         ,Céu Claro           ,Dupla               ,Sim       ,Motocicleta         ,Lesões Leves        ,35.0,Masculino           
4456,2017-01-16,RN,101.0,SAO JOSE DE MIPIBU                                          ,Falta de Atenção à Condução                                                                         ,Tombamento                                                                                                                                                                                              ,Com Vítimas Feridas,Plena Noite         ,Céu Claro           ,Dupla               ,Sim       ,Motocicleta         ,Lesões Leves        ,28.0,Masculino           
4922,2017-01-18,RN,406.0,CEARA-MIRIM                                                 ,Animais na Pista                                                                                    ,Atropelamento de Animal                                                                                                                                                                                 ,Com Vítimas Feridas,Plena Noite         ,Céu Claro           ,Simples             ,Não       ,Automóvel           ,Lesões Leves        ,44.0,Masculino           
5156,2017-01-19,RN,406.0,GUAMARE                                                     ,Falta de Atenção à Condução                                                                         ,Colisão frontal                                                                                                                                                                                         ,Com Vítimas Fatais,Plena Noite         ,Nublado             ,Simples             ,Não       ,Caminhão-trator     ,Ileso               ,59.0,Masculino           
5156,2017-01-19,RN,406.0,GUAMARE                                                     ,Falta de Atenção à Condução                                                                         ,Colisão frontal                                                                                                                                                                                         ,Com Vítimas Fatais,Plena Noite         ,Nublado             ,Simples             ,Não       ,Motocicleta         ,Óbito               ,49.0,Masculino           
5270,2017-01-01,RN,304.0,MOSSORO                                                     ,Ultrapassagem Indevida                                                                              ,Colisão frontal                                                                                                                                                                                         ,Com Vítimas Feridas,Plena Noite         ,Céu Claro           ,Simples             ,Sim       ,Automóvel           ,Ileso               ,53.0,Masculino           
5270,2017-01-01,RN,304.0,MOSSORO                                                     ,Ultrapassagem Indevida                                                                              ,Colisão frontal                                                                                                                                                                                         ,Com Vítimas Feridas,Plena Noite         ,Céu Claro           ,Simples             ,Sim       ,Motocicleta         ,Lesões Graves       ,49.0,Masculino           
5404,2017-01-20,RN,304.0,MOSSORO                                                     ,Sinalização da via insuficiente ou inadequada                                                       ,Colisão lateral                                                                                                                                                                                         ,Sem Vítimas,Plena Noite         ,Céu Claro           ,Simples             ,Sim       ,Automóvel           ,Ileso               ,46.0,Masculino           
5404,2017-01-20,RN,304.0,MOSSORO                                                     ,Sinalização da via insuficiente ou inadequada                                                       ,Colisão lateral                                                                                                                                                                                         ,Sem Vítimas,Plena Noite         ,Céu Claro           ,Simples             ,Sim       ,Ciclomotor          ,Ileso               ,,Masculino           
5541,2017-01-21,RN,304.0,MOSSORO                                                     ,Falta de Atenção à Condução                                                                         ,Colisão transversal                                                                                                                                                                                     ,Com Vítimas Feridas,Pleno dia           ,Céu Claro           ,Dupla               ,Não       ,Ciclomotor          ,Lesões Leves        ,6.0,Feminino            
5541,2017-01-21,RN,304.0,MOSSORO                                                     ,Falta de Atenção à Condução                                                                         ,Colisão transversal                                                                                                                                                                                     ,Com Vítimas Feridas,Pleno dia           ,Céu Claro           ,Dupla               ,Não       ,Ciclomotor          ,Lesões Leves        ,17.0,Masculino           
5541,2017-01-21,RN,304.0,MOSSORO                                                     ,Falta de Atenção à Condução                                                                         ,Colisão transversal                                                                                                                                                                                     ,Com Vítimas Feridas,Pleno dia           ,Céu Claro           ,Dupla               ,Não       ,Caminhão-trator     ,Ileso               ,36.0,Masculino           
5568,2017-01-21,RN,101.0,SAO GONCALO DO AMARANTE                                     ,Falta de Atenção à Condução                                                                         ,Colisão transversal                                                                                                                                                                                     ,Com Vítimas Feridas,Pleno dia           ,Céu Claro           ,Dupla               ,Não       ,Automóvel           ,Ileso               ,20.0,Masculino           
5568,2017-01-21,RN,101.0,SAO GONCALO DO AMARANTE                                     ,Falta de Atenção à Condução                                                                         ,Colisão transversal                                                                                                                                                                                     ,Com Vítimas Feridas,Pleno dia           ,Céu Claro           ,Dupla               ,Não       ,Motocicleta         ,Lesões Graves       ,40.0,Masculino           
5568,2017-01-21,RN,101.0,SAO GONCALO DO AMARANTE                                     ,Falta de Atenção à Condução                                                                         ,Colisão transversal                                                                                                                                                                                     ,Com Vítimas Feridas,Pleno dia           ,Céu Claro           ,Dupla               ,Não       ,Motocicleta         ,Lesões Graves       ,38.0,Feminino            
5626,2017-01-21,RN,304.0,LAJES                                                       ,Falta de Atenção à Condução                                                                         ,Colisão transversal                                                                                                                                                                                     ,Com Vítimas Feridas,Pleno dia           ,Céu Claro           ,Simples             ,Sim       ,Automóvel           ,Lesões Graves       ,62.0,Masculino           
5626,2017-01-21,RN,304.0,LAJES                                                       ,Falta de Atenção à Condução                                                                         ,Colisão transversal                                                                                                                                                                                     ,Com Vítimas Feridas,Pleno dia           ,Céu Claro           ,Simples             ,Sim       ,Caminhão-trator     ,Ileso               ,38.0,Masculino           
5811,2017-01-22,RN,101.0,SAO JOSE DE MIPIBU                                          ,Falta de Atenção à Condução                                                                         ,Queda de ocupante de veículo                                                                                                                                                                            ,Com Vítimas Feridas,Pleno dia           ,Nublado             ,Dupla               ,Não       ,Motocicleta         ,Lesões Graves       ,36.0,Feminino            
5811,2017-01-22,RN,101.0,SAO JOSE DE MIPIBU                                          ,Falta de Atenção à Condução                                                                         ,Queda de ocupante de veículo                                                                                                                                                                            ,Com Vítimas Feridas,Pleno dia           ,Nublado             ,Dupla               ,Não       ,Motocicleta         ,Lesões Leves        ,48.0,Masculino           
6000,2017-01-22,RN,101.0,PARNAMIRIM                                                  ,Ingestão de Álcool                                                                                  ,Saída de leito carroçável                                                                                                                                                                               ,Sem Vítimas,Plena Noite         ,Chuva               ,Dupla               ,Sim       ,Automóvel           ,Ileso               ,46.0,Masculino           
6010,2017-01-22,RN,304.0,MOSSORO                                                     ,Objeto estático sobre o leito carroçável                                                            ,Colisão com objeto estático                                                                                                                                                                             ,Com Vítimas Feridas,Plena Noite         ,Céu Claro           ,Dupla               ,Sim       ,Automóvel           ,Ileso               ,19.0,Masculino           
6010,2017-01-22,RN,304.0,MOSSORO                                                     ,Objeto estático sobre o leito carroçável                                                            ,Colisão com objeto estático                                                                                                                                                                             ,Com Vítimas Feridas,Plena Noite         ,Céu Claro           ,Dupla               ,Sim       ,Motocicleta         ,Lesões Leves        ,64.0,Masculino           
6118,2017-01-23,RN,304.0,RIACHUELO                                                   ,Defeito Mecânico no Veículo                                                                         ,Saída de leito carroçável                                                                                                                                                                               ,Sem Vítimas,Pleno dia           ,Nublado             ,Simples             ,Não       ,Caminhonete         ,Ileso               ,51.0,Masculino           
6118,2017-01-23,RN,304.0,RIACHUELO                                                   ,Defeito Mecânico no Veículo                                                                         ,Saída de leito carroçável                                                                                                                                                                               ,Sem Vítimas,Pleno dia           ,Nublado             ,Simples             ,Não       ,Caminhonete         ,Ileso               ,27.0,Masculino           
6222,2017-01-23,RN,101.0,CEARA-MIRIM                                                 ,Animais na Pista                                                                                    ,Atropelamento de Animal                                                                                                                                                                                 ,Sem Vítimas,Plena Noite         ,Nublado             ,Simples             ,Não       ,Caminhonete         ,Ileso               ,55.0,Masculino           
6225,2017-01-11,RN,427.0,CAICO                                                       ,Ultrapassagem Indevida                                                                              ,Colisão lateral                                                                                                                                                                                         ,Com Vítimas Feridas,Plena Noite         ,Céu Claro           ,Simples             ,Não       ,Motocicleta         ,Não Informado       ,,Não Informado       
6225,2017-01-11,RN,427.0,CAICO                                                       ,Ultrapassagem Indevida                                                                              ,Colisão lateral                                                                                                                                                                                         ,Com Vítimas Feridas,Plena Noite         ,Céu Claro           ,Simples             ,Não       ,Motocicleta         ,Ileso               ,,Não Informado       
6225,2017-01-11,RN,427.0,CAICO                                                       ,Ultrapassagem Indevida                                                                              ,Colisão lateral                                                                                                                                                                                         ,Com Vítimas Feridas,Plena Noite         ,Céu Claro           ,Simples             ,Não       ,Motoneta            ,Lesões Graves       ,30.0,Feminino            
6225,2017-01-11,RN,427.0,CAICO                                                       ,Ultrapassagem Indevida                                                                              ,Colisão lateral                                                                                                                                                                                         ,Com Vítimas Feridas,Plena Noite         ,Céu Claro           ,Simples             ,Não       ,Motoneta            ,Lesões Leves        ,30.0,Masculino           
6230,2017-01-23,RN,101.0,PARNAMIRIM                                                  ,Falta de Atenção à Condução                                                                         ,Queda de ocupante de veículo                                                                                                                                                                            ,Com Vítimas Feridas,Plena Noite         ,Nublado             ,Dupla               ,Sim       ,Motocicleta         ,Lesões Graves       ,35.0,Masculino           
6230,2017-01-23,RN,101.0,PARNAMIRIM                                                  ,Falta de Atenção à Condução                                                                         ,Queda de ocupante de veículo                                                                                                                                                                            ,Com Vítimas Feridas,Plena Noite         ,Nublado             ,Dupla               ,Sim       ,Automóvel           ,Não Informado       ,,Não Informado       
6394,2017-01-24,RN,405.0,MOSSORO                                                     ,Desobediência às normas de trânsito pelo condutor                                                   ,Colisão lateral                                                                                                                                                                                         ,Com Vítimas Feridas,Pleno dia           ,Céu Claro           ,Simples             ,Sim       ,Caminhonete         ,Lesões Leves        ,24.0,Masculino           
6394,2017-01-24,RN,405.0,MOSSORO                                                     ,Desobediência às normas de trânsito pelo condutor                                                   ,Colisão lateral                                                                                                                                                                                         ,Com Vítimas Feridas,Pleno dia           ,Céu Claro           ,Simples             ,Sim       ,Automóvel           ,Lesões Leves        ,23.0,Feminino            
6581,2017-01-25,RN,101.0,NATAL                                                       ,Velocidade Incompatível                                                                             ,Colisão traseira                                                                                                                                                                                        ,Com Vítimas Feridas,Pleno dia           ,Sol                 ,Dupla               ,Sim       ,Motocicleta         ,Lesões Leves        ,36.0,Masculino           
6581,2017-01-25,RN,101.0,NATAL                                                       ,Velocidade Incompatível                                                                             ,Colisão traseira                                                                                                                                                                                        ,Com Vítimas Feridas,Pleno dia           ,Sol                 ,Dupla               ,Sim       ,Motocicleta         ,Lesões Leves        ,62.0,Masculino           
6635,2017-01-25,RN,101.0,PARNAMIRIM                                                  ,Desobediência às normas de trânsito pelo condutor                                                   ,Colisão transversal                                                                                                                                                                                     ,Com Vítimas Feridas,Pleno dia           ,Céu Claro           ,Dupla               ,Sim       ,Motocicleta         ,Lesões Leves        ,19.0,Masculino           
6635,2017-01-25,RN,101.0,PARNAMIRIM                                                  ,Desobediência às normas de trânsito pelo condutor                                                   ,Colisão transversal                                                                                                                                                                                     ,Com Vítimas Feridas,Pleno dia           ,Céu Claro           ,Dupla               ,Sim       ,Motocicleta         ,Lesões Leves        ,31.0,Masculino           
6635,2017-01-25,RN,101.0,PARNAMIRIM                                                  ,Desobediência às normas de trânsito pelo condutor                                                   ,Colisão transversal                                                                                                                                                                                     ,Com Vítimas Feridas,Pleno dia           ,Céu Claro           ,Dupla               ,Sim       ,Motocicleta         ,Não Informado       ,,Não Informado       
6635,2017-01-25,RN,101.0,PARNAMIRIM                                                  ,Desobediência às normas de trânsito pelo condutor                                                   ,Colisão transversal                                                                                                                                                                                     ,Com Vítimas Feridas,Pleno dia           ,Céu Claro           ,Dupla               ,Sim       ,Utilitário          ,Ileso               ,59.0,Masculino           
6768,2017-01-26,RN,304.0,MOSSORO                                                     ,Falta de Atenção à Condução                                                                         ,Colisão lateral                                                                                                                                                                                         ,Com Vítimas Feridas,Pleno dia           ,Céu Claro           ,Múltipla            ,Sim       ,Ciclomotor          ,Lesões Leves        ,69.0,Masculino           
6768,2017-01-26,RN,304.0,MOSSORO                                                     ,Falta de Atenção à Condução                                                                         ,Colisão lateral                                                                                                                                                                                         ,Com Vítimas Feridas,Pleno dia           ,Céu Claro           ,Múltipla            ,Sim       ,Camioneta           ,Ileso               ,37.0,Masculino           
6852,2017-01-26,RN,101.0,ARES                                                        ,Avarias e/ou desgaste excessivo no pneu                                                             ,Saída de leito carroçável                                                                                                                                                                               ,Com Vítimas Feridas,Pleno dia           ,Sol                 ,Dupla               ,Não       ,Automóvel           ,Lesões Leves        ,35.0,Masculino           
6863,2017-01-26,RN,110.0,MOSSORO                                                     ,Falta de Atenção à Condução                                                                         ,Colisão frontal                                                                                                                                                                                         ,Com Vítimas Feridas,Pleno dia           ,Céu Claro           ,Simples             ,Sim       ,Motocicleta         ,Lesões Leves        ,25.0,Masculino           
6863,2017-01-26,RN,110.0,MOSSORO                                                     ,Falta de Atenção à Condução                                                                         ,Colisão frontal                                                                                                                                                                                         ,Com Vítimas Feridas,Pleno dia           ,Céu Claro           ,Simples             ,Sim       ,Motocicleta         ,Lesões Graves       ,27.0,Feminino            
6863,2017-01-26,RN,110.0,MOSSORO                                                     ,Falta de Atenção à Condução                                                                         ,Colisão frontal                                                                                                                                                                                         ,Com Vítimas Feridas,Pleno dia           ,Céu Claro           ,Simples             ,Sim       ,Automóvel           ,Ileso               ,36.0,Masculino           
6863,2017-01-26,RN,110.0,MOSSORO                                                     ,Falta de Atenção à Condução                                                                         ,Colisão frontal                                                                                                                                                                                         ,Com Vítimas Feridas,Pleno dia           ,Céu Claro           ,Simples             ,Sim       ,Automóvel           ,Ileso               ,37.0,Masculino           
6970,2017-01-26,RN,101.0,PARNAMIRIM                                                  ,Velocidade Incompatível                                                                             ,Colisão traseira                                                                                                                                                                                        ,Com Vítimas Feridas,Plena Noite         ,Céu Claro           ,Dupla               ,Sim       ,Motocicleta         ,Lesões Leves        ,32.0,Masculino           
6970,2017-01-26,RN,101.0,PARNAMIRIM                                                  ,Velocidade Incompatível                                                                             ,Colisão traseira                                                                                                                                                                                        ,Com Vítimas Feridas,Plena Noite         ,Céu Claro           ,Dupla               ,Sim       ,Automóvel           ,Não Informado       ,,Não Informado       
7043,2017-01-27,RN,101.0,SAO JOSE DE MIPIBU                                          ,Ingestão de Álcool                                                                                  ,Colisão transversal                                                                                                                                                                                     ,Com Vítimas Feridas,Pleno dia           ,Sol                 ,Dupla               ,Sim       ,Caminhonete         ,Ileso               ,29.0,Masculino           
7043,2017-01-27,RN,101.0,SAO JOSE DE MIPIBU                                          ,Ingestão de Álcool                                                                                  ,Colisão transversal                                                                                                                                                                                     ,Com Vítimas Feridas,Pleno dia           ,Sol                 ,Dupla               ,Sim       ,Carroça-charrete    ,Lesões Leves        ,28.0,Masculino           
7053,2017-01-27,RN,406.0,JANDAIRA                                                    ,Falta de Atenção à Condução                                                                         ,Colisão traseira                                                                                                                                                                                        ,Com Vítimas Feridas,Pleno dia           ,Sol                 ,Simples             ,Sim       ,Caminhão            ,Ileso               ,26.0,Masculino           
7053,2017-01-27,RN,406.0,JANDAIRA                                                    ,Falta de Atenção à Condução                                                                         ,Colisão traseira                                                                                                                                                                                        ,Com Vítimas Feridas,Pleno dia           ,Sol                 ,Simples             ,Sim       ,Automóvel           ,Ileso               ,36.0,Masculino           
7053,2017-01-27,RN,406.0,JANDAIRA                                                    ,Falta de Atenção à Condução                                                                         ,Colisão traseira                                                                                                                                                                                        ,Com Vítimas Feridas,Pleno dia           ,Sol                 ,Simples             ,Sim       ,Automóvel           ,Lesões Leves        ,38.0,Masculino           
7053,2017-01-27,RN,406.0,JANDAIRA                                                    ,Falta de Atenção à Condução                                                                         ,Colisão traseira                                                                                                                                                                                        ,Com Vítimas Feridas,Pleno dia           ,Sol                 ,Simples             ,Sim       ,Automóvel           ,Lesões Leves        ,34.0,Feminino            
7053,2017-01-27,RN,406.0,JANDAIRA                                                    ,Falta de Atenção à Condução                                                                         ,Colisão traseira                                                                                                                                                                                        ,Com Vítimas Feridas,Pleno dia           ,Sol                 ,Simples             ,Sim       ,Automóvel           ,Lesões Leves        ,6.0,Masculino           
7087,2017-01-27,RN,406.0,CEARA-MIRIM                                                 ,Falta de Atenção à Condução                                                                         ,Capotamento                                                                                                                                                                                             ,Com Vítimas Feridas,Pleno dia           ,Sol                 ,Simples             ,Não       ,Automóvel           ,Lesões Graves       ,40.0,Masculino           
7140,2017-01-27,RN,304.0,MOSSORO                                                     ,Falta de Atenção do Pedestre                                                                        ,Atropelamento de Pedestre                                                                                                                                                                               ,Com Vítimas Feridas,Pleno dia           ,Sol                 ,Dupla               ,Sim       ,Automóvel           ,Lesões Leves        ,81.0,Masculino           
7140,2017-01-27,RN,304.0,MOSSORO                                                     ,Falta de Atenção do Pedestre                                                                        ,Atropelamento de Pedestre                                                                                                                                                                               ,Com Vítimas Feridas,Pleno dia           ,Sol                 ,Dupla               ,Sim       ,Automóvel           ,Ileso               ,57.0,Masculino           
7287,2017-01-28,RN,304.0,MOSSORO                                                     ,Animais na Pista                                                                                    ,Atropelamento de Animal                                                                                                                                                                                 ,Sem Vítimas,Amanhecer           ,Céu Claro           ,Dupla               ,Sim       ,Camioneta           ,Ileso               ,35.0,Masculino           
7336,2017-01-28,RN,101.0,ARES                                                        ,Falta de Atenção à Condução                                                                         ,Colisão traseira                                                                                                                                                                                        ,Com Vítimas Feridas,Pleno dia           ,Nublado             ,Dupla               ,Não       ,Caminhão            ,Ileso               ,45.0,Masculino           
7336,2017-01-28,RN,101.0,ARES                                                        ,Falta de Atenção à Condução                                                                         ,Colisão traseira                                                                                                                                                                                        ,Com Vítimas Feridas,Pleno dia           ,Nublado             ,Dupla               ,Não       ,Caminhonete         ,Lesões Leves        ,30.0,Masculino           
7403,2017-01-28,RN,101.0,PARNAMIRIM                                                  ,Defeito Mecânico no Veículo                                                                         ,Colisão com objeto estático                                                                                                                                                                             ,Com Vítimas Feridas,Pleno dia           ,Sol                 ,Dupla               ,Sim       ,Automóvel           ,Lesões Leves        ,30.0,Feminino            
7403,2017-01-28,RN,101.0,PARNAMIRIM                                                  ,Defeito Mecânico no Veículo                                                                         ,Colisão com objeto estático                                                                                                                                                                             ,Com Vítimas Feridas,Pleno dia           ,Sol                 ,Dupla               ,Sim       ,Automóvel           ,Lesões Leves        ,24.0,Feminino            
7474,2017-01-28,RN,101.0,NATAL                                                       ,Não guardar distância de segurança                                                                  ,Colisão traseira                                                                                                                                                                                        ,Sem Vítimas,Plena Noite         ,Céu Claro           ,Dupla               ,Sim       ,Automóvel           ,Ileso               ,45.0,Masculino           
7474,2017-01-28,RN,101.0,NATAL                                                       ,Não guardar distância de segurança                                                                  ,Colisão traseira                                                                                                                                                                                        ,Sem Vítimas,Plena Noite         ,Céu Claro           ,Dupla               ,Sim       ,Caminhonete         ,Ileso               ,64.0,Masculino           
7493,2017-01-28,RN,304.0,MOSSORO                                                     ,Falta de Atenção à Condução                                                                         ,Colisão traseira                                                                                                                                                                                        ,Com Vítimas Feridas,Plena Noite         ,Céu Claro           ,Dupla               ,Sim       ,Motoneta            ,Lesões Leves        ,33.0,Feminino            
7493,2017-01-28,RN,304.0,MOSSORO                                                     ,Falta de Atenção à Condução                                                                         ,Colisão traseira                                                                                                                                                                                        ,Com Vítimas Feridas,Plena Noite         ,Céu Claro           ,Dupla               ,Sim       ,Motoneta            ,Lesões Leves        ,28.0,Feminino            
7493,2017-01-28,RN,304.0,MOSSORO                                                     ,Falta de Atenção à Condução                                                                         ,Colisão traseira                                                                                                                                                                                        ,Com Vítimas Feridas,Plena Noite         ,Céu Claro           ,Dupla               ,Sim       ,Automóvel           ,Não Informado       ,,Não Informado       
7519,2017-01-29,RN,304.0,MOSSORO                                                     ,Ingestão de Álcool                                                                                  ,Colisão traseira                                                                                                                                                                                        ,Com Vítimas Feridas,Plena Noite         ,Nublado             ,Dupla               ,Sim       ,Motocicleta         ,Não Informado       ,,Não Informado       
7519,2017-01-29,RN,304.0,MOSSORO                                                     ,Ingestão de Álcool                                                                                  ,Colisão traseira                                                                                                                                                                                        ,Com Vítimas Feridas,Plena Noite         ,Nublado             ,Dupla               ,Sim       ,Bicicleta           ,Lesões Graves       ,44.0,Masculino           
7562,2017-01-29,RN,304.0,MOSSORO                                                     ,Defeito Mecânico no Veículo                                                                         ,Colisão lateral                                                                                                                                                                                         ,Com Vítimas Feridas,Pleno dia           ,Céu Claro           ,Simples             ,Não       ,Automóvel           ,Ileso               ,28.0,Masculino           
7562,2017-01-29,RN,304.0,MOSSORO                                                     ,Defeito Mecânico no Veículo                                                                         ,Colisão lateral                                                                                                                                                                                         ,Com Vítimas Feridas,Pleno dia           ,Céu Claro           ,Simples             ,Não       ,Ciclomotor          ,Lesões Leves        ,35.0,Masculino           
7578,2017-01-29,RN,427.0,CAICO                                                       ,Falta de Atenção à Condução                                                                         ,Capotamento                                                                                                                                                                                             ,Com Vítimas Feridas,Amanhecer           ,Céu Claro           ,Simples             ,Não       ,Automóvel           ,Lesões Leves        ,31.0,Masculino           
7674,2017-01-29,RN,101.0,RIO DO FOGO                                                 ,Falta de Atenção à Condução                                                                         ,Colisão transversal                                                                                                                                                                                     ,Com Vítimas Feridas,Pleno dia           ,Céu Claro           ,Simples             ,Não       ,Automóvel           ,Não Informado       ,,Não Informado       
7674,2017-01-29,RN,101.0,RIO DO FOGO                                                 ,Falta de Atenção à Condução                                                                         ,Colisão transversal                                                                                                                                                                                     ,Com Vítimas Feridas,Pleno dia           ,Céu Claro           ,Simples             ,Não       ,Motocicleta         ,Lesões Leves        ,26.0,Masculino           