id,data_inversa,uf,br,municipio,causa_acidente,tipo_acidente,classificacao_acidente,fase_dia,condicao_metereologica,tipo_pista,uso_solo,tipo_veiculo,estado_fisico,idade,sexo
11679,2017-02-13,RN,405.0,MOSSORO                                                     ,Desobediência às normas de trânsito pelo condutor                                                   ,Colisão transversal                                                                                                                                                                                     ,Com Vítimas Feridas,Pleno dia           ,Céu Claro           ,Simples             ,Sim       ,Automóvel           ,Lesões Leves        ,60.0,Masculino           
11679,2017-02-13,RN,405.0,MOSSORO                                                     ,Desobediência às normas de trânsito pelo condutor                                                   ,Colisão transversal                                                                                                                                                                                     ,Com Vítimas Feridas,Pleno dia           ,Céu Claro           ,Simples             ,Sim       ,Automóvel           ,Lesões Leves        ,9.0,Feminino            
11679,2017-02-13,RN,405.0,MOSSORO                                                     ,Desobediência às normas de trânsito pelo condutor                                                   ,Colisão transversal                                                                                                                                                                                     ,Com Vítimas Feridas,Pleno dia           ,Céu Claro           ,Simples             ,Sim       ,Automóvel           ,Ileso               ,47.0,Feminino            
11679,2017-02-13,RN,405.0,MOSSORO                                                     ,Desobediência às normas de trânsito pelo condutor                                                   ,Colisão transversal                                                                                                                                                                                     ,Com Vítimas Feridas,Pleno dia           ,Céu Claro           ,Simples             ,Sim       ,Automóvel           ,Ileso               ,45.0,Feminino            
11679,2017-02-13,RN,405.0,MOSSORO                                                     ,Desobediência às normas de trânsito pelo condutor                                                   ,Colisão transversal                                                                                                                                                                                     ,Com Vítimas Feridas,Pleno dia           ,Céu Claro           ,Simples             ,Sim       ,Automóvel           ,Ileso               ,,Feminino            
11679,2017-02-13,RN,405.0,MOSSORO                                                     ,Desobediência às normas de trânsito pelo condutor                                                   ,Colisão transversal                                                                                                                                                                                     ,Com Vítimas Feridas,Pleno dia           ,Céu Claro           ,Simples             ,Sim       ,Caminhão            ,Ileso               ,55.0,Masculino           
11689,2017-02-13,RN,226.0,MACAIBA                                                     ,Falta de Atenção à Condução                                                                         ,Colisão lateral                                                                                                                                                                                         ,Com Vítimas Feridas,Pleno dia           ,Nublado             ,Simples             ,Não       ,Automóvel           ,Lesões Leves        ,46.0,Masculino           
11689,2017-02-13,RN,226.0,MACAIBA                                                     ,Falta de Atenção à Condução                                                                         ,Colisão lateral                                                                                                                                                                                         ,Com Vítimas Feridas,Pleno dia           ,Nublado             ,Simples             ,Não       ,Motocicleta         ,Lesões Graves       ,28.0,Masculino           
11730,2017-02-13,RN,101.0,SAO GONCALO DO AMARANTE                                     ,Ultrapassagem Indevida                                                                              ,Colisão traseira                                                                                                                                                                                        ,Com Vítimas Feridas,Pleno dia           ,Sol                 ,Simples             ,Não       ,Bicicleta           ,Lesões Leves        ,47.0,Masculino           
11730,2017-02-13,RN,101.0,SAO GONCALO DO AMARANTE                                     ,Ultrapassagem Indevida                                                                              ,Colisão traseira                                                                                                                                                                                        ,Com Vítimas Feridas,Pleno dia           ,Sol                 ,Simples             ,Não       ,Automóvel           ,Ileso               ,40.0,Masculino           
11879,2017-02-14,RN,406.0,SAO GONCALO DO AMARANTE                                     ,Animais na Pista                                                                                    ,Atropelamento de Animal                                                                                                                                                                                 ,Com Vítimas Feridas,Plena Noite         ,Céu Claro           ,Dupla               ,Sim       ,Motocicleta         ,Lesões Leves        ,28.0,Masculino           
11923,2017-02-14,RN,110.0,MOSSORO                                                     ,Desobediência às normas de trânsito pelo condutor                                                   ,Colisão transversal                                                                                                                                                                                     ,Com Vítimas Feridas,Pleno dia           ,Céu Claro           ,Simples             ,Sim       ,Motocicleta         ,Lesões Leves        ,,Masculino           
11923,2017-02-14,RN,110.0,MOSSORO                                                     ,Desobediência às normas de trânsito pelo condutor                                                   ,Colisão transversal                                                                                                                                                                                     ,Com Vítimas Feridas,Pleno dia           ,Céu Claro           ,Simples             ,Sim       ,Motocicleta         ,Lesões Leves        ,27.0,Masculino           
11948,2017-02-14,RN,101.0,SAO JOSE DE MIPIBU                                          ,Pista Escorregadia                                                                                  ,Capotamento                                                                                                                                                                                             ,Sem Vítimas,Pleno dia           ,Chuva               ,Dupla               ,Sim       ,Automóvel           ,Ileso               ,33.0,Masculino           
12010,2017-02-14,RN,304.0,MOSSORO                                                     ,Pista Escorregadia                                                                                  ,Queda de ocupante de veículo                                                                                                                                                                            ,Com Vítimas Feridas,Pleno dia           ,Garoa/Chuvisco      ,Simples             ,Sim       ,Motocicleta         ,Lesões Leves        ,42.0,Masculino           
12010,2017-02-14,RN,304.0,MOSSORO                                                     ,Pista Escorregadia                                                                                  ,Queda de ocupante de veículo                                                                                                                                                                            ,Com Vítimas Feridas,Pleno dia           ,Garoa/Chuvisco      ,Simples             ,Sim       ,Motocicleta         ,Lesões Leves        ,41.0,Feminino            
12201,2017-02-15,RN,304.0,MOSSORO                                                     ,Falta de Atenção à Condução                                                                         ,Tombamento                                                                                                                                                                                              ,Com Vítimas Feridas,Pleno dia           ,Sol                 ,Dupla               ,Não       ,Motoneta            ,Lesões Leves        ,24.0,Feminino            
12201,2017-02-15,RN,304.0,MOSSORO                                                     ,Falta de Atenção à Condução                                                                         ,Tombamento                                                                                                                                                                                              ,Com Vítimas Feridas,Pleno dia           ,Sol                 ,Dupla               ,Não       ,Camioneta           ,Ileso               ,63.0,Masculino           
12214,2017-02-15,RN,101.0,EXTREMOZ                                                    ,Animais na Pista                                                                                    ,Atropelamento de Animal                                                                                                                                                                                 ,Com Vítimas Feridas,Pleno dia           ,Céu Claro           ,Dupla               ,Sim       ,Motocicleta         ,Lesões Graves       ,63.0,Masculino           
12240,2017-02-15,RN,101.0,SAO JOSE DE MIPIBU                                          ,Mal Súbito                                                                                          ,Saída de leito carroçável                                                                                                                                                                               ,Com Vítimas Feridas,Pleno dia           ,Céu Claro           ,Múltipla            ,Sim       ,Caminhonete         ,Lesões Leves        ,21.0,Masculino           
12256,2017-02-15,RN,101.0,NATAL                                                       ,Não guardar distância de segurança                                                                  ,Colisão traseira                                                                                                                                                                                        ,Com Vítimas Feridas,Pleno dia           ,Sol                 ,Simples             ,Sim       ,Motocicleta         ,Lesões Leves        ,53.0,Masculino           
12346,2017-02-16,RN,101.0,ARES                                                        ,Condutor Dormindo                                                                                   ,Tombamento                                                                                                                                                                                              ,Sem Vítimas,Plena Noite         ,Céu Claro           ,Dupla               ,Não       ,Caminhão            ,Ileso               ,48.0,Masculino           
12364,2017-02-16,RN,101.0,PARNAMIRIM                                                  ,Não guardar distância de segurança                                                                  ,Colisão traseira                                                                                                                                                                                        ,Com Vítimas Feridas,Pleno dia           ,Céu Claro           ,Dupla               ,Sim       ,Caminhão-trator     ,Ileso               ,41.0,Masculino           
12364,2017-02-16,RN,101.0,PARNAMIRIM                                                  ,Não guardar distância de segurança                                                                  ,Colisão traseira                                                                                                                                                                                        ,Com Vítimas Feridas,Pleno dia           ,Céu Claro           ,Dupla               ,Sim       ,Motocicleta         ,Lesões Leves        ,52.0,Masculino           
12387,2017-02-16,RN,304.0,ACU                                                         ,Não guardar distância de segurança                                                                  ,Engavetamento                                                                                                                                                                                           ,Sem Vítimas,Pleno dia           ,Céu Claro           ,Simples             ,Não       ,Caminhonete         ,Ileso               ,49.0,Masculino           
12387,2017-02-16,RN,304.0,ACU                                                         ,Não guardar distância de segurança                                                                  ,Engavetamento                                                                                                                                                                                           ,Sem Vítimas,Pleno dia           ,Céu Claro           ,Simples             ,Não       ,Automóvel           ,Ileso               ,50.0,Feminino            
12387,2017-02-16,RN,304.0,ACU                                                         ,Não guardar distância de segurança                                                                  ,Engavetamento                                                                                                                                                                                           ,Sem Vítimas,Pleno dia           ,Céu Claro           ,Simples             ,Não       ,Automóvel           ,Ileso               ,24.0,Masculino           
12387,2017-02-16,RN,304.0,ACU                                                         ,Não guardar distância de segurança                                                                  ,Engavetamento                                                                                                                                                                                           ,Sem Vítimas,Pleno dia           ,Céu Claro           ,Simples             ,Não       ,Automóvel           ,Ileso               ,39.0,Masculino           
12518,2017-02-16,RN,304.0,MOSSORO                                                     ,Avarias e/ou desgaste excessivo no pneu                                                             ,Tombamento                                                                                                                                                                                              ,Com Vítimas Feridas,Plena Noite         ,Céu Claro           ,Simples             ,Não       ,Motocicleta         ,Lesões Leves        ,40.0,Masculino           
12649,2017-02-17,RN,226.0,CAMPO REDONDO                                               ,Falta de Atenção à Condução                                                                         ,Colisão transversal                                                                                                                                                                                     ,Com Vítimas Feridas,Pleno dia           ,Céu Claro           ,Simples             ,Não       ,Caminhão-trator     ,Ileso               ,49.0,Masculino           
12649,2017-02-17,RN,226.0,CAMPO REDONDO                                               ,Falta de Atenção à Condução                                                                         ,Colisão transversal                                                                                                                                                                                     ,Com Vítimas Feridas,Pleno dia           ,Céu Claro           ,Simples             ,Não       ,Caminhonete         ,Lesões Leves        ,79.0,Masculino           
12715,2017-02-17,RN,226.0,TANGARA                                                     ,Pista Escorregadia                                                                                  ,Tombamento                                                                                                                                                                                              ,Com Vítimas Feridas,Pleno dia           ,Chuva               ,Simples             ,Não       ,Caminhonete         ,Lesões Leves        ,28.0,Masculino           
12773,2017-02-17,RN,101.0,NATAL                                                       ,Falta de Atenção do Pedestre                                                                        ,Atropelamento de Pedestre                                                                                                                                                                               ,Com Vítimas Feridas,Plena Noite         ,Céu Claro           ,Dupla               ,Sim       ,Motocicleta         ,Lesões Graves       ,43.0,Feminino            
12773,2017-02-17,RN,101.0,NATAL                                                       ,Falta de Atenção do Pedestre                                                                        ,Atropelamento de Pedestre                                                                                                                                                                               ,Com Vítimas Feridas,Plena Noite         ,Céu Claro           ,Dupla               ,Sim       ,Motocicleta         ,Lesões Graves       ,55.0,Masculino           
12788,2017-02-17,RN,110.0,MOSSORO                                                     ,Falta de Atenção à Condução                                                                         ,Colisão traseira                                                                                                                                                                                        ,Com Vítimas Feridas,Plena Noite         ,Nublado             ,Simples             ,Sim       ,Automóvel           ,Ileso               ,38.0,Masculino           
12788,2017-02-17,RN,110.0,MOSSORO                                                     ,Falta de Atenção à Condução                                                                         ,Colisão traseira                                                                                                                                                                                        ,Com Vítimas Feridas,Plena Noite         ,Nublado             ,Simples             ,Sim       ,Motoneta            ,Lesões Leves        ,26.0,Feminino            
12941,2017-02-18,RN,427.0,CAICO                                                       ,Não guardar distância de segurança                                                                  ,Colisão traseira                                                                                                                                                                                        ,Com Vítimas Feridas,Pleno dia           ,Céu Claro           ,Simples             ,Sim       ,Motoneta            ,Lesões Leves        ,24.0,Feminino            
12941,2017-02-18,RN,427.0,CAICO                                                       ,Não guardar distância de segurança                                                                  ,Colisão traseira                                                                                                                                                                                        ,Com Vítimas Feridas,Pleno dia           ,Céu Claro           ,Simples             ,Sim       ,Automóvel           ,Ileso               ,59.0,Masculino           
12947,2017-02-18,RN,427.0,CAICO                                                       ,Falta de Atenção à Condução                                                                         ,Colisão traseira                                                                                                                                                                                        ,Sem Vítimas,Pleno dia           ,Nublado             ,Dupla               ,Não       ,Automóvel           ,Ileso               ,66.0,Masculino           
12947,2017-02-18,RN,427.0,CAICO                                                       ,Falta de Atenção à Condução                                                                         ,Colisão traseira                                                                                                                                                                                        ,Sem Vítimas,Pleno dia           ,Nublado             ,Dupla               ,Não       ,Caminhonete         ,Ileso               ,74.0,Masculino           
12991,2017-02-18,RN,101.0,NATAL                                                       ,Falta de Atenção à Condução                                                                         ,Saída de leito carroçável                                                                                                                                                                               ,Com Vítimas Feridas,Pleno dia           ,Céu Claro           ,Dupla               ,Não       ,Automóvel           ,Lesões Leves        ,33.0,Masculino           
13000,2017-02-18,RN,110.0,MOSSORO                                                     ,Falta de Atenção à Condução                                                                         ,Colisão traseira                                                                                                                                                                                        ,Com Vítimas Feridas,Pleno dia           ,Céu Claro           ,Simples             ,Sim       ,Caminhonete         ,Ileso               ,74.0,Masculino           
13000,2017-02-18,RN,110.0,MOSSORO                                                     ,Falta de Atenção à Condução                                                                         ,Colisão traseira                                                                                                                                                                                        ,Com Vítimas Feridas,Pleno dia           ,Céu Claro           ,Simples             ,Sim       ,Motocicleta         ,Lesões Leves        ,30.0,Masculino           
13120,2017-02-18,RN,226.0,NATAL                                                       ,Ingestão de Álcool                                                                                  ,Colisão lateral                                                                                                                                                                                         ,Com Vítimas Feridas,Plena Noite         ,Céu Claro           ,Simples             ,Sim       ,Motocicleta         ,Lesões Leves        ,36.0,Masculino           
13120,2017-02-18,RN,226.0,NATAL                                                       ,Ingestão de Álcool                                                                                  ,Colisão lateral                                                                                                                                                                                         ,Com Vítimas Feridas,Plena Noite         ,Céu Claro           ,Simples             ,Sim       ,Automóvel           ,Ileso               ,44.0,Masculino           
13249,2017-02-19,RN,101.0,NATAL                                                       ,Pista Escorregadia                                                                                  ,Queda de ocupante de veículo                                                                                                                                                                            ,Com Vítimas Feridas,Pleno dia           ,Chuva               ,Múltipla            ,Sim       ,Motocicleta         ,Lesões Leves        ,37.0,Masculino           
13283,2017-02-19,RN,304.0,MOSSORO                                                     ,Pista Escorregadia                                                                                  ,Colisão traseira                                                                                                                                                                                        ,Com Vítimas Feridas,Pleno dia           ,Chuva               ,Simples             ,Não       ,Automóvel           ,Ileso               ,,Feminino            
13283,2017-02-19,RN,304.0,MOSSORO                                                     ,Pista Escorregadia                                                                                  ,Colisão traseira                                                                                                                                                                                        ,Com Vítimas Feridas,Pleno dia           ,Chuva               ,Simples             ,Não       ,Automóvel           ,Ileso               ,49.0,Feminino            
13283,2017-02-19,RN,304.0,MOSSORO                                                     ,Pista Escorregadia                                                                                  ,Colisão traseira                                                                                                                                                                                        ,Com Vítimas Feridas,Pleno dia           ,Chuva               ,Simples             ,Não       ,Automóvel           ,Não Informado       ,,Não Informado       
13283,2017-02-19,RN,304.0,MOSSORO                                                     ,Pista Escorregadia                                                                                  ,Colisão traseira                                                                                                                                                                                        ,Com Vítimas Feridas,Pleno dia           ,Chuva               ,Simples             ,Não       ,Caminhão            ,Não Informado       ,,Não Informado       
13283,2017-02-19,RN,304.0,MOSSORO                                                     ,Pista Escorregadia                                                                                  ,Colisão traseira                                                                                                                                                                                        ,Com Vítimas Feridas,Pleno dia           ,Chuva               ,Simples             ,Não       ,Automóvel           ,Não Informado       ,,Não Informado       
13283,2017-02-19,RN,304.0,MOSSORO                                                     ,Pista Escorregadia                                                                                  ,Colisão traseira                                                                                                                                                                                        ,Com Vítimas Feridas,Pleno dia           ,Chuva               ,Simples             ,Não       ,Caminhonete         ,Ileso               ,72.0,Masculino           
13283,2017-02-19,RN,304.0,MOSSORO                                                     ,Pista Escorregadia                                                                                  ,Colisão traseira                                                                                                                                                                                        ,Com Vítimas Feridas,Pleno dia           ,Chuva               ,Simples             ,Não       ,Caminhonete         ,Ileso               ,,Masculino           
13283,2017-02-19,RN,304.0,MOSSORO                                                     ,Pista Escorregadia                                                                                  ,Colisão traseira                                                                                                                                                                                        ,Com Vítimas Feridas,Pleno dia           ,Chuva               ,Simples             ,Não       ,Caminhonete         ,Ileso               ,,Feminino            
13283,2017-02-19,RN,304.0,MOSSORO                                                     ,Pista Escorregadia                                                                                  ,Colisão traseira                                                                                                                                                                                        ,Com Vítimas Feridas,Pleno dia           ,Chuva               ,Simples             ,Não       ,Caminhonete         ,Ileso               ,,Feminino            
13283,2017-02-19,RN,304.0,MOSSORO                                                     ,Pista Escorregadia                                                                                  ,Colisão traseira                                                                                                                                                                                        ,Com Vítimas Feridas,Pleno dia           ,Chuva               ,Simples             ,Não       ,Caminhonete         ,Lesões Leves        ,50.0,Feminino            
13283,2017-02-19,RN,304.0,MOSSORO                                                     ,Pista Escorregadia                                                                                  ,Colisão traseira                                                                                                                                                                                        ,Com Vítimas Feridas,Pleno dia           ,Chuva               ,Simples             ,Não       ,Automóvel           ,Lesões Leves        ,,Masculino           
13283,2017-02-19,RN,304.0,MOSSORO                                                     ,Pista Escorregadia                                                                                  ,Colisão traseira                                                                                                                                                                                        ,Com Vítimas Feridas,Pleno dia           ,Chuva               ,Simples             ,Não       ,Automóvel           ,Ileso               ,,Não Informado       
13283,2017-02-19,RN,304.0,MOSSORO                                                     ,Pista Escorregadia                                                                                  ,Colisão traseira                                                                                                                                                                                        ,Com Vítimas Feridas,Pleno dia           ,Chuva               ,Simples             ,Não       ,Automóvel           ,Ileso               ,,Não Informado       
13283,2017-02-19,RN,304.0,MOSSORO                                                     ,Pista Escorregadia                                                                                  ,Colisão traseira                                                                                                                                                                                        ,Com Vítimas Feridas,Pleno dia           ,Chuva               ,Simples             ,Não       ,Automóvel           ,Ileso               ,,Não Informado       
13283,2017-02-19,RN,304.0,MOSSORO                                                     ,Pista Escorregadia                                                                                  ,Colisão traseira                                                                                                                                                                                        ,Com Vítimas Feridas,Pleno dia           ,Chuva               ,Simples             ,Não       ,Automóvel           ,Ileso               ,22.0,Masculino           
13320,2017-02-19,RN,304.0,MOSSORO                                                     ,Pista Escorregadia                                                                                  ,Colisão com objeto estático                                                                                                                                                                             ,Sem Vítimas,Pleno dia           ,Chuva               ,Dupla               ,Sim       ,Automóvel           ,Ileso               ,30.0,Feminino            
13320,2017-02-19,RN,304.0,MOSSORO                                                     ,Pista Escorregadia                                                                                  ,Colisão com objeto estático                                                                                                                                                                             ,Sem Vítimas,Pleno dia           ,Chuva               ,Dupla               ,Sim       ,Caminhonete         ,Ileso               ,38.0,Masculino           
13362,2017-02-19,RN,101.0,PARNAMIRIM                                                  ,Velocidade Incompatível                                                                             ,Colisão com objeto estático                                                                                                                                                                             ,Com Vítimas Feridas,Pleno dia           ,Céu Claro           ,Dupla               ,Sim       ,Utilitário          ,Ileso               ,37.0,Masculino           
13362,2017-02-19,RN,101.0,PARNAMIRIM                                                  ,Velocidade Incompatível                                                                             ,Colisão com objeto estático                                                                                                                                                                             ,Com Vítimas Feridas,Pleno dia           ,Céu Claro           ,Dupla               ,Sim       ,Utilitário          ,Ileso               ,31.0,Masculino           
13362,2017-02-19,RN,101.0,PARNAMIRIM                                                  ,Velocidade Incompatível                                                                             ,Colisão com objeto estático                                                                                                                                                                             ,Com Vítimas Feridas,Pleno dia           ,Céu Claro           ,Dupla               ,Sim       ,Utilitário          ,Ileso               ,51.0,Masculino           
13362,2017-02-19,RN,101.0,PARNAMIRIM                                                  ,Velocidade Incompatível                                                                             ,Colisão com objeto estático                                                                                                                                                                             ,Com Vítimas Feridas,Pleno dia           ,Céu Claro           ,Dupla               ,Sim       ,Automóvel           ,Lesões Graves       ,23.0,Masculino           
13362,2017-02-19,RN,101.0,PARNAMIRIM                                                  ,Velocidade Incompatível                                                                             ,Colisão com objeto estático                                                                                                                                                                             ,Com Vítimas Feridas,Pleno dia           ,Céu Claro           ,Dupla               ,Sim       ,Automóvel           ,Ileso               ,18.0,Masculino           
13375,2017-02-19,RN,101.0,EXTREMOZ                                                    ,Falta de Atenção à Condução                                                                         ,Colisão frontal                                                                                                                                                                                         ,Com Vítimas Feridas,Anoitecer           ,Céu Claro           ,Simples             ,Não       ,Automóvel           ,Ileso               ,63.0,Masculino           
13375,2017-02-19,RN,101.0,EXTREMOZ                                                    ,Falta de Atenção à Condução                                                                         ,Colisão frontal                                                                                                                                                                                         ,Com Vítimas Feridas,Anoitecer           ,Céu Claro           ,Simples             ,Não       ,Bicicleta           ,Lesões Graves       ,21.0,Masculino           
13436,2017-02-19,RN,304.0,MOSSORO                                                     ,Pista Escorregadia                                                                                  ,Capotamento                                                                                                                                                                                             ,Sem Vítimas,Plena Noite         ,Nublado             ,Dupla               ,Sim       ,Automóvel           ,Não Informado       ,,Não Informado       
13436,2017-02-19,RN,304.0,MOSSORO                                                     ,Pista Escorregadia                                                                                  ,Capotamento                                                                                                                                                                                             ,Sem Vítimas,Plena Noite         ,Nublado             ,Dupla               ,Sim       ,Automóvel           ,Ileso               ,26.0,Masculino           
13443,2017-02-19,RN,304.0,MOSSORO                                                     ,Pista Escorregadia                                                                                  ,Colisão com objeto estático                                                                                                                                                                             ,Sem Vítimas,Plena Noite         ,Chuva               ,Dupla               ,Sim       ,Automóvel           ,Não Informado       ,,Não Informado       
13443,2017-02-19,RN,304.0,MOSSORO                                                     ,Pista Escorregadia                                                                                  ,Colisão com objeto estático                                                                                                                                                                             ,Sem Vítimas,Plena Noite         ,Chuva               ,Dupla               ,Sim       ,Automóvel           ,Ileso               ,27.0,Masculino           
13443,2017-02-19,RN,304.0,MOSSORO                                                     ,Pista Escorregadia                                                                                  ,Colisão com objeto estático                                                                                                                                                                             ,Sem Vítimas,Plena Noite         ,Chuva               ,Dupla               ,Sim       ,Automóvel           ,Não Informado       ,,Não Informado       
13443,2017-02-19,RN,304.0,MOSSORO                                                     ,Pista Escorregadia                                                                                  ,Colisão com objeto estático                                                                                                                                                                             ,Sem Vítimas,Plena Noite         ,Chuva               ,Dupla               ,Sim       ,Caminhonete         ,Ileso               ,42.0,Masculino           
13443,2017-02-19,RN,304.0,MOSSORO                                                     ,Pista Escorregadia                                                                                  ,Colisão com objeto estático                                                                                                                                                                             ,Sem Vítimas,Plena Noite         ,Chuva               ,Dupla               ,Sim       ,Caminhonete         ,Ileso               ,52.0,Masculino           
13446,2017-02-19,RN,304.0,MOSSORO                                                     ,Ingestão de Álcool                                                                                  ,Queda de ocupante de veículo                                                                                                                                                                            ,Com Vítimas Feridas,Plena Noite         ,Chuva               ,Simples             ,Sim       ,Motocicleta         ,Lesões Leves        ,33.0,Feminino            
13446,2017-02-19,RN,304.0,MOSSORO                                                     ,Ingestão de Álcool                                                                                  ,Queda de ocupante de veículo                                                                                                                                                                            ,Com Vítimas Feridas,Plena Noite         ,Chuva               ,Simples             ,Sim       ,Motocicleta         ,Lesões Leves        ,35.0,Masculino           
13475,2017-02-20,RN,405.0,MOSSORO                                                     ,Falta de Atenção à Condução                                                                         ,Colisão com objeto estático                                                                                                                                                                             ,Sem Vítimas,Plena Noite         ,Nublado             ,Dupla               ,Sim       ,Automóvel           ,Não Informado       ,,Não Informado       
13588,2017-02-20,RN,304.0,MOSSORO                                                     ,Pista Escorregadia                                                                                  ,Danos eventuais                                                                                                                                                                                         ,Sem Vítimas,Pleno dia           ,Chuva               ,Dupla               ,Sim       ,Caminhão-trator     ,Ileso               ,64.0,Masculino           
13604,2017-02-20,RN,101.0,SAO JOSE DE MIPIBU                                          ,Defeito Mecânico no Veículo                                                                         ,Tombamento                                                                                                                                                                                              ,Com Vítimas Feridas,Pleno dia           ,Sol                 ,Dupla               ,Não       ,Caminhonete         ,Lesões Leves        ,41.0,Masculino           
13604,2017-02-20,RN,101.0,SAO JOSE DE MIPIBU                                          ,Defeito Mecânico no Veículo                                                                         ,Tombamento                                                                                                                                                                                              ,Com Vítimas Feridas,Pleno dia           ,Sol                 ,Dupla               ,Não       ,Caminhonete         ,Lesões Leves        ,40.0,Feminino            
13629,2017-01-19,RN,304.0,ANGICOS                                                     ,Animais na Pista                                                                                    ,Atropelamento de Animal                                                                                                                                                                                 ,Com Vítimas Feridas,Plena Noite         ,Céu Claro           ,Simples             ,Não       ,Automóvel           ,Lesões Leves        ,35.0,Masculino           
13868,2017-02-21,RN,226.0,NATAL                                                       ,Falta de Atenção à Condução                                                                         ,Colisão lateral                                                                                                                                                                                         ,Sem Vítimas,Anoitecer           ,Céu Claro           ,Simples             ,Sim       ,Utilitário          ,Ileso               ,59.0,Masculino           
13868,2017-02-21,RN,226.0,NATAL                                                       ,Falta de Atenção à Condução                                                                         ,Colisão lateral                                                                                                                                                                                         ,Sem Vítimas,Anoitecer           ,Céu Claro           ,Simples             ,Sim       ,Motocicleta         ,Ileso               ,29.0,Masculino           
13908,2017-02-04,RN,304.0,MOSSORO                                                     ,Falta de Atenção à Condução                                                                         ,Colisão traseira                                                                                                                                                                                        ,Com Vítimas Feridas,Pleno dia           ,Céu Claro           ,Simples             ,Não       ,Caminhonete         ,Lesões Graves       ,34.0,Masculino           
13908,2017-02-04,RN,304.0,MOSSORO                                                     ,Falta de Atenção à Condução                                                                         ,Colisão traseira                                                                                                                                                                                        ,Com Vítimas Feridas,Pleno dia           ,Céu Claro           ,Simples             ,Não       ,Caminhonete         ,Lesões Leves        ,47.0,Feminino            
13908,2017-02-04,RN,304.0,MOSSORO                                                     ,Falta de Atenção à Condução                                                                         ,Colisão traseira                                                                                                                                                                                        ,Com Vítimas Feridas,Pleno dia           ,Céu Claro           ,Simples             ,Não       ,Caminhonete         ,Ileso               ,26.0,Masculino           
13908,2017-02-04,RN,304.0,MOSSORO                                                     ,Falta de Atenção à Condução                                                                         ,Colisão traseira                                                                                                                                                                                        ,Com Vítimas Feridas,Pleno dia           ,Céu Claro           ,Simples             ,Não       ,Caminhonete         ,Ileso               ,45.0,Masculino           
14120,2017-02-22,RN,101.0,MAXARANGUAPE                                                ,Animais na Pista                                                                                    ,Capotamento                                                                                                                                                                                             ,Sem Vítimas,Pleno dia           ,Céu Claro           ,Simples             ,Não       ,Caminhonete         ,Ileso               ,33.0,Feminino            
14160,2017-02-23,RN,101.0,SAO GONCALO DO AMARANTE                                     ,Velocidade Incompatível                                                                             ,Colisão traseira                                                                                                                                                                                        ,Com Vítimas Feridas,Pleno dia           ,Chuva               ,Dupla               ,Sim       ,Automóvel           ,Lesões Leves        ,34.0,Feminino            
14160,2017-02-23,RN,101.0,SAO GONCALO DO AMARANTE                                     ,Velocidade Incompatível                                                                             ,Colisão traseira                                                                                                                                                                                        ,Com Vítimas Feridas,Pleno dia           ,Chuva               ,Dupla               ,Sim       ,Ônibus              ,Ileso               ,41.0,Masculino           
14256,2017-02-23,RN,226.0,CURRAIS NOVOS                                               ,Falta de Atenção à Condução                                                                         ,Colisão transversal                                                                                                                                                                                     ,Com Vítimas Feridas,Pleno dia           ,Céu Claro           ,Dupla               ,Sim       ,Motocicleta         ,Lesões Graves       ,57.0,Masculino           
14256,2017-02-23,RN,226.0,CURRAIS NOVOS                                               ,Falta de Atenção à Condução                                                                         ,Colisão transversal                                                                                                                                                                                     ,Com Vítimas Feridas,Pleno dia           ,Céu Claro           ,Dupla               ,Sim       ,Camioneta           ,Ileso               ,64.0,Masculino           
14264,2017-02-23,RN,226.0,LAJES PINTADAS                                              ,Ultrapassagem Indevida                                                                              ,Capotamento                                                                                                                                                                                             ,Com Vítimas Feridas,Pleno dia           ,Céu Claro           ,Simples             ,Não       ,Automóvel           ,Ileso               ,,Não Informado       
14264,2017-02-23,RN,226.0,LAJES PINTADAS                                              ,Ultrapassagem Indevida                                                                              ,Capotamento                                                                                                                                                                                             ,Com Vítimas Feridas,Pleno dia           ,Céu Claro           ,Simples             ,Não       ,Automóvel           ,Lesões Leves        ,31.0,Feminino            
14264,2017-02-23,RN,226.0,LAJES PINTADAS                                              ,Ultrapassagem Indevida                                                                              ,Capotamento                                                                                                                                                                                             ,Com Vítimas Feridas,Pleno dia           ,Céu Claro           ,Simples             ,Não       ,Automóvel           ,Lesões Leves        ,29.0,Masculino           