id,data_inversa,uf,br,municipio,causa_acidente,tipo_acidente,classificacao_acidente,fase_dia,condicao_metereologica,tipo_pista,uso_solo,tipo_veiculo,estado_fisico,idade,sexo
16910,2017-03-04,RN,304.0,MOSSORO                                                     ,Não guardar distância de segurança                                                                  ,Colisão traseira                                                                                                                                                                                        ,Sem Vítimas,Pleno dia           ,Nublado             ,Dupla               ,Sim       ,Automóvel           ,Ileso               ,29.0,Masculino           
16910,2017-03-04,RN,304.0,MOSSORO                                                     ,Não guardar distância de segurança                                                                  ,Colisão traseira                                                                                                                                                                                        ,Sem Vítimas,Pleno dia           ,Nublado             ,Dupla               ,Sim       ,Automóvel           ,Ileso               ,33.0,Masculino           
16966,2017-03-04,RN,226.0,NATAL                                                       ,Desobediência às normas de trânsito pelo condutor                                                   ,Colisão transversal                                                                                                                                                                                     ,Com Vítimas Feridas,Pleno dia           ,Céu Claro           ,Simples             ,Não       ,Motocicleta         ,Lesões Leves        ,28.0,Masculino           
16966,2017-03-04,RN,226.0,NATAL                                                       ,Desobediência às normas de trânsito pelo condutor                                                   ,Colisão transversal                                                                                                                                                                                     ,Com Vítimas Feridas,Pleno dia           ,Céu Claro           ,Simples             ,Não       ,Automóvel           ,Ileso               ,25.0,Masculino           
17146,2017-03-01,RN,405.0,FELIPE GUERRA                                               ,Condutor Dormindo                                                                                   ,Colisão transversal                                                                                                                                                                                     ,Com Vítimas Fatais,Pleno dia           ,Céu Claro           ,Simples             ,Não       ,Automóvel           ,Lesões Graves       ,18.0,Feminino            
17146,2017-03-01,RN,405.0,FELIPE GUERRA                                               ,Condutor Dormindo                                                                                   ,Colisão transversal                                                                                                                                                                                     ,Com Vítimas Fatais,Pleno dia           ,Céu Claro           ,Simples             ,Não       ,Automóvel           ,Lesões Leves        ,25.0,Feminino            
17146,2017-03-01,RN,405.0,FELIPE GUERRA                                               ,Condutor Dormindo                                                                                   ,Colisão transversal                                                                                                                                                                                     ,Com Vítimas Fatais,Pleno dia           ,Céu Claro           ,Simples             ,Não       ,Automóvel           ,Lesões Leves        ,25.0,Masculino           
17146,2017-03-01,RN,405.0,FELIPE GUERRA                                               ,Condutor Dormindo                                                                                   ,Colisão transversal                                                                                                                                                                                     ,Com Vítimas Fatais,Pleno dia           ,Céu Claro           ,Simples             ,Não       ,Automóvel           ,Óbito               ,46.0,Feminino            
17146,2017-03-01,RN,405.0,FELIPE GUERRA                                               ,Condutor Dormindo                                                                                   ,Colisão transversal                                                                                                                                                                                     ,Com Vítimas Fatais,Pleno dia           ,Céu Claro           ,Simples             ,Não       ,Automóvel           ,Óbito               ,21.0,Masculino           
17146,2017-03-01,RN,405.0,FELIPE GUERRA                                               ,Condutor Dormindo                                                                                   ,Colisão transversal                                                                                                                                                                                     ,Com Vítimas Fatais,Pleno dia           ,Céu Claro           ,Simples             ,Não       ,Caminhonete         ,Ileso               ,71.0,Masculino           
17146,2017-03-01,RN,405.0,FELIPE GUERRA                                               ,Condutor Dormindo                                                                                   ,Colisão transversal                                                                                                                                                                                     ,Com Vítimas Fatais,Pleno dia           ,Céu Claro           ,Simples             ,Não       ,Caminhão            ,Não Informado       ,,Não Informado       
17146,2017-03-01,RN,405.0,FELIPE GUERRA                                               ,Condutor Dormindo                                                                                   ,Colisão transversal                                                                                                                                                                                     ,Com Vítimas Fatais,Pleno dia           ,Céu Claro           ,Simples             ,Não       ,Caminhão            ,Ileso               ,37.0,Masculino           
17233,2017-03-05,RN,304.0,ANGICOS                                                     ,Pista Escorregadia                                                                                  ,Colisão com objeto estático                                                                                                                                                                             ,Com Vítimas Feridas,Pleno dia           ,Chuva               ,Simples             ,Não       ,Automóvel           ,Lesões Leves        ,8.0,Masculino           
17233,2017-03-05,RN,304.0,ANGICOS                                                     ,Pista Escorregadia                                                                                  ,Colisão com objeto estático                                                                                                                                                                             ,Com Vítimas Feridas,Pleno dia           ,Chuva               ,Simples             ,Não       ,Automóvel           ,Ileso               ,23.0,Masculino           
17233,2017-03-05,RN,304.0,ANGICOS                                                     ,Pista Escorregadia                                                                                  ,Colisão com objeto estático                                                                                                                                                                             ,Com Vítimas Feridas,Pleno dia           ,Chuva               ,Simples             ,Não       ,Automóvel           ,Ileso               ,4.0,Feminino            
17233,2017-03-05,RN,304.0,ANGICOS                                                     ,Pista Escorregadia                                                                                  ,Colisão com objeto estático                                                                                                                                                                             ,Com Vítimas Feridas,Pleno dia           ,Chuva               ,Simples             ,Não       ,Automóvel           ,Ileso               ,31.0,Masculino           
17233,2017-03-05,RN,304.0,ANGICOS                                                     ,Pista Escorregadia                                                                                  ,Colisão com objeto estático                                                                                                                                                                             ,Com Vítimas Feridas,Pleno dia           ,Chuva               ,Simples             ,Não       ,Automóvel           ,Ileso               ,32.0,Feminino            
17310,2017-03-05,RN,406.0,CEARA-MIRIM                                                 ,Não guardar distância de segurança                                                                  ,Colisão traseira                                                                                                                                                                                        ,Com Vítimas Feridas,Plena Noite         ,Vento               ,Simples             ,Sim       ,Motocicleta         ,Ileso               ,41.0,Masculino           
17310,2017-03-05,RN,406.0,CEARA-MIRIM                                                 ,Não guardar distância de segurança                                                                  ,Colisão traseira                                                                                                                                                                                        ,Com Vítimas Feridas,Plena Noite         ,Vento               ,Simples             ,Sim       ,Motocicleta         ,Lesões Leves        ,36.0,Feminino            
17310,2017-03-05,RN,406.0,CEARA-MIRIM                                                 ,Não guardar distância de segurança                                                                  ,Colisão traseira                                                                                                                                                                                        ,Com Vítimas Feridas,Plena Noite         ,Vento               ,Simples             ,Sim       ,Automóvel           ,Ileso               ,29.0,Feminino            
17334,2017-03-05,RN,304.0,MOSSORO                                                     ,Falta de Atenção à Condução                                                                         ,Saída de leito carroçável                                                                                                                                                                               ,Com Vítimas Feridas,Plena Noite         ,Céu Claro           ,Simples             ,Não       ,Caminhonete         ,Lesões Leves        ,47.0,Masculino           
17334,2017-03-05,RN,304.0,MOSSORO                                                     ,Falta de Atenção à Condução                                                                         ,Saída de leito carroçável                                                                                                                                                                               ,Com Vítimas Feridas,Plena Noite         ,Céu Claro           ,Simples             ,Não       ,Caminhonete         ,Ileso               ,41.0,Masculino           
17354,2017-03-05,RN,406.0,JOAO CAMARA                                                 ,Animais na Pista                                                                                    ,Atropelamento de Animal                                                                                                                                                                                 ,Com Vítimas Fatais,Plena Noite         ,Céu Claro           ,Simples             ,Não       ,Motocicleta         ,Óbito               ,32.0,Masculino           
17440,2017-01-21,RN,110.0,MOSSORO                                                     ,Falta de Atenção à Condução                                                                         ,Colisão traseira                                                                                                                                                                                        ,Com Vítimas Feridas,Pleno dia           ,Sol                 ,Dupla               ,Sim       ,Bicicleta           ,Lesões Graves       ,54.0,Masculino           
17440,2017-01-21,RN,110.0,MOSSORO                                                     ,Falta de Atenção à Condução                                                                         ,Colisão traseira                                                                                                                                                                                        ,Com Vítimas Feridas,Pleno dia           ,Sol                 ,Dupla               ,Sim       ,Ciclomotor          ,Ileso               ,,Masculino           
17508,2017-03-06,RN,110.0,MOSSORO                                                     ,Desobediência às normas de trânsito pelo condutor                                                   ,Colisão frontal                                                                                                                                                                                         ,Com Vítimas Feridas,Pleno dia           ,Garoa/Chuvisco      ,Simples             ,Sim       ,Automóvel           ,Lesões Leves        ,51.0,Masculino           
17508,2017-03-06,RN,110.0,MOSSORO                                                     ,Desobediência às normas de trânsito pelo condutor                                                   ,Colisão frontal                                                                                                                                                                                         ,Com Vítimas Feridas,Pleno dia           ,Garoa/Chuvisco      ,Simples             ,Sim       ,Motocicleta         ,Lesões Leves        ,38.0,Masculino           
17508,2017-03-06,RN,110.0,MOSSORO                                                     ,Desobediência às normas de trânsito pelo condutor                                                   ,Colisão frontal                                                                                                                                                                                         ,Com Vítimas Feridas,Pleno dia           ,Garoa/Chuvisco      ,Simples             ,Sim       ,Motocicleta         ,Lesões Leves        ,23.0,Feminino            
17508,2017-03-06,RN,110.0,MOSSORO                                                     ,Desobediência às normas de trânsito pelo condutor                                                   ,Colisão frontal                                                                                                                                                                                         ,Com Vítimas Feridas,Pleno dia           ,Garoa/Chuvisco      ,Simples             ,Sim       ,Caminhão            ,Ileso               ,,Masculino           
17575,2017-03-06,RN,101.0,NATAL                                                       ,Defeito Mecânico no Veículo                                                                         ,Engavetamento                                                                                                                                                                                           ,Sem Vítimas,Plena Noite         ,Céu Claro           ,Dupla               ,Sim       ,Camioneta           ,Ileso               ,44.0,Masculino           
17575,2017-03-06,RN,101.0,NATAL                                                       ,Defeito Mecânico no Veículo                                                                         ,Engavetamento                                                                                                                                                                                           ,Sem Vítimas,Plena Noite         ,Céu Claro           ,Dupla               ,Sim       ,Automóvel           ,Ileso               ,33.0,Masculino           
17575,2017-03-06,RN,101.0,NATAL                                                       ,Defeito Mecânico no Veículo                                                                         ,Engavetamento                                                                                                                                                                                           ,Sem Vítimas,Plena Noite         ,Céu Claro           ,Dupla               ,Sim       ,Automóvel           ,Ileso               ,33.0,Feminino            
17575,2017-03-06,RN,101.0,NATAL                                                       ,Defeito Mecânico no Veículo                                                                         ,Engavetamento                                                                                                                                                                                           ,Sem Vítimas,Plena Noite         ,Céu Claro           ,Dupla               ,Sim       ,Ônibus              ,Ileso               ,25.0,Masculino           
17575,2017-03-06,RN,101.0,NATAL                                                       ,Defeito Mecânico no Veículo                                                                         ,Engavetamento                                                                                                                                                                                           ,Sem Vítimas,Plena Noite         ,Céu Claro           ,Dupla               ,Sim       ,Camioneta           ,Ileso               ,38.0,Masculino           
17575,2017-03-06,RN,101.0,NATAL                                                       ,Defeito Mecânico no Veículo                                                                         ,Engavetamento                                                                                                                                                                                           ,Sem Vítimas,Plena Noite         ,Céu Claro           ,Dupla               ,Sim       ,Ônibus              ,Ileso               ,27.0,Masculino           
17615,2017-03-06,RN,406.0,CEARA-MIRIM                                                 ,Falta de Atenção à Condução                                                                         ,Colisão com objeto em movimento                                                                                                                                                                         ,Sem Vítimas,Pleno dia           ,Céu Claro           ,Simples             ,Não       ,Motocicleta         ,Ileso               ,23.0,Masculino           
17615,2017-03-06,RN,406.0,CEARA-MIRIM                                                 ,Falta de Atenção à Condução                                                                         ,Colisão com objeto em movimento                                                                                                                                                                         ,Sem Vítimas,Pleno dia           ,Céu Claro           ,Simples             ,Não       ,Camioneta           ,Ileso               ,40.0,Masculino           
17679,2017-03-07,RN,304.0,ACU                                                         ,Falta de Atenção do Pedestre                                                                        ,Atropelamento de Pedestre                                                                                                                                                                               ,Com Vítimas Feridas,Pleno dia           ,Sol                 ,Simples             ,Não       ,Automóvel           ,Lesões Leves        ,59.0,Masculino           
17679,2017-03-07,RN,304.0,ACU                                                         ,Falta de Atenção do Pedestre                                                                        ,Atropelamento de Pedestre                                                                                                                                                                               ,Com Vítimas Feridas,Pleno dia           ,Sol                 ,Simples             ,Não       ,Automóvel           ,Ileso               ,25.0,Masculino           
17783,2017-03-07,RN,101.0,NATAL                                                       ,Ingestão de Álcool                                                                                  ,Colisão transversal                                                                                                                                                                                     ,Sem Vítimas,Anoitecer           ,Céu Claro           ,Dupla               ,Sim       ,Motocicleta         ,Ileso               ,47.0,Masculino           
17783,2017-03-07,RN,101.0,NATAL                                                       ,Ingestão de Álcool                                                                                  ,Colisão transversal                                                                                                                                                                                     ,Sem Vítimas,Anoitecer           ,Céu Claro           ,Dupla               ,Sim       ,Automóvel           ,Ileso               ,33.0,Masculino           
17820,2017-03-07,RN,226.0,MACAIBA                                                     ,Restrição de Visibilidade                                                                           ,Colisão lateral                                                                                                                                                                                         ,Com Vítimas Feridas,Plena Noite         ,Nublado             ,Simples             ,Não       ,Caminhonete         ,Ileso               ,27.0,Masculino           
17820,2017-03-07,RN,226.0,MACAIBA                                                     ,Restrição de Visibilidade                                                                           ,Colisão lateral                                                                                                                                                                                         ,Com Vítimas Feridas,Plena Noite         ,Nublado             ,Simples             ,Não       ,Motocicleta         ,Lesões Graves       ,37.0,Feminino            
18059,2017-03-08,RN,304.0,MOSSORO                                                     ,Não guardar distância de segurança                                                                  ,Colisão lateral                                                                                                                                                                                         ,Com Vítimas Fatais,Plena Noite         ,Céu Claro           ,Dupla               ,Sim       ,Automóvel           ,Ileso               ,,Não Informado       
18059,2017-03-08,RN,304.0,MOSSORO                                                     ,Não guardar distância de segurança                                                                  ,Colisão lateral                                                                                                                                                                                         ,Com Vítimas Fatais,Plena Noite         ,Céu Claro           ,Dupla               ,Sim       ,Motocicleta         ,Óbito               ,53.0,Masculino           
18227,2017-03-09,RN,304.0,ANGICOS                                                     ,Defeito Mecânico no Veículo                                                                         ,Saída de leito carroçável                                                                                                                                                                               ,Com Vítimas Feridas,Pleno dia           ,Nublado             ,Simples             ,Não       ,Automóvel           ,Lesões Leves        ,62.0,Feminino            
18227,2017-03-09,RN,304.0,ANGICOS                                                     ,Defeito Mecânico no Veículo                                                                         ,Saída de leito carroçável                                                                                                                                                                               ,Com Vítimas Feridas,Pleno dia           ,Nublado             ,Simples             ,Não       ,Automóvel           ,Ileso               ,30.0,Feminino            
18227,2017-03-09,RN,304.0,ANGICOS                                                     ,Defeito Mecânico no Veículo                                                                         ,Saída de leito carroçável                                                                                                                                                                               ,Com Vítimas Feridas,Pleno dia           ,Nublado             ,Simples             ,Não       ,Automóvel           ,Ileso               ,63.0,Masculino           
18256,2017-03-09,RN,101.0,SAO GONCALO DO AMARANTE                                     ,Não guardar distância de segurança                                                                  ,Colisão lateral                                                                                                                                                                                         ,Com Vítimas Feridas,Pleno dia           ,Sol                 ,Dupla               ,Sim       ,Motocicleta         ,Lesões Leves        ,40.0,Feminino            
18256,2017-03-09,RN,101.0,SAO GONCALO DO AMARANTE                                     ,Não guardar distância de segurança                                                                  ,Colisão lateral                                                                                                                                                                                         ,Com Vítimas Feridas,Pleno dia           ,Sol                 ,Dupla               ,Sim       ,Motocicleta         ,Lesões Leves        ,41.0,Masculino           
18256,2017-03-09,RN,101.0,SAO GONCALO DO AMARANTE                                     ,Não guardar distância de segurança                                                                  ,Colisão lateral                                                                                                                                                                                         ,Com Vítimas Feridas,Pleno dia           ,Sol                 ,Dupla               ,Sim       ,Caminhonete         ,Não Informado       ,,Não Informado       
18351,2017-03-09,RN,304.0,MACAIBA                                                     ,Falta de Atenção à Condução                                                                         ,Colisão transversal                                                                                                                                                                                     ,Com Vítimas Feridas,Plena Noite         ,Nublado             ,Dupla               ,Não       ,Automóvel           ,Lesões Graves       ,36.0,Masculino           
18351,2017-03-09,RN,304.0,MACAIBA                                                     ,Falta de Atenção à Condução                                                                         ,Colisão transversal                                                                                                                                                                                     ,Com Vítimas Feridas,Plena Noite         ,Nublado             ,Dupla               ,Não       ,Automóvel           ,Ileso               ,51.0,Masculino           
18351,2017-03-09,RN,304.0,MACAIBA                                                     ,Falta de Atenção à Condução                                                                         ,Colisão transversal                                                                                                                                                                                     ,Com Vítimas Feridas,Plena Noite         ,Nublado             ,Dupla               ,Não       ,Utilitário          ,Lesões Leves        ,53.0,Masculino           
18400,2017-03-10,RN,101.0,EXTREMOZ                                                    ,Falta de Atenção à Condução                                                                         ,Colisão transversal                                                                                                                                                                                     ,Com Vítimas Feridas,Pleno dia           ,Céu Claro           ,Simples             ,Não       ,Ônibus              ,Ileso               ,56.0,Masculino           
18400,2017-03-10,RN,101.0,EXTREMOZ                                                    ,Falta de Atenção à Condução                                                                         ,Colisão transversal                                                                                                                                                                                     ,Com Vítimas Feridas,Pleno dia           ,Céu Claro           ,Simples             ,Não       ,Motocicleta         ,Lesões Graves       ,25.0,Masculino           
18479,2017-03-10,RN,304.0,MOSSORO                                                     ,Falta de Atenção à Condução                                                                         ,Colisão traseira                                                                                                                                                                                        ,Com Vítimas Feridas,Pleno dia           ,Sol                 ,Dupla               ,Sim       ,Motoneta            ,Lesões Leves        ,16.0,Masculino           
18479,2017-03-10,RN,304.0,MOSSORO                                                     ,Falta de Atenção à Condução                                                                         ,Colisão traseira                                                                                                                                                                                        ,Com Vítimas Feridas,Pleno dia           ,Sol                 ,Dupla               ,Sim       ,Caminhão            ,Ileso               ,31.0,Masculino           
18724,2017-03-11,RN,304.0,MOSSORO                                                     ,Condutor Dormindo                                                                                   ,Saída de leito carroçável                                                                                                                                                                               ,Com Vítimas Fatais,Pleno dia           ,Nublado             ,Dupla               ,Sim       ,Automóvel           ,Óbito               ,32.0,Masculino           
18794,2017-03-11,RN,101.0,NATAL                                                       ,Falta de Atenção à Condução                                                                         ,Colisão frontal                                                                                                                                                                                         ,Com Vítimas Feridas,Pleno dia           ,Céu Claro           ,Simples             ,Sim       ,Motocicleta         ,Lesões Leves        ,29.0,Masculino           
18794,2017-03-11,RN,101.0,NATAL                                                       ,Falta de Atenção à Condução                                                                         ,Colisão frontal                                                                                                                                                                                         ,Com Vítimas Feridas,Pleno dia           ,Céu Claro           ,Simples             ,Sim       ,Automóvel           ,Ileso               ,70.0,Masculino           
18795,2017-03-11,RN,226.0,CAMPO REDONDO                                               ,Animais na Pista                                                                                    ,Atropelamento de Animal                                                                                                                                                                                 ,Sem Vítimas,Pleno dia           ,Céu Claro           ,Simples             ,Sim       ,Automóvel           ,Ileso               ,36.0,Masculino           
19001,2017-03-12,RN,226.0,NATAL                                                       ,Falta de Atenção à Condução                                                                         ,Colisão lateral                                                                                                                                                                                         ,Com Vítimas Feridas,Plena Noite         ,Céu Claro           ,Simples             ,Sim       ,Motocicleta         ,Lesões Graves       ,43.0,Feminino            
19001,2017-03-12,RN,226.0,NATAL                                                       ,Falta de Atenção à Condução                                                                         ,Colisão lateral                                                                                                                                                                                         ,Com Vítimas Feridas,Plena Noite         ,Céu Claro           ,Simples             ,Sim       ,Motocicleta         ,Lesões Graves       ,42.0,Masculino           
19001,2017-03-12,RN,226.0,NATAL                                                       ,Falta de Atenção à Condução                                                                         ,Colisão lateral                                                                                                                                                                                         ,Com Vítimas Feridas,Plena Noite         ,Céu Claro           ,Simples             ,Sim       ,Automóvel           ,Ileso               ,40.0,Masculino           
19100,2017-03-12,RN,405.0,FELIPE GUERRA                                               ,Animais na Pista                                                                                    ,Capotamento                                                                                                                                                                                             ,Com Vítimas Feridas,Pleno dia           ,Céu Claro           ,Simples             ,Não       ,Automóvel           ,Lesões Leves        ,38.0,Masculino           
19128,2017-03-12,RN,101.0,GOIANINHA                                                   ,Pista Escorregadia                                                                                  ,Saída de leito carroçável                                                                                                                                                                               ,Sem Vítimas,Pleno dia           ,Chuva               ,Dupla               ,Não       ,Automóvel           ,Ileso               ,33.0,Masculino           
19170,2017-03-12,RN,101.0,SAO JOSE DE MIPIBU                                          ,Pista Escorregadia                                                                                  ,Colisão lateral                                                                                                                                                                                         ,Com Vítimas Feridas,Pleno dia           ,Chuva               ,Dupla               ,Não       ,Caminhão-trator     ,Ileso               ,59.0,Masculino           
19170,2017-03-12,RN,101.0,SAO JOSE DE MIPIBU                                          ,Pista Escorregadia                                                                                  ,Colisão lateral                                                                                                                                                                                         ,Com Vítimas Feridas,Pleno dia           ,Chuva               ,Dupla               ,Não       ,Automóvel           ,Ileso               ,52.0,Feminino            
19170,2017-03-12,RN,101.0,SAO JOSE DE MIPIBU                                          ,Pista Escorregadia                                                                                  ,Colisão lateral                                                                                                                                                                                         ,Com Vítimas Feridas,Pleno dia           ,Chuva               ,Dupla               ,Não       ,Automóvel           ,Lesões Leves        ,48.0,Feminino            
19191,2017-03-12,RN,101.0,NATAL                                                       ,Falta de Atenção à Condução                                                                         ,Colisão lateral                                                                                                                                                                                         ,Sem Vítimas,Plena Noite         ,Nublado             ,Dupla               ,Sim       ,Automóvel           ,Ileso               ,42.0,Masculino           
19191,2017-03-12,RN,101.0,NATAL                                                       ,Falta de Atenção à Condução                                                                         ,Colisão lateral                                                                                                                                                                                         ,Sem Vítimas,Plena Noite         ,Nublado             ,Dupla               ,Sim       ,Caminhão            ,Ileso               ,58.0,Masculino           
19201,2017-03-12,RN,101.0,BAIA FORMOSA                                                ,Condutor Dormindo                                                                                   ,Saída de leito carroçável                                                                                                                                                                               ,Com Vítimas Feridas,Anoitecer           ,Chuva               ,Dupla               ,Não       ,Automóvel           ,Lesões Leves        ,61.0,Masculino           
19201,2017-03-12,RN,101.0,BAIA FORMOSA                                                ,Condutor Dormindo                                                                                   ,Saída de leito carroçável                                                                                                                                                                               ,Com Vítimas Feridas,Anoitecer           ,Chuva               ,Dupla               ,Não       ,Automóvel           ,Lesões Leves        ,63.0,Feminino            
19283,2017-03-12,RN,101.0,NATAL                                                       ,Não guardar distância de segurança                                                                  ,Colisão traseira                                                                                                                                                                                        ,Com Vítimas Feridas,Plena Noite         ,Nublado             ,Dupla               ,Sim       ,Motocicleta         ,Lesões Graves       ,37.0,Masculino           
19283,2017-03-12,RN,101.0,NATAL                                                       ,Não guardar distância de segurança                                                                  ,Colisão traseira                                                                                                                                                                                        ,Com Vítimas Feridas,Plena Noite         ,Nublado             ,Dupla               ,Sim       ,Automóvel           ,Ileso               ,33.0,Masculino           
19341,2017-03-13,RN,110.0,MOSSORO                                                     ,Falta de Atenção à Condução                                                                         ,Colisão transversal                                                                                                                                                                                     ,Com Vítimas Feridas,Pleno dia           ,Nublado             ,Simples             ,Sim       ,Motocicleta         ,Lesões Leves        ,36.0,Masculino           
19341,2017-03-13,RN,110.0,MOSSORO                                                     ,Falta de Atenção à Condução                                                                         ,Colisão transversal                                                                                                                                                                                     ,Com Vítimas Feridas,Pleno dia           ,Nublado             ,Simples             ,Sim       ,Ciclomotor          ,Lesões Leves        ,34.0,Masculino           
19347,2017-03-13,RN,101.0,PARNAMIRIM                                                  ,Falta de Atenção à Condução                                                                         ,Colisão traseira                                                                                                                                                                                        ,Com Vítimas Feridas,Pleno dia           ,Céu Claro           ,Dupla               ,Sim       ,Automóvel           ,Ileso               ,31.0,Feminino            
19347,2017-03-13,RN,101.0,PARNAMIRIM                                                  ,Falta de Atenção à Condução                                                                         ,Colisão traseira                                                                                                                                                                                        ,Com Vítimas Feridas,Pleno dia           ,Céu Claro           ,Dupla               ,Sim       ,Motocicleta         ,Lesões Leves        ,38.0,Masculino           
19491,2017-03-13,RN,101.0,PARNAMIRIM                                                  ,Não guardar distância de segurança                                                                  ,Colisão traseira                                                                                                                                                                                        ,Sem Vítimas,Anoitecer           ,Céu Claro           ,Dupla               ,Sim       ,Automóvel           ,Ileso               ,45.0,Feminino            
19491,2017-03-13,RN,101.0,PARNAMIRIM                                                  ,Não guardar distância de segurança                                                                  ,Colisão traseira                                                                                                                                                                                        ,Sem Vítimas,Anoitecer           ,Céu Claro           ,Dupla               ,Sim       ,Caminhonete         ,Ileso               ,45.0,Masculino           
19504,2017-03-13,RN,304.0,PARNAMIRIM                                                  ,Ingestão de Álcool                                                                                  ,Colisão transversal                                                                                                                                                                                     ,Com Vítimas Feridas,Plena Noite         ,Céu Claro           ,Dupla               ,Sim       ,Camioneta           ,Ileso               ,46.0,Masculino           
19504,2017-03-13,RN,304.0,PARNAMIRIM                                                  ,Ingestão de Álcool                                                                                  ,Colisão transversal                                                                                                                                                                                     ,Com Vítimas Feridas,Plena Noite         ,Céu Claro           ,Dupla               ,Sim       ,Bicicleta           ,Lesões Graves       ,36.0,Masculino           
19584,2017-03-14,RN,406.0,CEARA-MIRIM                                                 ,Desobediência às normas de trânsito pelo condutor                                                   ,Colisão transversal                                                                                                                                                                                     ,Com Vítimas Feridas,Pleno dia           ,Nublado             ,Simples             ,Sim       ,Motoneta            ,Lesões Leves        ,22.0,Masculino           
19584,2017-03-14,RN,406.0,CEARA-MIRIM                                                 ,Desobediência às normas de trânsito pelo condutor                                                   ,Colisão transversal                                                                                                                                                                                     ,Com Vítimas Feridas,Pleno dia           ,Nublado             ,Simples             ,Sim       ,Utilitário          ,Ileso               ,40.0,Masculino           
19744,2017-03-14,RN,226.0,BOM JESUS                                                   ,Falta de Atenção à Condução                                                                         ,Colisão transversal                                                                                                                                                                                     ,Com Vítimas Feridas,Plena Noite         ,Céu Claro           ,Simples             ,Sim       ,Motocicleta         ,Lesões Leves        ,20.0,Masculino           
19744,2017-03-14,RN,226.0,BOM JESUS                                                   ,Falta de Atenção à Condução                                                                         ,Colisão transversal                                                                                                                                                                                     ,Com Vítimas Feridas,Plena Noite         ,Céu Claro           ,Simples             ,Sim       ,Automóvel           ,Ileso               ,41.0,Masculino           
19810,2017-03-15,RN,406.0,NATAL                                                       ,Falta de Atenção à Condução                                                                         ,Colisão traseira                                                                                                                                                                                        ,Com Vítimas Feridas,Amanhecer           ,Nublado             ,Simples             ,Sim       ,Automóvel           ,Ileso               ,37.0,Masculino           
19810,2017-03-15,RN,406.0,NATAL                                                       ,Falta de Atenção à Condução                                                                         ,Colisão traseira                                                                                                                                                                                        ,Com Vítimas Feridas,Amanhecer           ,Nublado             ,Simples             ,Sim       ,Motocicleta         ,Lesões Leves        ,28.0,Masculino           
19909,2017-03-15,RN,226.0,SERRA CAIADA                                                ,Falta de Atenção à Condução                                                                         ,Tombamento                                                                                                                                                                                              ,Sem Vítimas,Pleno dia           ,Chuva               ,Simples             ,Não       ,Automóvel           ,Ileso               ,27.0,Masculino           
19949,2017-03-15,RN,101.0,NATAL                                                       ,Não guardar distância de segurança                                                                  ,Colisão traseira                                                                                                                                                                                        ,Sem Vítimas,Anoitecer           ,Céu Claro           ,Múltipla            ,Sim       ,Utilitário          ,Ileso               ,26.0,Feminino            
19949,2017-03-15,RN,101.0,NATAL                                                       ,Não guardar distância de segurança                                                                  ,Colisão traseira                                                                                                                                                                                        ,Sem Vítimas,Anoitecer           ,Céu Claro           ,Múltipla            ,Sim       ,Caminhão            ,Ileso               ,33.0,Masculino           
19949,2017-03-15,RN,101.0,NATAL                                                       ,Não guardar distância de segurança                                                                  ,Colisão traseira                                                                                                                                                                                        ,Sem Vítimas,Anoitecer           ,Céu Claro           ,Múltipla            ,Sim       ,Caminhonete         ,Ileso               ,30.0,Masculino           
20058,2017-03-16,RN,304.0,PARNAMIRIM                                                  ,Pista Escorregadia                                                                                  ,Colisão lateral                                                                                                                                                                                         ,Com Vítimas Feridas,Pleno dia           ,Chuva               ,Dupla               ,Sim       ,Automóvel           ,Não Informado       ,,Não Informado       
20058,2017-03-16,RN,304.0,PARNAMIRIM                                                  ,Pista Escorregadia                                                                                  ,Colisão lateral                                                                                                                                                                                         ,Com Vítimas Feridas,Pleno dia           ,Chuva               ,Dupla               ,Sim       ,Automóvel           ,Ileso               ,41.0,Masculino           
20058,2017-03-16,RN,304.0,PARNAMIRIM                                                  ,Pista Escorregadia                                                                                  ,Colisão lateral                                                                                                                                                                                         ,Com Vítimas Feridas,Pleno dia           ,Chuva               ,Dupla               ,Sim       ,Automóvel           ,Lesões Leves        ,906.0,Feminino            
20093,2017-02-04,RN,101.0,NATAL                                                       ,Não guardar distância de segurança                                                                  ,Colisão traseira                                                                                                                                                                                        ,Com Vítimas Feridas,Pleno dia           ,Chuva               ,Dupla               ,Sim       ,Motocicleta         ,Lesões Leves        ,35.0,Masculino           
20093,2017-02-04,RN,101.0,NATAL                                                       ,Não guardar distância de segurança                                                                  ,Colisão traseira                                                                                                                                                                                        ,Com Vítimas Feridas,Pleno dia           ,Chuva               ,Dupla               ,Sim       ,Motocicleta         ,Lesões Graves       ,25.0,Masculino           