id,data_inversa,uf,br,municipio,causa_acidente,tipo_acidente,classificacao_acidente,fase_dia,condicao_metereologica,tipo_pista,uso_solo,tipo_veiculo,estado_fisico,idade,sexo
22186,2017-03-23,RN,406.0,SAO GONCALO DO AMARANTE                                     ,Desobediência às normas de trânsito pelo condutor                                                   ,Colisão transversal                                                                                                                                                                                     ,Com Vítimas Feridas,Plena Noite         ,Céu Claro           ,Dupla               ,Não       ,Motocicleta         ,Lesões Graves       ,31.0,Masculino           
22186,2017-03-23,RN,406.0,SAO GONCALO DO AMARANTE                                     ,Desobediência às normas de trânsito pelo condutor                                                   ,Colisão transversal                                                                                                                                                                                     ,Com Vítimas Feridas,Plena Noite         ,Céu Claro           ,Dupla               ,Não       ,Ciclomotor          ,Lesões Leves        ,19.0,Masculino           
22370,2017-03-24,RN,406.0,SAO GONCALO DO AMARANTE                                     ,Animais na Pista                                                                                    ,Atropelamento de Animal                                                                                                                                                                                 ,Com Vítimas Feridas,Pleno dia           ,Céu Claro           ,Simples             ,Não       ,Motocicleta         ,Lesões Graves       ,28.0,Masculino           
22370,2017-03-24,RN,406.0,SAO GONCALO DO AMARANTE                                     ,Animais na Pista                                                                                    ,Atropelamento de Animal                                                                                                                                                                                 ,Com Vítimas Feridas,Pleno dia           ,Céu Claro           ,Simples             ,Não       ,Motocicleta         ,Lesões Leves        ,60.0,Feminino            
22468,2017-03-24,RN,226.0,MACAIBA                                                     ,Objeto estático sobre o leito carroçável                                                            ,Queda de ocupante de veículo                                                                                                                                                                            ,Com Vítimas Feridas,Plena Noite         ,Céu Claro           ,Simples             ,Não       ,Motocicleta         ,Lesões Leves        ,38.0,Masculino           
22498,2017-03-24,RN,110.0,MOSSORO                                                     ,Falta de Atenção à Condução                                                                         ,Colisão transversal                                                                                                                                                                                     ,Com Vítimas Feridas,Plena Noite         ,Nublado             ,Dupla               ,Sim       ,Automóvel           ,Ileso               ,36.0,Masculino           
22498,2017-03-24,RN,110.0,MOSSORO                                                     ,Falta de Atenção à Condução                                                                         ,Colisão transversal                                                                                                                                                                                     ,Com Vítimas Feridas,Plena Noite         ,Nublado             ,Dupla               ,Sim       ,Automóvel           ,Ileso               ,25.0,Feminino            
22498,2017-03-24,RN,110.0,MOSSORO                                                     ,Falta de Atenção à Condução                                                                         ,Colisão transversal                                                                                                                                                                                     ,Com Vítimas Feridas,Plena Noite         ,Nublado             ,Dupla               ,Sim       ,Automóvel           ,Lesões Leves        ,2.0,Masculino           
22498,2017-03-24,RN,110.0,MOSSORO                                                     ,Falta de Atenção à Condução                                                                         ,Colisão transversal                                                                                                                                                                                     ,Com Vítimas Feridas,Plena Noite         ,Nublado             ,Dupla               ,Sim       ,Caminhonete         ,Ileso               ,24.0,Feminino            
22498,2017-03-24,RN,110.0,MOSSORO                                                     ,Falta de Atenção à Condução                                                                         ,Colisão transversal                                                                                                                                                                                     ,Com Vítimas Feridas,Plena Noite         ,Nublado             ,Dupla               ,Sim       ,Caminhonete         ,Ileso               ,26.0,Masculino           
22498,2017-03-24,RN,110.0,MOSSORO                                                     ,Falta de Atenção à Condução                                                                         ,Colisão transversal                                                                                                                                                                                     ,Com Vítimas Feridas,Plena Noite         ,Nublado             ,Dupla               ,Sim       ,Caminhonete         ,Ileso               ,,Masculino           
22509,2017-03-24,RN,405.0,RAFAEL FERNANDES                                            ,Falta de Atenção à Condução                                                                         ,Colisão transversal                                                                                                                                                                                     ,Com Vítimas Feridas,Anoitecer           ,Nublado             ,Simples             ,Não       ,Motocicleta         ,Lesões Graves       ,27.0,Masculino           
22509,2017-03-24,RN,405.0,RAFAEL FERNANDES                                            ,Falta de Atenção à Condução                                                                         ,Colisão transversal                                                                                                                                                                                     ,Com Vítimas Feridas,Anoitecer           ,Nublado             ,Simples             ,Não       ,Automóvel           ,Ileso               ,48.0,Masculino           
22509,2017-03-24,RN,405.0,RAFAEL FERNANDES                                            ,Falta de Atenção à Condução                                                                         ,Colisão transversal                                                                                                                                                                                     ,Com Vítimas Feridas,Anoitecer           ,Nublado             ,Simples             ,Não       ,Automóvel           ,Ileso               ,45.0,Feminino            
22532,2017-03-24,RN,101.0,PARNAMIRIM                                                  ,Ingestão de Álcool                                                                                  ,Saída de leito carroçável                                                                                                                                                                               ,Com Vítimas Feridas,Plena Noite         ,Céu Claro           ,Dupla               ,Sim       ,Automóvel           ,Lesões Leves        ,20.0,Masculino           
22593,2017-03-25,RN,101.0,SAO JOSE DE MIPIBU                                          ,Falta de Atenção à Condução                                                                         ,Colisão traseira                                                                                                                                                                                        ,Sem Vítimas,Pleno dia           ,Nublado             ,Múltipla            ,Não       ,Automóvel           ,Ileso               ,62.0,Masculino           
22593,2017-03-25,RN,101.0,SAO JOSE DE MIPIBU                                          ,Falta de Atenção à Condução                                                                         ,Colisão traseira                                                                                                                                                                                        ,Sem Vítimas,Pleno dia           ,Nublado             ,Múltipla            ,Não       ,Utilitário          ,Ileso               ,30.0,Masculino           
22670,2017-03-25,RN,101.0,PARNAMIRIM                                                  ,Não guardar distância de segurança                                                                  ,Colisão traseira                                                                                                                                                                                        ,Com Vítimas Feridas,Pleno dia           ,Céu Claro           ,Dupla               ,Não       ,Motocicleta         ,Lesões Leves        ,31.0,Masculino           
22739,2017-03-25,RN,110.0,MOSSORO                                                     ,Ingestão de Álcool                                                                                  ,Atropelamento de Pedestre                                                                                                                                                                               ,Com Vítimas Feridas,Plena Noite         ,Céu Claro           ,Simples             ,Sim       ,Ciclomotor          ,Lesões Leves        ,18.0,Feminino            
22739,2017-03-25,RN,110.0,MOSSORO                                                     ,Ingestão de Álcool                                                                                  ,Atropelamento de Pedestre                                                                                                                                                                               ,Com Vítimas Feridas,Plena Noite         ,Céu Claro           ,Simples             ,Sim       ,Ciclomotor          ,Lesões Leves        ,60.0,Masculino           
22739,2017-03-25,RN,110.0,MOSSORO                                                     ,Ingestão de Álcool                                                                                  ,Atropelamento de Pedestre                                                                                                                                                                               ,Com Vítimas Feridas,Plena Noite         ,Céu Claro           ,Simples             ,Sim       ,Ciclomotor          ,Lesões Leves        ,37.0,Masculino           
22753,2017-03-25,RN,110.0,MOSSORO                                                     ,Animais na Pista                                                                                    ,Queda de ocupante de veículo                                                                                                                                                                            ,Com Vítimas Feridas,Plena Noite         ,Nublado             ,Dupla               ,Sim       ,Ciclomotor          ,Lesões Leves        ,28.0,Masculino           
22753,2017-03-25,RN,110.0,MOSSORO                                                     ,Animais na Pista                                                                                    ,Queda de ocupante de veículo                                                                                                                                                                            ,Com Vítimas Feridas,Plena Noite         ,Nublado             ,Dupla               ,Sim       ,Ciclomotor          ,Ileso               ,24.0,Masculino           
22758,2017-03-25,RN,304.0,ACU                                                         ,Ultrapassagem Indevida                                                                              ,Colisão frontal                                                                                                                                                                                         ,Com Vítimas Fatais,Plena Noite         ,Céu Claro           ,Simples             ,Não       ,Motocicleta         ,Óbito               ,35.0,Masculino           
22758,2017-03-25,RN,304.0,ACU                                                         ,Ultrapassagem Indevida                                                                              ,Colisão frontal                                                                                                                                                                                         ,Com Vítimas Fatais,Plena Noite         ,Céu Claro           ,Simples             ,Não       ,Automóvel           ,Ileso               ,,Ignorado            
22758,2017-03-25,RN,304.0,ACU                                                         ,Ultrapassagem Indevida                                                                              ,Colisão frontal                                                                                                                                                                                         ,Com Vítimas Fatais,Plena Noite         ,Céu Claro           ,Simples             ,Não       ,Caminhão-trator     ,Ileso               ,,Ignorado            
22793,2017-03-25,RN,226.0,NATAL                                                       ,Falta de Atenção à Condução                                                                         ,Colisão transversal                                                                                                                                                                                     ,Com Vítimas Feridas,Plena Noite         ,Nublado             ,Dupla               ,Sim       ,Ciclomotor          ,Lesões Leves        ,43.0,Masculino           
22793,2017-03-25,RN,226.0,NATAL                                                       ,Falta de Atenção à Condução                                                                         ,Colisão transversal                                                                                                                                                                                     ,Com Vítimas Feridas,Plena Noite         ,Nublado             ,Dupla               ,Sim       ,Automóvel           ,Ileso               ,37.0,Feminino            
22795,2017-03-25,RN,304.0,MOSSORO                                                     ,Sinalização da via insuficiente ou inadequada                                                       ,Colisão com objeto estático                                                                                                                                                                             ,Sem Vítimas,Plena Noite         ,Céu Claro           ,Dupla               ,Sim       ,Caminhonete         ,Ileso               ,43.0,Feminino            
22795,2017-03-25,RN,304.0,MOSSORO                                                     ,Sinalização da via insuficiente ou inadequada                                                       ,Colisão com objeto estático                                                                                                                                                                             ,Sem Vítimas,Plena Noite         ,Céu Claro           ,Dupla               ,Sim       ,Caminhonete         ,Ileso               ,39.0,Masculino           
22795,2017-03-25,RN,304.0,MOSSORO                                                     ,Sinalização da via insuficiente ou inadequada                                                       ,Colisão com objeto estático                                                                                                                                                                             ,Sem Vítimas,Plena Noite         ,Céu Claro           ,Dupla               ,Sim       ,Caminhonete         ,Ileso               ,13.0,Masculino           
22795,2017-03-25,RN,304.0,MOSSORO                                                     ,Sinalização da via insuficiente ou inadequada                                                       ,Colisão com objeto estático                                                                                                                                                                             ,Sem Vítimas,Plena Noite         ,Céu Claro           ,Dupla               ,Sim       ,Caminhão-trator     ,Ileso               ,37.0,Masculino           
22874,2017-03-26,RN,406.0,JOAO CAMARA                                                 ,Falta de Atenção à Condução                                                                         ,Colisão frontal                                                                                                                                                                                         ,Com Vítimas Feridas,Amanhecer           ,Céu Claro           ,Simples             ,Não       ,Camioneta           ,Lesões Graves       ,37.0,Masculino           
22874,2017-03-26,RN,406.0,JOAO CAMARA                                                 ,Falta de Atenção à Condução                                                                         ,Colisão frontal                                                                                                                                                                                         ,Com Vítimas Feridas,Amanhecer           ,Céu Claro           ,Simples             ,Não       ,Caminhão            ,Lesões Leves        ,18.0,Masculino           
22874,2017-03-26,RN,406.0,JOAO CAMARA                                                 ,Falta de Atenção à Condução                                                                         ,Colisão frontal                                                                                                                                                                                         ,Com Vítimas Feridas,Amanhecer           ,Céu Claro           ,Simples             ,Não       ,Caminhão            ,Lesões Leves        ,50.0,Masculino           
22874,2017-03-26,RN,406.0,JOAO CAMARA                                                 ,Falta de Atenção à Condução                                                                         ,Colisão frontal                                                                                                                                                                                         ,Com Vítimas Feridas,Amanhecer           ,Céu Claro           ,Simples             ,Não       ,Caminhão            ,Lesões Leves        ,45.0,Feminino            
22886,2017-03-23,RN,101.0,ARES                                                        ,Não guardar distância de segurança                                                                  ,Tombamento                                                                                                                                                                                              ,Sem Vítimas,Plena Noite         ,Chuva               ,Dupla               ,Não       ,Caminhão            ,Ileso               ,62.0,Masculino           
22936,2017-03-26,RN,304.0,MACAIBA                                                     ,Falta de Atenção à Condução                                                                         ,Colisão lateral                                                                                                                                                                                         ,Com Vítimas Feridas,Pleno dia           ,Céu Claro           ,Dupla               ,Sim       ,Motocicleta         ,Lesões Leves        ,30.0,Masculino           
22967,2017-03-26,RN,101.0,PARNAMIRIM                                                  ,Falta de Atenção à Condução                                                                         ,Tombamento                                                                                                                                                                                              ,Com Vítimas Feridas,Pleno dia           ,Céu Claro           ,Dupla               ,Não       ,Motocicleta         ,Lesões Leves        ,41.0,Masculino           
22967,2017-03-26,RN,101.0,PARNAMIRIM                                                  ,Falta de Atenção à Condução                                                                         ,Tombamento                                                                                                                                                                                              ,Com Vítimas Feridas,Pleno dia           ,Céu Claro           ,Dupla               ,Não       ,Motocicleta         ,Lesões Leves        ,10.0,Masculino           
22989,2017-03-26,RN,304.0,MOSSORO                                                     ,Fenômenos da Natureza                                                                               ,Saída de leito carroçável                                                                                                                                                                               ,Sem Vítimas,Pleno dia           ,Chuva               ,Dupla               ,Sim       ,Automóvel           ,Ileso               ,30.0,Masculino           
23005,2017-03-26,RN,304.0,MOSSORO                                                     ,Ingestão de Álcool                                                                                  ,Colisão transversal                                                                                                                                                                                     ,Com Vítimas Feridas,Plena Noite         ,Ignorado            ,Dupla               ,Sim       ,Motocicleta         ,Lesões Graves       ,43.0,Masculino           
23005,2017-03-26,RN,304.0,MOSSORO                                                     ,Ingestão de Álcool                                                                                  ,Colisão transversal                                                                                                                                                                                     ,Com Vítimas Feridas,Plena Noite         ,Ignorado            ,Dupla               ,Sim       ,Automóvel           ,Ileso               ,25.0,Masculino           
23027,2017-03-26,RN,101.0,NATAL                                                       ,Falta de Atenção à Condução                                                                         ,Colisão lateral                                                                                                                                                                                         ,Com Vítimas Feridas,Plena Noite         ,Céu Claro           ,Dupla               ,Sim       ,Automóvel           ,Ileso               ,26.0,Masculino           
23027,2017-03-26,RN,101.0,NATAL                                                       ,Falta de Atenção à Condução                                                                         ,Colisão lateral                                                                                                                                                                                         ,Com Vítimas Feridas,Plena Noite         ,Céu Claro           ,Dupla               ,Sim       ,Motocicleta         ,Lesões Graves       ,31.0,Masculino           
23069,2017-03-26,RN,226.0,SANTA CRUZ                                                  ,Desobediência às normas de trânsito pelo condutor                                                   ,Queda de ocupante de veículo                                                                                                                                                                            ,Com Vítimas Feridas,Plena Noite         ,Céu Claro           ,Simples             ,Não       ,Motocicleta         ,Lesões Graves       ,26.0,Masculino           
23248,2017-03-27,RN,405.0,APODI                                                       ,Falta de Atenção à Condução                                                                         ,Colisão com objeto estático                                                                                                                                                                             ,Com Vítimas Feridas,Pleno dia           ,Nublado             ,Simples             ,Sim       ,Motocicleta         ,Lesões Graves       ,37.0,Feminino            
23426,2017-03-28,RN,304.0,MACAIBA                                                     ,Falta de Atenção à Condução                                                                         ,Colisão lateral                                                                                                                                                                                         ,Com Vítimas Feridas,Pleno dia           ,Sol                 ,Dupla               ,Sim       ,Camioneta           ,Ileso               ,50.0,Masculino           
23426,2017-03-28,RN,304.0,MACAIBA                                                     ,Falta de Atenção à Condução                                                                         ,Colisão lateral                                                                                                                                                                                         ,Com Vítimas Feridas,Pleno dia           ,Sol                 ,Dupla               ,Sim       ,Motocicleta         ,Lesões Leves        ,38.0,Masculino           
23570,2017-03-28,RN,304.0,MOSSORO                                                     ,Pista Escorregadia                                                                                  ,Capotamento                                                                                                                                                                                             ,Sem Vítimas,Pleno dia           ,Chuva               ,Dupla               ,Sim       ,Automóvel           ,Ileso               ,25.0,Masculino           
23849,2017-03-29,RN,101.0,PARNAMIRIM                                                  ,Falta de Atenção à Condução                                                                         ,Colisão frontal                                                                                                                                                                                         ,Com Vítimas Feridas,Plena Noite         ,Céu Claro           ,Dupla               ,Sim       ,Bicicleta           ,Lesões Leves        ,61.0,Masculino           
23849,2017-03-29,RN,101.0,PARNAMIRIM                                                  ,Falta de Atenção à Condução                                                                         ,Colisão frontal                                                                                                                                                                                         ,Com Vítimas Feridas,Plena Noite         ,Céu Claro           ,Dupla               ,Sim       ,Bicicleta           ,Lesões Leves        ,47.0,Masculino           
23854,2017-03-29,RN,304.0,MOSSORO                                                     ,Falta de Atenção do Pedestre                                                                        ,Atropelamento de Pedestre                                                                                                                                                                               ,Com Vítimas Fatais,Plena Noite         ,Céu Claro           ,Dupla               ,Sim       ,Caminhão            ,Óbito               ,80.0,Masculino           
23854,2017-03-29,RN,304.0,MOSSORO                                                     ,Falta de Atenção do Pedestre                                                                        ,Atropelamento de Pedestre                                                                                                                                                                               ,Com Vítimas Fatais,Plena Noite         ,Céu Claro           ,Dupla               ,Sim       ,Caminhão            ,Ileso               ,44.0,Masculino           
23862,2017-03-29,RN,101.0,NATAL                                                       ,Não guardar distância de segurança                                                                  ,Engavetamento                                                                                                                                                                                           ,Sem Vítimas,Plena Noite         ,Céu Claro           ,Simples             ,Sim       ,Automóvel           ,Ileso               ,39.0,Masculino           
23862,2017-03-29,RN,101.0,NATAL                                                       ,Não guardar distância de segurança                                                                  ,Engavetamento                                                                                                                                                                                           ,Sem Vítimas,Plena Noite         ,Céu Claro           ,Simples             ,Sim       ,Automóvel           ,Ileso               ,26.0,Masculino           
23862,2017-03-29,RN,101.0,NATAL                                                       ,Não guardar distância de segurança                                                                  ,Engavetamento                                                                                                                                                                                           ,Sem Vítimas,Plena Noite         ,Céu Claro           ,Simples             ,Sim       ,Automóvel           ,Não Informado       ,,Não Informado       
23904,2017-03-30,RN,304.0,ANGICOS                                                     ,Condutor Dormindo                                                                                   ,Colisão traseira                                                                                                                                                                                        ,Com Vítimas Fatais,Plena Noite         ,Céu Claro           ,Simples             ,Não       ,Semireboque         ,Não Informado       ,,Não Informado       
23904,2017-03-30,RN,304.0,ANGICOS                                                     ,Condutor Dormindo                                                                                   ,Colisão traseira                                                                                                                                                                                        ,Com Vítimas Fatais,Plena Noite         ,Céu Claro           ,Simples             ,Não       ,Caminhão            ,Óbito               ,31.0,Masculino           
23965,2017-03-30,RN,405.0,GOVERNADOR DIX-SEPT ROSADO                                  ,Falta de Atenção à Condução                                                                         ,Tombamento                                                                                                                                                                                              ,Sem Vítimas,Pleno dia           ,Nublado             ,Simples             ,Não       ,Caminhão            ,Ileso               ,48.0,Masculino           
23969,2017-03-30,RN,405.0,MOSSORO                                                     ,Animais na Pista                                                                                    ,Atropelamento de Animal                                                                                                                                                                                 ,Com Vítimas Feridas,Pleno dia           ,Céu Claro           ,Simples             ,Sim       ,Motocicleta         ,Lesões Leves        ,31.0,Masculino           
24036,2017-03-30,RN,226.0,NATAL                                                       ,Falta de Atenção à Condução                                                                         ,Colisão lateral                                                                                                                                                                                         ,Com Vítimas Feridas,Pleno dia           ,Céu Claro           ,Simples             ,Sim       ,Automóvel           ,Ileso               ,36.0,Feminino            
24036,2017-03-30,RN,226.0,NATAL                                                       ,Falta de Atenção à Condução                                                                         ,Colisão lateral                                                                                                                                                                                         ,Com Vítimas Feridas,Pleno dia           ,Céu Claro           ,Simples             ,Sim       ,Automóvel           ,Ileso               ,28.0,Masculino           
24036,2017-03-30,RN,226.0,NATAL                                                       ,Falta de Atenção à Condução                                                                         ,Colisão lateral                                                                                                                                                                                         ,Com Vítimas Feridas,Pleno dia           ,Céu Claro           ,Simples             ,Sim       ,Automóvel           ,Ileso               ,10.0,Feminino            
24036,2017-03-30,RN,226.0,NATAL                                                       ,Falta de Atenção à Condução                                                                         ,Colisão lateral                                                                                                                                                                                         ,Com Vítimas Feridas,Pleno dia           ,Céu Claro           ,Simples             ,Sim       ,Motoneta            ,Lesões Leves        ,21.0,Masculino           
24118,2017-03-30,RN,406.0,SAO GONCALO DO AMARANTE                                     ,Ingestão de Álcool                                                                                  ,Colisão lateral                                                                                                                                                                                         ,Sem Vítimas,Plena Noite         ,Vento               ,Dupla               ,Sim       ,Automóvel           ,Ileso               ,57.0,Masculino           
24118,2017-03-30,RN,406.0,SAO GONCALO DO AMARANTE                                     ,Ingestão de Álcool                                                                                  ,Colisão lateral                                                                                                                                                                                         ,Sem Vítimas,Plena Noite         ,Vento               ,Dupla               ,Sim       ,Caminhonete         ,Ileso               ,58.0,Masculino           
24179,2017-03-31,RN,405.0,GOVERNADOR DIX-SEPT ROSADO                                  ,Falta de Atenção à Condução                                                                         ,Colisão transversal                                                                                                                                                                                     ,Com Vítimas Feridas,Pleno dia           ,Céu Claro           ,Simples             ,Não       ,Motocicleta         ,Lesões Leves        ,39.0,Masculino           
24179,2017-03-31,RN,405.0,GOVERNADOR DIX-SEPT ROSADO                                  ,Falta de Atenção à Condução                                                                         ,Colisão transversal                                                                                                                                                                                     ,Com Vítimas Feridas,Pleno dia           ,Céu Claro           ,Simples             ,Não       ,Caminhão-trator     ,Ileso               ,65.0,Masculino           
24390,2017-03-31,RN,101.0,PARNAMIRIM                                                  ,Desobediência às normas de trânsito pelo condutor                                                   ,Colisão transversal                                                                                                                                                                                     ,Com Vítimas Feridas,Plena Noite         ,Céu Claro           ,Dupla               ,Sim       ,Automóvel           ,Ileso               ,30.0,Masculino           
24390,2017-03-31,RN,101.0,PARNAMIRIM                                                  ,Desobediência às normas de trânsito pelo condutor                                                   ,Colisão transversal                                                                                                                                                                                     ,Com Vítimas Feridas,Plena Noite         ,Céu Claro           ,Dupla               ,Sim       ,Motoneta            ,Lesões Leves        ,35.0,Masculino           
24391,2017-03-31,RN,304.0,MOSSORO                                                     ,Pista Escorregadia                                                                                  ,Colisão com objeto estático                                                                                                                                                                             ,Sem Vítimas,Pleno dia           ,Chuva               ,Dupla               ,Sim       ,Caminhão            ,Ileso               ,31.0,Masculino           
24445,2017-04-01,RN,101.0,NATAL                                                       ,Ingestão de Álcool                                                                                  ,Colisão transversal                                                                                                                                                                                     ,Com Vítimas Feridas,Pleno dia           ,Céu Claro           ,Múltipla            ,Sim       ,Automóvel           ,Ileso               ,47.0,Masculino           
24445,2017-04-01,RN,101.0,NATAL                                                       ,Ingestão de Álcool                                                                                  ,Colisão transversal                                                                                                                                                                                     ,Com Vítimas Feridas,Pleno dia           ,Céu Claro           ,Múltipla            ,Sim       ,Motocicleta         ,Lesões Leves        ,31.0,Masculino           
24494,2017-04-01,RN,101.0,PARNAMIRIM                                                  ,Ultrapassagem Indevida                                                                              ,Colisão lateral                                                                                                                                                                                         ,Com Vítimas Feridas,Pleno dia           ,Céu Claro           ,Dupla               ,Sim       ,Caminhonete         ,Não Informado       ,,Não Informado       
24494,2017-04-01,RN,101.0,PARNAMIRIM                                                  ,Ultrapassagem Indevida                                                                              ,Colisão lateral                                                                                                                                                                                         ,Com Vítimas Feridas,Pleno dia           ,Céu Claro           ,Dupla               ,Sim       ,Motocicleta         ,Lesões Leves        ,24.0,Feminino            
24521,2017-04-01,RN,101.0,NATAL                                                       ,Objeto estático sobre o leito carroçável                                                            ,Tombamento                                                                                                                                                                                              ,Com Vítimas Feridas,Pleno dia           ,Céu Claro           ,Dupla               ,Sim       ,Motocicleta         ,Lesões Leves        ,22.0,Feminino            
24521,2017-04-01,RN,101.0,NATAL                                                       ,Objeto estático sobre o leito carroçável                                                            ,Tombamento                                                                                                                                                                                              ,Com Vítimas Feridas,Pleno dia           ,Céu Claro           ,Dupla               ,Sim       ,Motocicleta         ,Lesões Leves        ,23.0,Masculino           
24521,2017-04-01,RN,101.0,NATAL                                                       ,Objeto estático sobre o leito carroçável                                                            ,Tombamento                                                                                                                                                                                              ,Com Vítimas Feridas,Pleno dia           ,Céu Claro           ,Dupla               ,Sim       ,Automóvel           ,Não Informado       ,,Não Informado       
24644,2017-04-01,RN,101.0,NATAL                                                       ,Ingestão de Álcool                                                                                  ,Colisão transversal                                                                                                                                                                                     ,Com Vítimas Feridas,Plena Noite         ,Céu Claro           ,Dupla               ,Sim       ,Bicicleta           ,Lesões Leves        ,51.0,Masculino           
24644,2017-04-01,RN,101.0,NATAL                                                       ,Ingestão de Álcool                                                                                  ,Colisão transversal                                                                                                                                                                                     ,Com Vítimas Feridas,Plena Noite         ,Céu Claro           ,Dupla               ,Sim       ,Motocicleta         ,Lesões Leves        ,24.0,Masculino           
24645,2017-04-01,RN,304.0,MOSSORO                                                     ,Desobediência às normas de trânsito pelo condutor                                                   ,Colisão frontal                                                                                                                                                                                         ,Com Vítimas Feridas,Plena Noite         ,Chuva               ,Dupla               ,Sim       ,Automóvel           ,Não Informado       ,,Não Informado       
24645,2017-04-01,RN,304.0,MOSSORO                                                     ,Desobediência às normas de trânsito pelo condutor                                                   ,Colisão frontal                                                                                                                                                                                         ,Com Vítimas Feridas,Plena Noite         ,Chuva               ,Dupla               ,Sim       ,Motocicleta         ,Lesões Graves       ,47.0,Feminino            
24645,2017-04-01,RN,304.0,MOSSORO                                                     ,Desobediência às normas de trânsito pelo condutor                                                   ,Colisão frontal                                                                                                                                                                                         ,Com Vítimas Feridas,Plena Noite         ,Chuva               ,Dupla               ,Sim       ,Motocicleta         ,Lesões Leves        ,42.0,Masculino           
24666,2017-04-01,RN,226.0,MACAIBA                                                     ,Ingestão de Álcool                                                                                  ,Colisão frontal                                                                                                                                                                                         ,Com Vítimas Feridas,Plena Noite         ,Céu Claro           ,Simples             ,Sim       ,Motocicleta         ,Lesões Graves       ,33.0,Masculino           
24666,2017-04-01,RN,226.0,MACAIBA                                                     ,Ingestão de Álcool                                                                                  ,Colisão frontal                                                                                                                                                                                         ,Com Vítimas Feridas,Plena Noite         ,Céu Claro           ,Simples             ,Sim       ,Ciclomotor          ,Lesões Graves       ,24.0,Masculino           
24759,2017-04-02,RN,101.0,PARNAMIRIM                                                  ,Não guardar distância de segurança                                                                  ,Colisão traseira                                                                                                                                                                                        ,Com Vítimas Feridas,Amanhecer           ,Chuva               ,Dupla               ,Sim       ,Automóvel           ,Não Informado       ,,Não Informado       
24759,2017-04-02,RN,101.0,PARNAMIRIM                                                  ,Não guardar distância de segurança                                                                  ,Colisão traseira                                                                                                                                                                                        ,Com Vítimas Feridas,Amanhecer           ,Chuva               ,Dupla               ,Sim       ,Ciclomotor          ,Lesões Leves        ,57.0,Feminino            
24759,2017-04-02,RN,101.0,PARNAMIRIM                                                  ,Não guardar distância de segurança                                                                  ,Colisão traseira                                                                                                                                                                                        ,Com Vítimas Feridas,Amanhecer           ,Chuva               ,Dupla               ,Sim       ,Ciclomotor          ,Lesões Graves       ,55.0,Masculino           
24776,2017-04-02,RN,101.0,NATAL                                                       ,Não guardar distância de segurança                                                                  ,Colisão traseira                                                                                                                                                                                        ,Com Vítimas Feridas,Pleno dia           ,Nublado             ,Dupla               ,Sim       ,Motocicleta         ,Lesões Leves        ,34.0,Masculino           
24776,2017-04-02,RN,101.0,NATAL                                                       ,Não guardar distância de segurança                                                                  ,Colisão traseira                                                                                                                                                                                        ,Com Vítimas Feridas,Pleno dia           ,Nublado             ,Dupla               ,Sim       ,Automóvel           ,Ileso               ,61.0,Masculino           
24819,2017-04-02,RN,405.0,MOSSORO                                                     ,Desobediência às normas de trânsito pelo condutor                                                   ,Colisão transversal                                                                                                                                                                                     ,Com Vítimas Feridas,Pleno dia           ,Sol                 ,Dupla               ,Sim       ,Motoneta            ,Lesões Leves        ,19.0,Feminino            
24819,2017-04-02,RN,405.0,MOSSORO                                                     ,Desobediência às normas de trânsito pelo condutor                                                   ,Colisão transversal                                                                                                                                                                                     ,Com Vítimas Feridas,Pleno dia           ,Sol                 ,Dupla               ,Sim       ,Motoneta            ,Lesões Leves        ,22.0,Masculino           
24819,2017-04-02,RN,405.0,MOSSORO                                                     ,Desobediência às normas de trânsito pelo condutor                                                   ,Colisão transversal                                                                                                                                                                                     ,Com Vítimas Feridas,Pleno dia           ,Sol                 ,Dupla               ,Sim       ,Motocicleta         ,Lesões Leves        ,44.0,Masculino           
24935,2017-04-02,RN,110.0,MOSSORO                                                     ,Ingestão de Álcool                                                                                  ,Queda de ocupante de veículo                                                                                                                                                                            ,Com Vítimas Feridas,Plena Noite         ,Ignorado            ,Simples             ,Sim       ,Motocicleta         ,Lesões Leves        ,55.0,Masculino           
24935,2017-04-02,RN,110.0,MOSSORO                                                     ,Ingestão de Álcool                                                                                  ,Queda de ocupante de veículo                                                                                                                                                                            ,Com Vítimas Feridas,Plena Noite         ,Ignorado            ,Simples             ,Sim       ,Motocicleta         ,Lesões Leves        ,20.0,Feminino            
24957,2017-04-02,RN,406.0,CEARA-MIRIM                                                 ,Falta de Atenção do Pedestre                                                                        ,Atropelamento de Pedestre                                                                                                                                                                               ,Com Vítimas Feridas,Pleno dia           ,Céu Claro           ,Simples             ,Sim       ,Motocicleta         ,Lesões Leves        ,25.0,Masculino           
24957,2017-04-02,RN,406.0,CEARA-MIRIM                                                 ,Falta de Atenção do Pedestre                                                                        ,Atropelamento de Pedestre                                                                                                                                                                               ,Com Vítimas Feridas,Pleno dia           ,Céu Claro           ,Simples             ,Sim       ,Motocicleta         ,Lesões Leves        ,49.0,Masculino           