id,data_inversa,uf,br,municipio,causa_acidente,tipo_acidente,classificacao_acidente,fase_dia,condicao_metereologica,tipo_pista,uso_solo,tipo_veiculo,estado_fisico,idade,sexo
25041,2017-04-03,RN,101.0,PARNAMIRIM                                                  ,Falta de Atenção à Condução                                                                         ,Colisão traseira                                                                                                                                                                                        ,Sem Vítimas,Pleno dia           ,Céu Claro           ,Dupla               ,Sim       ,Automóvel           ,Ileso               ,,Masculino           
25041,2017-04-03,RN,101.0,PARNAMIRIM                                                  ,Falta de Atenção à Condução                                                                         ,Colisão traseira                                                                                                                                                                                        ,Sem Vítimas,Pleno dia           ,Céu Claro           ,Dupla               ,Sim       ,Motocicleta         ,Ileso               ,,Masculino           
25046,2017-04-03,RN,101.0,NATAL                                                       ,Falta de Atenção à Condução                                                                         ,Colisão lateral                                                                                                                                                                                         ,Com Vítimas Feridas,Pleno dia           ,Nublado             ,Dupla               ,Sim       ,Motocicleta         ,Lesões Leves        ,38.0,Masculino           
25046,2017-04-03,RN,101.0,NATAL                                                       ,Falta de Atenção à Condução                                                                         ,Colisão lateral                                                                                                                                                                                         ,Com Vítimas Feridas,Pleno dia           ,Nublado             ,Dupla               ,Sim       ,Automóvel           ,Ileso               ,42.0,Masculino           
25048,2017-04-03,RN,405.0,MOSSORO                                                     ,Falta de Atenção à Condução                                                                         ,Queda de ocupante de veículo                                                                                                                                                                            ,Com Vítimas Feridas,Amanhecer           ,Nublado             ,Simples             ,Sim       ,Motocicleta         ,Lesões Graves       ,39.0,Masculino           
25048,2017-04-03,RN,405.0,MOSSORO                                                     ,Falta de Atenção à Condução                                                                         ,Queda de ocupante de veículo                                                                                                                                                                            ,Com Vítimas Feridas,Amanhecer           ,Nublado             ,Simples             ,Sim       ,Motocicleta         ,Ileso               ,41.0,Masculino           
25057,2017-02-10,RN,110.0,MOSSORO                                                     ,Ultrapassagem Indevida                                                                              ,Colisão transversal                                                                                                                                                                                     ,Com Vítimas Feridas,Pleno dia           ,Céu Claro           ,Simples             ,Não       ,Automóvel           ,Ileso               ,46.0,Masculino           
25057,2017-02-10,RN,110.0,MOSSORO                                                     ,Ultrapassagem Indevida                                                                              ,Colisão transversal                                                                                                                                                                                     ,Com Vítimas Feridas,Pleno dia           ,Céu Claro           ,Simples             ,Não       ,Motocicleta         ,Lesões Graves       ,37.0,Masculino           
25057,2017-02-10,RN,110.0,MOSSORO                                                     ,Ultrapassagem Indevida                                                                              ,Colisão transversal                                                                                                                                                                                     ,Com Vítimas Feridas,Pleno dia           ,Céu Claro           ,Simples             ,Não       ,Motocicleta         ,Lesões Leves        ,24.0,Feminino            
25070,2017-02-10,RN,101.0,SAO JOSE DE MIPIBU                                          ,Falta de Atenção à Condução                                                                         ,Colisão traseira                                                                                                                                                                                        ,Com Vítimas Feridas,Pleno dia           ,Céu Claro           ,Dupla               ,Sim       ,Automóvel           ,Lesões Leves        ,,Feminino            
25070,2017-02-10,RN,101.0,SAO JOSE DE MIPIBU                                          ,Falta de Atenção à Condução                                                                         ,Colisão traseira                                                                                                                                                                                        ,Com Vítimas Feridas,Pleno dia           ,Céu Claro           ,Dupla               ,Sim       ,Automóvel           ,Ileso               ,,Masculino           
25070,2017-02-10,RN,101.0,SAO JOSE DE MIPIBU                                          ,Falta de Atenção à Condução                                                                         ,Colisão traseira                                                                                                                                                                                        ,Com Vítimas Feridas,Pleno dia           ,Céu Claro           ,Dupla               ,Sim       ,Automóvel           ,Lesões Leves        ,,Feminino            
25151,2017-04-03,RN,226.0,SANTA CRUZ                                                  ,Falta de Atenção à Condução                                                                         ,Colisão transversal                                                                                                                                                                                     ,Com Vítimas Feridas,Pleno dia           ,Céu Claro           ,Simples             ,Sim       ,Caminhão            ,Ileso               ,26.0,Masculino           
25151,2017-04-03,RN,226.0,SANTA CRUZ                                                  ,Falta de Atenção à Condução                                                                         ,Colisão transversal                                                                                                                                                                                     ,Com Vítimas Feridas,Pleno dia           ,Céu Claro           ,Simples             ,Sim       ,Motocicleta         ,Lesões Graves       ,25.0,Masculino           
25182,2017-04-03,RN,101.0,SAO JOSE DE MIPIBU                                          ,Desobediência às normas de trânsito pelo condutor                                                   ,Colisão traseira                                                                                                                                                                                        ,Com Vítimas Feridas,Pleno dia           ,Céu Claro           ,Dupla               ,Sim       ,Motocicleta         ,Ileso               ,27.0,Masculino           
25182,2017-04-03,RN,101.0,SAO JOSE DE MIPIBU                                          ,Desobediência às normas de trânsito pelo condutor                                                   ,Colisão traseira                                                                                                                                                                                        ,Com Vítimas Feridas,Pleno dia           ,Céu Claro           ,Dupla               ,Sim       ,Motocicleta         ,Ileso               ,43.0,Masculino           
25182,2017-04-03,RN,101.0,SAO JOSE DE MIPIBU                                          ,Desobediência às normas de trânsito pelo condutor                                                   ,Colisão traseira                                                                                                                                                                                        ,Com Vítimas Feridas,Pleno dia           ,Céu Claro           ,Dupla               ,Sim       ,Motocicleta         ,Lesões Leves        ,,Masculino           
25188,2017-04-03,RN,304.0,ANGICOS                                                     ,Falta de Atenção à Condução                                                                         ,Colisão transversal                                                                                                                                                                                     ,Com Vítimas Feridas,Pleno dia           ,Céu Claro           ,Simples             ,Não       ,Automóvel           ,Lesões Leves        ,37.0,Masculino           
25188,2017-04-03,RN,304.0,ANGICOS                                                     ,Falta de Atenção à Condução                                                                         ,Colisão transversal                                                                                                                                                                                     ,Com Vítimas Feridas,Pleno dia           ,Céu Claro           ,Simples             ,Não       ,Caminhão            ,Ileso               ,55.0,Masculino           
25247,2017-04-03,RN,304.0,MACAIBA                                                     ,Velocidade Incompatível                                                                             ,Tombamento                                                                                                                                                                                              ,Sem Vítimas,Plena Noite         ,Céu Claro           ,Simples             ,Sim       ,Caminhão-trator     ,Ileso               ,34.0,Masculino           
25324,2017-04-04,RN,304.0,MACAIBA                                                     ,Falta de Atenção à Condução                                                                         ,Colisão traseira                                                                                                                                                                                        ,Sem Vítimas,Pleno dia           ,Céu Claro           ,Simples             ,Sim       ,Caminhonete         ,Ileso               ,40.0,Masculino           
25324,2017-04-04,RN,304.0,MACAIBA                                                     ,Falta de Atenção à Condução                                                                         ,Colisão traseira                                                                                                                                                                                        ,Sem Vítimas,Pleno dia           ,Céu Claro           ,Simples             ,Sim       ,Caminhonete         ,Ileso               ,56.0,Masculino           
25324,2017-04-04,RN,304.0,MACAIBA                                                     ,Falta de Atenção à Condução                                                                         ,Colisão traseira                                                                                                                                                                                        ,Sem Vítimas,Pleno dia           ,Céu Claro           ,Simples             ,Sim       ,Caminhonete         ,Ileso               ,31.0,Masculino           
25415,2017-04-04,RN,226.0,NATAL                                                       ,Falta de Atenção à Condução                                                                         ,Colisão lateral                                                                                                                                                                                         ,Com Vítimas Feridas,Pleno dia           ,Céu Claro           ,Simples             ,Não       ,Motocicleta         ,Lesões Leves        ,21.0,Feminino            
25415,2017-04-04,RN,226.0,NATAL                                                       ,Falta de Atenção à Condução                                                                         ,Colisão lateral                                                                                                                                                                                         ,Com Vítimas Feridas,Pleno dia           ,Céu Claro           ,Simples             ,Não       ,Motocicleta         ,Ileso               ,27.0,Masculino           
25415,2017-04-04,RN,226.0,NATAL                                                       ,Falta de Atenção à Condução                                                                         ,Colisão lateral                                                                                                                                                                                         ,Com Vítimas Feridas,Pleno dia           ,Céu Claro           ,Simples             ,Não       ,Automóvel           ,Não Informado       ,,Não Informado       
25457,2017-01-02,RN,101.0,PARNAMIRIM                                                  ,Defeito Mecânico no Veículo                                                                         ,Queda de ocupante de veículo                                                                                                                                                                            ,Com Vítimas Feridas,Pleno dia           ,Céu Claro           ,Múltipla            ,Sim       ,Motoneta            ,Lesões Leves        ,30.0,Feminino            
25548,2017-04-05,RN,101.0,CANGUARETAMA                                                ,Defeito na Via                                                                                      ,Colisão com objeto estático                                                                                                                                                                             ,Com Vítimas Feridas,Pleno dia           ,Sol                 ,Dupla               ,Não       ,Caminhão            ,Ileso               ,60.0,Masculino           
25548,2017-04-05,RN,101.0,CANGUARETAMA                                                ,Defeito na Via                                                                                      ,Colisão com objeto estático                                                                                                                                                                             ,Com Vítimas Feridas,Pleno dia           ,Sol                 ,Dupla               ,Não       ,Automóvel           ,Lesões Leves        ,52.0,Feminino            
26025,2017-04-05,RN,226.0,SANTA CRUZ                                                  ,Velocidade Incompatível                                                                             ,Capotamento                                                                                                                                                                                             ,Com Vítimas Feridas,Pleno dia           ,Chuva               ,Simples             ,Sim       ,Automóvel           ,Lesões Leves        ,48.0,Masculino           
26025,2017-04-05,RN,226.0,SANTA CRUZ                                                  ,Velocidade Incompatível                                                                             ,Capotamento                                                                                                                                                                                             ,Com Vítimas Feridas,Pleno dia           ,Chuva               ,Simples             ,Sim       ,Automóvel           ,Ileso               ,19.0,Masculino           
26196,2017-04-06,RN,304.0,MOSSORO                                                     ,Falta de Atenção à Condução                                                                         ,Colisão lateral                                                                                                                                                                                         ,Com Vítimas Feridas,Pleno dia           ,Céu Claro           ,Dupla               ,Sim       ,Motocicleta         ,Lesões Leves        ,11.0,Masculino           
26196,2017-04-06,RN,304.0,MOSSORO                                                     ,Falta de Atenção à Condução                                                                         ,Colisão lateral                                                                                                                                                                                         ,Com Vítimas Feridas,Pleno dia           ,Céu Claro           ,Dupla               ,Sim       ,Motocicleta         ,Lesões Leves        ,53.0,Masculino           
26196,2017-04-06,RN,304.0,MOSSORO                                                     ,Falta de Atenção à Condução                                                                         ,Colisão lateral                                                                                                                                                                                         ,Com Vítimas Feridas,Pleno dia           ,Céu Claro           ,Dupla               ,Sim       ,Motocicleta         ,Lesões Leves        ,44.0,Feminino            
26240,2017-04-06,RN,101.0,SAO JOSE DE MIPIBU                                          ,Defeito Mecânico no Veículo                                                                         ,Capotamento                                                                                                                                                                                             ,Com Vítimas Feridas,Pleno dia           ,Céu Claro           ,Dupla               ,Não       ,Automóvel           ,Lesões Leves        ,40.0,Masculino           
26284,2017-04-06,RN,101.0,SAO JOSE DE MIPIBU                                          ,Defeito Mecânico no Veículo                                                                         ,Incêndio                                                                                                                                                                                                ,Sem Vítimas,Pleno dia           ,Céu Claro           ,Dupla               ,Não       ,Caminhão            ,Ileso               ,56.0,Masculino           
26296,2017-04-06,RN,304.0,MOSSORO                                                     ,Falta de Atenção à Condução                                                                         ,Colisão traseira                                                                                                                                                                                        ,Com Vítimas Fatais,Pleno dia           ,Nublado             ,Simples             ,Não       ,Motocicleta         ,Óbito               ,37.0,Masculino           
26296,2017-04-06,RN,304.0,MOSSORO                                                     ,Falta de Atenção à Condução                                                                         ,Colisão traseira                                                                                                                                                                                        ,Com Vítimas Fatais,Pleno dia           ,Nublado             ,Simples             ,Não       ,Motocicleta         ,Não Informado       ,,Não Informado       
26296,2017-04-06,RN,304.0,MOSSORO                                                     ,Falta de Atenção à Condução                                                                         ,Colisão traseira                                                                                                                                                                                        ,Com Vítimas Fatais,Pleno dia           ,Nublado             ,Simples             ,Não       ,Caminhão            ,Ileso               ,53.0,Masculino           
26296,2017-04-06,RN,304.0,MOSSORO                                                     ,Falta de Atenção à Condução                                                                         ,Colisão traseira                                                                                                                                                                                        ,Com Vítimas Fatais,Pleno dia           ,Nublado             ,Simples             ,Não       ,Caminhão-trator     ,Ileso               ,39.0,Masculino           
26391,2017-04-06,RN,101.0,NATAL                                                       ,Falta de Atenção à Condução                                                                         ,Colisão transversal                                                                                                                                                                                     ,Sem Vítimas,Anoitecer           ,Céu Claro           ,Simples             ,Sim       ,Motocicleta         ,Ileso               ,40.0,Masculino           
26391,2017-04-06,RN,101.0,NATAL                                                       ,Falta de Atenção à Condução                                                                         ,Colisão transversal                                                                                                                                                                                     ,Sem Vítimas,Anoitecer           ,Céu Claro           ,Simples             ,Sim       ,Automóvel           ,Ileso               ,59.0,Masculino           
26412,2017-04-06,RN,304.0,ACU                                                         ,Animais na Pista                                                                                    ,Atropelamento de Animal                                                                                                                                                                                 ,Sem Vítimas,Plena Noite         ,Céu Claro           ,Simples             ,Não       ,Caminhonete         ,Ileso               ,39.0,Masculino           
26428,2017-04-06,RN,101.0,NATAL                                                       ,Falta de Atenção do Pedestre                                                                        ,Atropelamento de Pedestre                                                                                                                                                                               ,Com Vítimas Feridas,Plena Noite         ,Céu Claro           ,Dupla               ,Sim       ,Automóvel           ,Lesões Leves        ,50.0,Masculino           
26428,2017-04-06,RN,101.0,NATAL                                                       ,Falta de Atenção do Pedestre                                                                        ,Atropelamento de Pedestre                                                                                                                                                                               ,Com Vítimas Feridas,Plena Noite         ,Céu Claro           ,Dupla               ,Sim       ,Automóvel           ,Ileso               ,50.0,Masculino           
26428,2017-04-06,RN,101.0,NATAL                                                       ,Falta de Atenção do Pedestre                                                                        ,Atropelamento de Pedestre                                                                                                                                                                               ,Com Vítimas Feridas,Plena Noite         ,Céu Claro           ,Dupla               ,Sim       ,Motocicleta         ,Ileso               ,30.0,Masculino           
26508,2017-04-07,RN,406.0,SAO GONCALO DO AMARANTE                                     ,Desobediência às normas de trânsito pelo condutor                                                   ,Colisão transversal                                                                                                                                                                                     ,Com Vítimas Feridas,Pleno dia           ,Céu Claro           ,Dupla               ,Sim       ,Caminhão            ,Ileso               ,34.0,Masculino           
26508,2017-04-07,RN,406.0,SAO GONCALO DO AMARANTE                                     ,Desobediência às normas de trânsito pelo condutor                                                   ,Colisão transversal                                                                                                                                                                                     ,Com Vítimas Feridas,Pleno dia           ,Céu Claro           ,Dupla               ,Sim       ,Motocicleta         ,Lesões Leves        ,31.0,Masculino           
26567,2017-04-07,RN,304.0,MOSSORO                                                     ,Falta de Atenção à Condução                                                                         ,Colisão lateral                                                                                                                                                                                         ,Com Vítimas Feridas,Pleno dia           ,Céu Claro           ,Dupla               ,Não       ,Automóvel           ,Ileso               ,43.0,Masculino           
26567,2017-04-07,RN,304.0,MOSSORO                                                     ,Falta de Atenção à Condução                                                                         ,Colisão lateral                                                                                                                                                                                         ,Com Vítimas Feridas,Pleno dia           ,Céu Claro           ,Dupla               ,Não       ,Motocicleta         ,Lesões Leves        ,28.0,Masculino           
26577,2017-04-07,RN,110.0,AREIA BRANCA                                                ,Velocidade Incompatível                                                                             ,Saída de leito carroçável                                                                                                                                                                               ,Com Vítimas Feridas,Pleno dia           ,Céu Claro           ,Simples             ,Não       ,Automóvel           ,Lesões Graves       ,23.0,Masculino           
26579,2017-04-07,RN,101.0,SAO GONCALO DO AMARANTE                                     ,Não guardar distância de segurança                                                                  ,Colisão lateral                                                                                                                                                                                         ,Com Vítimas Feridas,Pleno dia           ,Céu Claro           ,Dupla               ,Sim       ,Motocicleta         ,Lesões Leves        ,55.0,Masculino           
26579,2017-04-07,RN,101.0,SAO GONCALO DO AMARANTE                                     ,Não guardar distância de segurança                                                                  ,Colisão lateral                                                                                                                                                                                         ,Com Vítimas Feridas,Pleno dia           ,Céu Claro           ,Dupla               ,Sim       ,Automóvel           ,Ileso               ,52.0,Masculino           
26589,2017-04-07,RN,226.0,MACAIBA                                                     ,Velocidade Incompatível                                                                             ,Tombamento                                                                                                                                                                                              ,Com Vítimas Feridas,Pleno dia           ,Céu Claro           ,Simples             ,Sim       ,Motocicleta         ,Lesões Graves       ,28.0,Masculino           
26692,2017-04-07,RN,406.0,CEARA-MIRIM                                                 ,Não guardar distância de segurança                                                                  ,Colisão lateral                                                                                                                                                                                         ,Com Vítimas Feridas,Plena Noite         ,Céu Claro           ,Simples             ,Não       ,Motocicleta         ,Lesões Leves        ,58.0,Masculino           
26692,2017-04-07,RN,406.0,CEARA-MIRIM                                                 ,Não guardar distância de segurança                                                                  ,Colisão lateral                                                                                                                                                                                         ,Com Vítimas Feridas,Plena Noite         ,Céu Claro           ,Simples             ,Não       ,Automóvel           ,Ileso               ,,Não Informado       
26756,2017-04-07,RN,101.0,EXTREMOZ                                                    ,Falta de Atenção à Condução                                                                         ,Colisão com objeto em movimento                                                                                                                                                                         ,Com Vítimas Feridas,Plena Noite         ,Céu Claro           ,Simples             ,Não       ,Motocicleta         ,Lesões Leves        ,19.0,Masculino           
26756,2017-04-07,RN,101.0,EXTREMOZ                                                    ,Falta de Atenção à Condução                                                                         ,Colisão com objeto em movimento                                                                                                                                                                         ,Com Vítimas Feridas,Plena Noite         ,Céu Claro           ,Simples             ,Não       ,Automóvel           ,Ileso               ,45.0,Feminino            
26787,2017-04-08,RN,406.0,JOAO CAMARA                                                 ,Ingestão de Álcool                                                                                  ,Atropelamento de Pedestre                                                                                                                                                                               ,Com Vítimas Fatais,Plena Noite         ,Nublado             ,Simples             ,Sim       ,Motocicleta         ,Lesões Leves        ,22.0,Masculino           
26787,2017-04-08,RN,406.0,JOAO CAMARA                                                 ,Ingestão de Álcool                                                                                  ,Atropelamento de Pedestre                                                                                                                                                                               ,Com Vítimas Fatais,Plena Noite         ,Nublado             ,Simples             ,Sim       ,Motocicleta         ,Óbito               ,59.0,Masculino           
26838,2017-04-08,RN,405.0,PAU DOS FERROS                                              ,Desobediência às normas de trânsito pelo condutor                                                   ,Colisão transversal                                                                                                                                                                                     ,Com Vítimas Feridas,Pleno dia           ,Céu Claro           ,Simples             ,Não       ,Automóvel           ,Lesões Leves        ,26.0,Feminino            
26838,2017-04-08,RN,405.0,PAU DOS FERROS                                              ,Desobediência às normas de trânsito pelo condutor                                                   ,Colisão transversal                                                                                                                                                                                     ,Com Vítimas Feridas,Pleno dia           ,Céu Claro           ,Simples             ,Não       ,Automóvel           ,Lesões Leves        ,33.0,Masculino           
26838,2017-04-08,RN,405.0,PAU DOS FERROS                                              ,Desobediência às normas de trânsito pelo condutor                                                   ,Colisão transversal                                                                                                                                                                                     ,Com Vítimas Feridas,Pleno dia           ,Céu Claro           ,Simples             ,Não       ,Motocicleta         ,Ileso               ,,Ignorado            
26838,2017-04-08,RN,405.0,PAU DOS FERROS                                              ,Desobediência às normas de trânsito pelo condutor                                                   ,Colisão transversal                                                                                                                                                                                     ,Com Vítimas Feridas,Pleno dia           ,Céu Claro           ,Simples             ,Não       ,Caminhão-trator     ,Ileso               ,46.0,Masculino           
26859,2017-04-08,RN,101.0,NATAL                                                       ,Falta de Atenção à Condução                                                                         ,Colisão lateral                                                                                                                                                                                         ,Com Vítimas Feridas,Pleno dia           ,Céu Claro           ,Múltipla            ,Sim       ,Caminhão            ,Ileso               ,26.0,Masculino           
26859,2017-04-08,RN,101.0,NATAL                                                       ,Falta de Atenção à Condução                                                                         ,Colisão lateral                                                                                                                                                                                         ,Com Vítimas Feridas,Pleno dia           ,Céu Claro           ,Múltipla            ,Sim       ,Motocicleta         ,Lesões Graves       ,42.0,Masculino           
26895,2017-04-08,RN,406.0,SAO GONCALO DO AMARANTE                                     ,Falta de Atenção à Condução                                                                         ,Colisão transversal                                                                                                                                                                                     ,Sem Vítimas,Pleno dia           ,Céu Claro           ,Simples             ,Não       ,Automóvel           ,Ileso               ,68.0,Masculino           
26895,2017-04-08,RN,406.0,SAO GONCALO DO AMARANTE                                     ,Falta de Atenção à Condução                                                                         ,Colisão transversal                                                                                                                                                                                     ,Sem Vítimas,Pleno dia           ,Céu Claro           ,Simples             ,Não       ,Automóvel           ,Ileso               ,57.0,Masculino           
26918,2017-04-08,RN,101.0,NATAL                                                       ,Desobediência às normas de trânsito pelo condutor                                                   ,Colisão transversal                                                                                                                                                                                     ,Com Vítimas Fatais,Pleno dia           ,Sol                 ,Dupla               ,Sim       ,Utilitário          ,Ileso               ,65.0,Masculino           
26918,2017-04-08,RN,101.0,NATAL                                                       ,Desobediência às normas de trânsito pelo condutor                                                   ,Colisão transversal                                                                                                                                                                                     ,Com Vítimas Fatais,Pleno dia           ,Sol                 ,Dupla               ,Sim       ,Motocicleta         ,Óbito               ,39.0,Feminino            
26943,2017-04-08,RN,226.0,NATAL                                                       ,Falta de Atenção à Condução                                                                         ,Colisão traseira                                                                                                                                                                                        ,Com Vítimas Feridas,Pleno dia           ,Céu Claro           ,Dupla               ,Sim       ,Motocicleta         ,Lesões Graves       ,27.0,Masculino           
26943,2017-04-08,RN,226.0,NATAL                                                       ,Falta de Atenção à Condução                                                                         ,Colisão traseira                                                                                                                                                                                        ,Com Vítimas Feridas,Pleno dia           ,Céu Claro           ,Dupla               ,Sim       ,Motocicleta         ,Lesões Graves       ,26.0,Feminino            
26943,2017-04-08,RN,226.0,NATAL                                                       ,Falta de Atenção à Condução                                                                         ,Colisão traseira                                                                                                                                                                                        ,Com Vítimas Feridas,Pleno dia           ,Céu Claro           ,Dupla               ,Sim       ,Automóvel           ,Ileso               ,35.0,Masculino           
26987,2017-04-08,RN,304.0,MOSSORO                                                     ,Ingestão de Álcool                                                                                  ,Tombamento                                                                                                                                                                                              ,Com Vítimas Feridas,Pleno dia           ,Céu Claro           ,Dupla               ,Não       ,Caminhonete         ,Ileso               ,29.0,Masculino           
26987,2017-04-08,RN,304.0,MOSSORO                                                     ,Ingestão de Álcool                                                                                  ,Tombamento                                                                                                                                                                                              ,Com Vítimas Feridas,Pleno dia           ,Céu Claro           ,Dupla               ,Não       ,Motocicleta         ,Lesões Leves        ,43.0,Masculino           
26989,2017-04-08,RN,110.0,MOSSORO                                                     ,Falta de Atenção à Condução                                                                         ,Colisão lateral                                                                                                                                                                                         ,Com Vítimas Feridas,Pleno dia           ,Céu Claro           ,Dupla               ,Sim       ,Motocicleta         ,Lesões Leves        ,25.0,Feminino            
26989,2017-04-08,RN,110.0,MOSSORO                                                     ,Falta de Atenção à Condução                                                                         ,Colisão lateral                                                                                                                                                                                         ,Com Vítimas Feridas,Pleno dia           ,Céu Claro           ,Dupla               ,Sim       ,Automóvel           ,Ileso               ,50.0,Masculino           
27005,2017-04-08,RN,101.0,PARNAMIRIM                                                  ,Ingestão de Álcool                                                                                  ,Colisão traseira                                                                                                                                                                                        ,Sem Vítimas,Anoitecer           ,Céu Claro           ,Dupla               ,Sim       ,Automóvel           ,Ileso               ,56.0,Feminino            
27005,2017-04-08,RN,101.0,PARNAMIRIM                                                  ,Ingestão de Álcool                                                                                  ,Colisão traseira                                                                                                                                                                                        ,Sem Vítimas,Anoitecer           ,Céu Claro           ,Dupla               ,Sim       ,Automóvel           ,Ileso               ,42.0,Masculino           
27005,2017-04-08,RN,101.0,PARNAMIRIM                                                  ,Ingestão de Álcool                                                                                  ,Colisão traseira                                                                                                                                                                                        ,Sem Vítimas,Anoitecer           ,Céu Claro           ,Dupla               ,Sim       ,Automóvel           ,Ileso               ,25.0,Masculino           
27127,2017-04-08,RN,304.0,ACU                                                         ,Falta de Atenção à Condução                                                                         ,Colisão transversal                                                                                                                                                                                     ,Com Vítimas Fatais,Plena Noite         ,Céu Claro           ,Simples             ,Não       ,Ônibus              ,Ileso               ,44.0,Masculino           
27127,2017-04-08,RN,304.0,ACU                                                         ,Falta de Atenção à Condução                                                                         ,Colisão transversal                                                                                                                                                                                     ,Com Vítimas Fatais,Plena Noite         ,Céu Claro           ,Simples             ,Não       ,Ciclomotor          ,Óbito               ,54.0,Masculino           
27290,2017-04-09,RN,304.0,ACU                                                         ,Ingestão de Álcool                                                                                  ,Queda de ocupante de veículo                                                                                                                                                                            ,Com Vítimas Feridas,Pleno dia           ,Céu Claro           ,Simples             ,Não       ,Motocicleta         ,Lesões Graves       ,33.0,Masculino           
27345,2017-04-09,RN,110.0,AUGUSTO SEVERO                                              ,Falta de Atenção à Condução                                                                         ,Colisão traseira                                                                                                                                                                                        ,Com Vítimas Feridas,Pleno dia           ,Sol                 ,Simples             ,Não       ,Motocicleta         ,Ileso               ,27.0,Masculino           
27345,2017-04-09,RN,110.0,AUGUSTO SEVERO                                              ,Falta de Atenção à Condução                                                                         ,Colisão traseira                                                                                                                                                                                        ,Com Vítimas Feridas,Pleno dia           ,Sol                 ,Simples             ,Não       ,Motoneta            ,Lesões Graves       ,54.0,Masculino           
27350,2017-04-09,RN,101.0,NATAL                                                       ,Ingestão de Álcool                                                                                  ,Colisão lateral                                                                                                                                                                                         ,Com Vítimas Feridas,Plena Noite         ,Céu Claro           ,Dupla               ,Sim       ,Motocicleta         ,Lesões Leves        ,33.0,Masculino           
27350,2017-04-09,RN,101.0,NATAL                                                       ,Ingestão de Álcool                                                                                  ,Colisão lateral                                                                                                                                                                                         ,Com Vítimas Feridas,Plena Noite         ,Céu Claro           ,Dupla               ,Sim       ,Automóvel           ,Ileso               ,,Ignorado            
27514,2017-04-10,RN,304.0,MACAIBA                                                     ,Não guardar distância de segurança                                                                  ,Capotamento                                                                                                                                                                                             ,Com Vítimas Feridas,Pleno dia           ,Chuva               ,Dupla               ,Não       ,Automóvel           ,Lesões Leves        ,57.0,Masculino           
27514,2017-04-10,RN,304.0,MACAIBA                                                     ,Não guardar distância de segurança                                                                  ,Capotamento                                                                                                                                                                                             ,Com Vítimas Feridas,Pleno dia           ,Chuva               ,Dupla               ,Não       ,Automóvel           ,Ileso               ,,Não Informado       
27518,2017-04-10,RN,226.0,NATAL                                                       ,Falta de Atenção à Condução                                                                         ,Colisão transversal                                                                                                                                                                                     ,Com Vítimas Feridas,Pleno dia           ,Nublado             ,Simples             ,Sim       ,Motocicleta         ,Lesões Leves        ,25.0,Masculino           
27518,2017-04-10,RN,226.0,NATAL                                                       ,Falta de Atenção à Condução                                                                         ,Colisão transversal                                                                                                                                                                                     ,Com Vítimas Feridas,Pleno dia           ,Nublado             ,Simples             ,Sim       ,Automóvel           ,Ileso               ,28.0,Feminino            
27520,2017-04-10,RN,304.0,SANTA MARIA                                                 ,Defeito Mecânico no Veículo                                                                         ,Saída de leito carroçável                                                                                                                                                                               ,Com Vítimas Feridas,Pleno dia           ,Nublado             ,Simples             ,Não       ,Automóvel           ,Lesões Leves        ,,Feminino            
27526,2017-04-10,RN,101.0,GOIANINHA                                                   ,Animais na Pista                                                                                    ,Colisão com objeto estático                                                                                                                                                                             ,Com Vítimas Feridas,Pleno dia           ,Céu Claro           ,Dupla               ,Não       ,Automóvel           ,Lesões Leves        ,23.0,Masculino           
27527,2017-04-10,RN,101.0,SAO GONCALO DO AMARANTE                                     ,Falta de Atenção à Condução                                                                         ,Colisão lateral                                                                                                                                                                                         ,Sem Vítimas,Pleno dia           ,Chuva               ,Múltipla            ,Sim       ,Caminhão            ,Ileso               ,43.0,Masculino           
27527,2017-04-10,RN,101.0,SAO GONCALO DO AMARANTE                                     ,Falta de Atenção à Condução                                                                         ,Colisão lateral                                                                                                                                                                                         ,Sem Vítimas,Pleno dia           ,Chuva               ,Múltipla            ,Sim       ,Automóvel           ,Ileso               ,44.0,Masculino           
27792,2017-04-11,RN,101.0,CANGUARETAMA                                                ,Pista Escorregadia                                                                                  ,Capotamento                                                                                                                                                                                             ,Com Vítimas Feridas,Pleno dia           ,Chuva               ,Dupla               ,Não       ,Automóvel           ,Lesões Leves        ,35.0,Masculino           
27885,2017-04-11,RN,304.0,RIACHUELO                                                   ,Fenômenos da Natureza                                                                               ,Colisão com objeto estático                                                                                                                                                                             ,Sem Vítimas,Pleno dia           ,Chuva               ,Simples             ,Não       ,Automóvel           ,Ileso               ,58.0,Masculino           
27927,2017-04-11,RN,226.0,NATAL                                                       ,Falta de Atenção à Condução                                                                         ,Tombamento                                                                                                                                                                                              ,Com Vítimas Feridas,Anoitecer           ,Céu Claro           ,Simples             ,Sim       ,Motocicleta         ,Lesões Graves       ,22.0,Feminino            