id,data_inversa,uf,br,municipio,causa_acidente,tipo_acidente,classificacao_acidente,fase_dia,condicao_metereologica,tipo_pista,uso_solo,tipo_veiculo,estado_fisico,idade,sexo
27927,2017-04-11,RN,226.0,NATAL                                                       ,Falta de Atenção à Condução                                                                         ,Tombamento                                                                                                                                                                                              ,Com Vítimas Feridas,Anoitecer           ,Céu Claro           ,Simples             ,Sim       ,Automóvel           ,Ileso               ,33.0,Feminino            
28024,2017-04-12,RN,110.0,UPANEMA                                                     ,Falta de Atenção à Condução                                                                         ,Colisão transversal                                                                                                                                                                                     ,Com Vítimas Feridas,Pleno dia           ,Céu Claro           ,Simples             ,Não       ,Utilitário          ,Ileso               ,41.0,Masculino           
28024,2017-04-12,RN,110.0,UPANEMA                                                     ,Falta de Atenção à Condução                                                                         ,Colisão transversal                                                                                                                                                                                     ,Com Vítimas Feridas,Pleno dia           ,Céu Claro           ,Simples             ,Não       ,Motocicleta         ,Lesões Leves        ,34.0,Masculino           
28026,2017-04-12,RN,101.0,NATAL                                                       ,Falta de Atenção à Condução                                                                         ,Colisão traseira                                                                                                                                                                                        ,Com Vítimas Feridas,Pleno dia           ,Céu Claro           ,Múltipla            ,Sim       ,Automóvel           ,Ileso               ,58.0,Feminino            
28026,2017-04-12,RN,101.0,NATAL                                                       ,Falta de Atenção à Condução                                                                         ,Colisão traseira                                                                                                                                                                                        ,Com Vítimas Feridas,Pleno dia           ,Céu Claro           ,Múltipla            ,Sim       ,Motocicleta         ,Lesões Graves       ,42.0,Masculino           
28082,2017-04-12,RN,304.0,MOSSORO                                                     ,Desobediência às normas de trânsito pelo condutor                                                   ,Colisão transversal                                                                                                                                                                                     ,Com Vítimas Feridas,Pleno dia           ,Céu Claro           ,Dupla               ,Sim       ,Ônibus              ,Ileso               ,52.0,Masculino           
28082,2017-04-12,RN,304.0,MOSSORO                                                     ,Desobediência às normas de trânsito pelo condutor                                                   ,Colisão transversal                                                                                                                                                                                     ,Com Vítimas Feridas,Pleno dia           ,Céu Claro           ,Dupla               ,Sim       ,Ciclomotor          ,Lesões Leves        ,41.0,Masculino           
28110,2017-04-12,RN,304.0,MOSSORO                                                     ,Ingestão de Álcool                                                                                  ,Queda de ocupante de veículo                                                                                                                                                                            ,Com Vítimas Feridas,Pleno dia           ,Céu Claro           ,Dupla               ,Não       ,Ciclomotor          ,Lesões Leves        ,54.0,Masculino           
28151,2017-04-12,RN,101.0,PARNAMIRIM                                                  ,Desobediência às normas de trânsito pelo condutor                                                   ,Atropelamento de Pedestre                                                                                                                                                                               ,Com Vítimas Feridas,Pleno dia           ,Sol                 ,Dupla               ,Sim       ,Motocicleta         ,Ileso               ,34.0,Masculino           
28151,2017-04-12,RN,101.0,PARNAMIRIM                                                  ,Desobediência às normas de trânsito pelo condutor                                                   ,Atropelamento de Pedestre                                                                                                                                                                               ,Com Vítimas Feridas,Pleno dia           ,Sol                 ,Dupla               ,Sim       ,Motocicleta         ,Lesões Leves        ,20.0,Feminino            
28151,2017-04-12,RN,101.0,PARNAMIRIM                                                  ,Desobediência às normas de trânsito pelo condutor                                                   ,Atropelamento de Pedestre                                                                                                                                                                               ,Com Vítimas Feridas,Pleno dia           ,Sol                 ,Dupla               ,Sim       ,Motocicleta         ,Lesões Leves        ,43.0,Feminino            
28159,2017-04-12,RN,101.0,PARNAMIRIM                                                  ,Objeto estático sobre o leito carroçável                                                            ,Colisão traseira                                                                                                                                                                                        ,Com Vítimas Feridas,Plena Noite         ,Céu Claro           ,Dupla               ,Não       ,Motocicleta         ,Lesões Leves        ,42.0,Masculino           
28159,2017-04-12,RN,101.0,PARNAMIRIM                                                  ,Objeto estático sobre o leito carroçável                                                            ,Colisão traseira                                                                                                                                                                                        ,Com Vítimas Feridas,Plena Noite         ,Céu Claro           ,Dupla               ,Não       ,Automóvel           ,Ileso               ,28.0,Masculino           
28208,2017-04-12,RN,304.0,RIACHUELO                                                   ,Falta de Atenção à Condução                                                                         ,Colisão transversal                                                                                                                                                                                     ,Com Vítimas Fatais,Plena Noite         ,Garoa/Chuvisco      ,Simples             ,Não       ,Caminhão            ,Óbito               ,31.0,Masculino           
28208,2017-04-12,RN,304.0,RIACHUELO                                                   ,Falta de Atenção à Condução                                                                         ,Colisão transversal                                                                                                                                                                                     ,Com Vítimas Fatais,Plena Noite         ,Garoa/Chuvisco      ,Simples             ,Não       ,Caminhão            ,Ileso               ,,Masculino           
28221,2017-04-12,RN,427.0,CAICO                                                       ,Desobediência às normas de trânsito pelo condutor                                                   ,Colisão lateral                                                                                                                                                                                         ,Com Vítimas Feridas,Plena Noite         ,Chuva               ,Simples             ,Sim       ,Ciclomotor          ,Lesões Leves        ,19.0,Feminino            
28221,2017-04-12,RN,427.0,CAICO                                                       ,Desobediência às normas de trânsito pelo condutor                                                   ,Colisão lateral                                                                                                                                                                                         ,Com Vítimas Feridas,Plena Noite         ,Chuva               ,Simples             ,Sim       ,Ciclomotor          ,Lesões Graves       ,18.0,Feminino            
28221,2017-04-12,RN,427.0,CAICO                                                       ,Desobediência às normas de trânsito pelo condutor                                                   ,Colisão lateral                                                                                                                                                                                         ,Com Vítimas Feridas,Plena Noite         ,Chuva               ,Simples             ,Sim       ,Caminhonete         ,Ileso               ,46.0,Masculino           
28350,2017-04-13,RN,101.0,NATAL                                                       ,Defeito Mecânico no Veículo                                                                         ,Colisão traseira                                                                                                                                                                                        ,Com Vítimas Feridas,Pleno dia           ,Nublado             ,Dupla               ,Sim       ,Automóvel           ,Lesões Leves        ,54.0,Masculino           
28350,2017-04-13,RN,101.0,NATAL                                                       ,Defeito Mecânico no Veículo                                                                         ,Colisão traseira                                                                                                                                                                                        ,Com Vítimas Feridas,Pleno dia           ,Nublado             ,Dupla               ,Sim       ,Automóvel           ,Ileso               ,36.0,Masculino           
28350,2017-04-13,RN,101.0,NATAL                                                       ,Defeito Mecânico no Veículo                                                                         ,Colisão traseira                                                                                                                                                                                        ,Com Vítimas Feridas,Pleno dia           ,Nublado             ,Dupla               ,Sim       ,Caminhonete         ,Lesões Leves        ,35.0,Masculino           
28350,2017-04-13,RN,101.0,NATAL                                                       ,Defeito Mecânico no Veículo                                                                         ,Colisão traseira                                                                                                                                                                                        ,Com Vítimas Feridas,Pleno dia           ,Nublado             ,Dupla               ,Sim       ,Caminhonete         ,Lesões Leves        ,24.0,Masculino           
28385,2017-04-13,RN,406.0,JOAO CAMARA                                                 ,Falta de Atenção à Condução                                                                         ,Saída de leito carroçável                                                                                                                                                                               ,Com Vítimas Feridas,Pleno dia           ,Céu Claro           ,Simples             ,Não       ,Automóvel           ,Lesões Graves       ,,Masculino           
28433,2017-04-13,RN,101.0,GOIANINHA                                                   ,Pista Escorregadia                                                                                  ,Saída de leito carroçável                                                                                                                                                                               ,Sem Vítimas,Pleno dia           ,Chuva               ,Dupla               ,Não       ,Automóvel           ,Ileso               ,53.0,Masculino           
28567,2017-04-13,RN,226.0,NATAL                                                       ,Falta de Atenção do Pedestre                                                                        ,Atropelamento de Pedestre                                                                                                                                                                               ,Com Vítimas Fatais,Plena Noite         ,Nublado             ,Simples             ,Sim       ,Automóvel           ,Óbito               ,74.0,Masculino           
28567,2017-04-13,RN,226.0,NATAL                                                       ,Falta de Atenção do Pedestre                                                                        ,Atropelamento de Pedestre                                                                                                                                                                               ,Com Vítimas Fatais,Plena Noite         ,Nublado             ,Simples             ,Sim       ,Automóvel           ,Ileso               ,50.0,Masculino           
28567,2017-04-13,RN,226.0,NATAL                                                       ,Falta de Atenção do Pedestre                                                                        ,Atropelamento de Pedestre                                                                                                                                                                               ,Com Vítimas Fatais,Plena Noite         ,Nublado             ,Simples             ,Sim       ,Automóvel           ,Não Informado       ,,Não Informado       
28583,2017-04-13,RN,101.0,PARNAMIRIM                                                  ,Desobediência às normas de trânsito pelo condutor                                                   ,Colisão transversal                                                                                                                                                                                     ,Com Vítimas Feridas,Plena Noite         ,Nublado             ,Dupla               ,Não       ,Motocicleta         ,Lesões Leves        ,38.0,Masculino           
28583,2017-04-13,RN,101.0,PARNAMIRIM                                                  ,Desobediência às normas de trânsito pelo condutor                                                   ,Colisão transversal                                                                                                                                                                                     ,Com Vítimas Feridas,Plena Noite         ,Nublado             ,Dupla               ,Não       ,Automóvel           ,Ileso               ,38.0,Masculino           
28634,2017-04-13,RN,304.0,MOSSORO                                                     ,Desobediência às normas de trânsito pelo condutor                                                   ,Colisão traseira                                                                                                                                                                                        ,Com Vítimas Feridas,Plena Noite         ,Nublado             ,Dupla               ,Sim       ,Motocicleta         ,Lesões Leves        ,36.0,Masculino           
28634,2017-04-13,RN,304.0,MOSSORO                                                     ,Desobediência às normas de trânsito pelo condutor                                                   ,Colisão traseira                                                                                                                                                                                        ,Com Vítimas Feridas,Plena Noite         ,Nublado             ,Dupla               ,Sim       ,Caminhonete         ,Não Informado       ,,Não Informado       
28773,2017-04-14,RN,110.0,MOSSORO                                                     ,Falta de Atenção à Condução                                                                         ,Colisão transversal                                                                                                                                                                                     ,Com Vítimas Feridas,Pleno dia           ,Céu Claro           ,Simples             ,Sim       ,Motocicleta         ,Lesões Graves       ,22.0,Masculino           
28773,2017-04-14,RN,110.0,MOSSORO                                                     ,Falta de Atenção à Condução                                                                         ,Colisão transversal                                                                                                                                                                                     ,Com Vítimas Feridas,Pleno dia           ,Céu Claro           ,Simples             ,Sim       ,Motocicleta         ,Lesões Leves        ,22.0,Masculino           
28773,2017-04-14,RN,110.0,MOSSORO                                                     ,Falta de Atenção à Condução                                                                         ,Colisão transversal                                                                                                                                                                                     ,Com Vítimas Feridas,Pleno dia           ,Céu Claro           ,Simples             ,Sim       ,Automóvel           ,Ileso               ,59.0,Masculino           
29114,2017-04-15,RN,226.0,NATAL                                                       ,Falta de Atenção à Condução                                                                         ,Colisão lateral                                                                                                                                                                                         ,Com Vítimas Feridas,Plena Noite         ,Garoa/Chuvisco      ,Dupla               ,Sim       ,Motocicleta         ,Lesões Graves       ,18.0,Masculino           
29114,2017-04-15,RN,226.0,NATAL                                                       ,Falta de Atenção à Condução                                                                         ,Colisão lateral                                                                                                                                                                                         ,Com Vítimas Feridas,Plena Noite         ,Garoa/Chuvisco      ,Dupla               ,Sim       ,Automóvel           ,Não Informado       ,,Não Informado       
29117,2017-04-15,RN,110.0,MOSSORO                                                     ,Animais na Pista                                                                                    ,Saída de leito carroçável                                                                                                                                                                               ,Com Vítimas Feridas,Plena Noite         ,Céu Claro           ,Simples             ,Sim       ,Automóvel           ,Lesões Leves        ,35.0,Masculino           
29117,2017-04-15,RN,110.0,MOSSORO                                                     ,Animais na Pista                                                                                    ,Saída de leito carroçável                                                                                                                                                                               ,Com Vítimas Feridas,Plena Noite         ,Céu Claro           ,Simples             ,Sim       ,Automóvel           ,Lesões Leves        ,35.0,Masculino           
29132,2017-04-15,RN,406.0,GUAMARE                                                     ,Ingestão de Álcool                                                                                  ,Saída de leito carroçável                                                                                                                                                                               ,Sem Vítimas,Plena Noite         ,Céu Claro           ,Simples             ,Não       ,Automóvel           ,Não Informado       ,,Não Informado       
29214,2017-04-16,RN,427.0,CAICO                                                       ,Defeito na Via                                                                                      ,Capotamento                                                                                                                                                                                             ,Com Vítimas Feridas,Amanhecer           ,Céu Claro           ,Dupla               ,Não       ,Caminhonete         ,Ileso               ,26.0,Masculino           
29214,2017-04-16,RN,427.0,CAICO                                                       ,Defeito na Via                                                                                      ,Capotamento                                                                                                                                                                                             ,Com Vítimas Feridas,Amanhecer           ,Céu Claro           ,Dupla               ,Não       ,Caminhonete         ,Lesões Leves        ,19.0,Masculino           
29270,2017-04-16,RN,304.0,MOSSORO                                                     ,Defeito Mecânico no Veículo                                                                         ,Danos eventuais                                                                                                                                                                                         ,Sem Vítimas,Amanhecer           ,Céu Claro           ,Múltipla            ,Sim       ,Automóvel           ,Ileso               ,25.0,Masculino           
29404,2017-04-16,RN,101.0,NATAL                                                       ,Falta de Atenção à Condução                                                                         ,Engavetamento                                                                                                                                                                                           ,Sem Vítimas,Plena Noite         ,Céu Claro           ,Dupla               ,Não       ,Automóvel           ,Ileso               ,36.0,Masculino           
29404,2017-04-16,RN,101.0,NATAL                                                       ,Falta de Atenção à Condução                                                                         ,Engavetamento                                                                                                                                                                                           ,Sem Vítimas,Plena Noite         ,Céu Claro           ,Dupla               ,Não       ,Automóvel           ,Ileso               ,58.0,Masculino           
29404,2017-04-16,RN,101.0,NATAL                                                       ,Falta de Atenção à Condução                                                                         ,Engavetamento                                                                                                                                                                                           ,Sem Vítimas,Plena Noite         ,Céu Claro           ,Dupla               ,Não       ,Automóvel           ,Ileso               ,20.0,Masculino           
29409,2017-04-16,RN,304.0,MACAIBA                                                     ,Não guardar distância de segurança                                                                  ,Colisão traseira                                                                                                                                                                                        ,Com Vítimas Feridas,Plena Noite         ,Céu Claro           ,Simples             ,Não       ,Motocicleta         ,Lesões Leves        ,26.0,Masculino           
29409,2017-04-16,RN,304.0,MACAIBA                                                     ,Não guardar distância de segurança                                                                  ,Colisão traseira                                                                                                                                                                                        ,Com Vítimas Feridas,Plena Noite         ,Céu Claro           ,Simples             ,Não       ,Automóvel           ,Ileso               ,59.0,Masculino           
29597,2017-04-17,RN,304.0,MACAIBA                                                     ,Ingestão de Álcool                                                                                  ,Colisão traseira                                                                                                                                                                                        ,Sem Vítimas,Pleno dia           ,Nublado             ,Simples             ,Não       ,Caminhão-trator     ,Ileso               ,49.0,Masculino           
29597,2017-04-17,RN,304.0,MACAIBA                                                     ,Ingestão de Álcool                                                                                  ,Colisão traseira                                                                                                                                                                                        ,Sem Vítimas,Pleno dia           ,Nublado             ,Simples             ,Não       ,Caminhonete         ,Ileso               ,24.0,Masculino           
29746,2017-04-17,RN,101.0,EXTREMOZ                                                    ,Falta de Atenção à Condução                                                                         ,Colisão transversal                                                                                                                                                                                     ,Sem Vítimas,Anoitecer           ,Céu Claro           ,Simples             ,Não       ,Automóvel           ,Ileso               ,54.0,Masculino           
29746,2017-04-17,RN,101.0,EXTREMOZ                                                    ,Falta de Atenção à Condução                                                                         ,Colisão transversal                                                                                                                                                                                     ,Sem Vítimas,Anoitecer           ,Céu Claro           ,Simples             ,Não       ,Automóvel           ,Ileso               ,73.0,Masculino           
29825,2017-04-17,RN,101.0,NATAL                                                       ,Falta de Atenção à Condução                                                                         ,Colisão traseira                                                                                                                                                                                        ,Com Vítimas Feridas,Plena Noite         ,Céu Claro           ,Dupla               ,Sim       ,Micro-ônibus        ,Ileso               ,50.0,Masculino           
29825,2017-04-17,RN,101.0,NATAL                                                       ,Falta de Atenção à Condução                                                                         ,Colisão traseira                                                                                                                                                                                        ,Com Vítimas Feridas,Plena Noite         ,Céu Claro           ,Dupla               ,Sim       ,Motocicleta         ,Lesões Graves       ,25.0,Masculino           
29836,2017-04-17,RN,101.0,PARNAMIRIM                                                  ,Pista Escorregadia                                                                                  ,Queda de ocupante de veículo                                                                                                                                                                            ,Com Vítimas Feridas,Plena Noite         ,Céu Claro           ,Dupla               ,Não       ,Motocicleta         ,Lesões Leves        ,30.0,Masculino           
29884,2017-03-31,RN,101.0,SAO GONCALO DO AMARANTE                                     ,Falta de Atenção à Condução                                                                         ,Colisão transversal                                                                                                                                                                                     ,Com Vítimas Feridas,Pleno dia           ,Céu Claro           ,Dupla               ,Sim       ,Motocicleta         ,Lesões Leves        ,40.0,Masculino           
29884,2017-03-31,RN,101.0,SAO GONCALO DO AMARANTE                                     ,Falta de Atenção à Condução                                                                         ,Colisão transversal                                                                                                                                                                                     ,Com Vítimas Feridas,Pleno dia           ,Céu Claro           ,Dupla               ,Sim       ,Automóvel           ,Ileso               ,60.0,Masculino           
30039,2017-04-18,RN,110.0,MOSSORO                                                     ,Falta de Atenção à Condução                                                                         ,Colisão lateral                                                                                                                                                                                         ,Com Vítimas Feridas,Plena Noite         ,Céu Claro           ,Simples             ,Sim       ,Ciclomotor          ,Ileso               ,59.0,Feminino            
30039,2017-04-18,RN,110.0,MOSSORO                                                     ,Falta de Atenção à Condução                                                                         ,Colisão lateral                                                                                                                                                                                         ,Com Vítimas Feridas,Plena Noite         ,Céu Claro           ,Simples             ,Sim       ,Ciclomotor          ,Lesões Leves        ,37.0,Feminino            
30039,2017-04-18,RN,110.0,MOSSORO                                                     ,Falta de Atenção à Condução                                                                         ,Colisão lateral                                                                                                                                                                                         ,Com Vítimas Feridas,Plena Noite         ,Céu Claro           ,Simples             ,Sim       ,Motocicleta         ,Ileso               ,21.0,Masculino           
30155,2017-04-19,RN,101.0,SAO JOSE DE MIPIBU                                          ,Pista Escorregadia                                                                                  ,Queda de ocupante de veículo                                                                                                                                                                            ,Com Vítimas Feridas,Pleno dia           ,Chuva               ,Dupla               ,Não       ,Motocicleta         ,Lesões Leves        ,52.0,Feminino            
30186,2017-04-19,RN,405.0,MOSSORO                                                     ,Falta de Atenção à Condução                                                                         ,Colisão transversal                                                                                                                                                                                     ,Com Vítimas Feridas,Pleno dia           ,Nublado             ,Simples             ,Sim       ,Caminhonete         ,Ileso               ,45.0,Feminino            
30186,2017-04-19,RN,405.0,MOSSORO                                                     ,Falta de Atenção à Condução                                                                         ,Colisão transversal                                                                                                                                                                                     ,Com Vítimas Feridas,Pleno dia           ,Nublado             ,Simples             ,Sim       ,Caminhonete         ,Ileso               ,43.0,Masculino           
30186,2017-04-19,RN,405.0,MOSSORO                                                     ,Falta de Atenção à Condução                                                                         ,Colisão transversal                                                                                                                                                                                     ,Com Vítimas Feridas,Pleno dia           ,Nublado             ,Simples             ,Sim       ,Motocicleta         ,Lesões Leves        ,37.0,Masculino           
30186,2017-04-19,RN,405.0,MOSSORO                                                     ,Falta de Atenção à Condução                                                                         ,Colisão transversal                                                                                                                                                                                     ,Com Vítimas Feridas,Pleno dia           ,Nublado             ,Simples             ,Sim       ,Motocicleta         ,Lesões Leves        ,31.0,Feminino            
30204,2017-04-19,RN,110.0,MOSSORO                                                     ,Falta de Atenção à Condução                                                                         ,Colisão traseira                                                                                                                                                                                        ,Com Vítimas Feridas,Pleno dia           ,Céu Claro           ,Simples             ,Sim       ,Motocicleta         ,Lesões Leves        ,22.0,Masculino           
30204,2017-04-19,RN,110.0,MOSSORO                                                     ,Falta de Atenção à Condução                                                                         ,Colisão traseira                                                                                                                                                                                        ,Com Vítimas Feridas,Pleno dia           ,Céu Claro           ,Simples             ,Sim       ,Automóvel           ,Ileso               ,52.0,Masculino           
30267,2017-04-19,RN,101.0,SAO JOSE DE MIPIBU                                          ,Ingestão de Álcool                                                                                  ,Colisão traseira                                                                                                                                                                                        ,Com Vítimas Feridas,Plena Noite         ,Céu Claro           ,Dupla               ,Não       ,Motocicleta         ,Lesões Graves       ,28.0,Masculino           
30267,2017-04-19,RN,101.0,SAO JOSE DE MIPIBU                                          ,Ingestão de Álcool                                                                                  ,Colisão traseira                                                                                                                                                                                        ,Com Vítimas Feridas,Plena Noite         ,Céu Claro           ,Dupla               ,Não       ,Motocicleta         ,Lesões Leves        ,23.0,Masculino           
30267,2017-04-19,RN,101.0,SAO JOSE DE MIPIBU                                          ,Ingestão de Álcool                                                                                  ,Colisão traseira                                                                                                                                                                                        ,Com Vítimas Feridas,Plena Noite         ,Céu Claro           ,Dupla               ,Não       ,Automóvel           ,Ileso               ,33.0,Masculino           
30348,2017-04-20,RN,226.0,BOM JESUS                                                   ,Ingestão de Álcool                                                                                  ,Colisão frontal                                                                                                                                                                                         ,Com Vítimas Feridas,Pleno dia           ,Céu Claro           ,Simples             ,Sim       ,Motocicleta         ,Lesões Graves       ,44.0,Masculino           
30348,2017-04-20,RN,226.0,BOM JESUS                                                   ,Ingestão de Álcool                                                                                  ,Colisão frontal                                                                                                                                                                                         ,Com Vítimas Feridas,Pleno dia           ,Céu Claro           ,Simples             ,Sim       ,Motocicleta         ,Lesões Leves        ,38.0,Masculino           
30348,2017-04-20,RN,226.0,BOM JESUS                                                   ,Ingestão de Álcool                                                                                  ,Colisão frontal                                                                                                                                                                                         ,Com Vítimas Feridas,Pleno dia           ,Céu Claro           ,Simples             ,Sim       ,Ônibus              ,Ileso               ,38.0,Masculino           
30386,2017-04-20,RN,110.0,MOSSORO                                                     ,Falta de Atenção do Pedestre                                                                        ,Colisão transversal                                                                                                                                                                                     ,Com Vítimas Feridas,Pleno dia           ,Céu Claro           ,Dupla               ,Sim       ,Motocicleta         ,Não Informado       ,,Não Informado       
30386,2017-04-20,RN,110.0,MOSSORO                                                     ,Falta de Atenção do Pedestre                                                                        ,Colisão transversal                                                                                                                                                                                     ,Com Vítimas Feridas,Pleno dia           ,Céu Claro           ,Dupla               ,Sim       ,Motocicleta         ,Lesões Leves        ,27.0,Masculino           
30488,2017-04-20,RN,110.0,MOSSORO                                                     ,Falta de Atenção à Condução                                                                         ,Colisão lateral                                                                                                                                                                                         ,Com Vítimas Feridas,Pleno dia           ,Céu Claro           ,Simples             ,Sim       ,Caminhonete         ,Ileso               ,21.0,Masculino           
30488,2017-04-20,RN,110.0,MOSSORO                                                     ,Falta de Atenção à Condução                                                                         ,Colisão lateral                                                                                                                                                                                         ,Com Vítimas Feridas,Pleno dia           ,Céu Claro           ,Simples             ,Sim       ,Ciclomotor          ,Lesões Leves        ,18.0,Masculino           
30681,2017-04-21,RN,427.0,ACARI                                                       ,Não guardar distância de segurança                                                                  ,Colisão traseira                                                                                                                                                                                        ,Com Vítimas Fatais,Pleno dia           ,Céu Claro           ,Simples             ,Não       ,Motocicleta         ,Não Informado       ,,Não Informado       
30681,2017-04-21,RN,427.0,ACARI                                                       ,Não guardar distância de segurança                                                                  ,Colisão traseira                                                                                                                                                                                        ,Com Vítimas Fatais,Pleno dia           ,Céu Claro           ,Simples             ,Não       ,Motocicleta         ,Óbito               ,39.0,Masculino           
30681,2017-04-21,RN,427.0,ACARI                                                       ,Não guardar distância de segurança                                                                  ,Colisão traseira                                                                                                                                                                                        ,Com Vítimas Fatais,Pleno dia           ,Céu Claro           ,Simples             ,Não       ,Micro-ônibus        ,Ileso               ,39.0,Masculino           
30681,2017-04-21,RN,427.0,ACARI                                                       ,Não guardar distância de segurança                                                                  ,Colisão traseira                                                                                                                                                                                        ,Com Vítimas Fatais,Pleno dia           ,Céu Claro           ,Simples             ,Não       ,Caminhonete         ,Ileso               ,53.0,Masculino           
30827,2017-04-21,RN,226.0,BOM JESUS                                                   ,Velocidade Incompatível                                                                             ,Capotamento                                                                                                                                                                                             ,Com Vítimas Feridas,Pleno dia           ,Sol                 ,Simples             ,Não       ,Automóvel           ,Lesões Leves        ,54.0,Masculino           
30827,2017-04-21,RN,226.0,BOM JESUS                                                   ,Velocidade Incompatível                                                                             ,Capotamento                                                                                                                                                                                             ,Com Vítimas Feridas,Pleno dia           ,Sol                 ,Simples             ,Não       ,Automóvel           ,Ileso               ,44.0,Masculino           
30875,2017-04-21,RN,405.0,APODI                                                       ,Falta de Atenção à Condução                                                                         ,Colisão frontal                                                                                                                                                                                         ,Com Vítimas Feridas,Anoitecer           ,Céu Claro           ,Simples             ,Sim       ,Motocicleta         ,Lesões Graves       ,64.0,Feminino            
30875,2017-04-21,RN,405.0,APODI                                                       ,Falta de Atenção à Condução                                                                         ,Colisão frontal                                                                                                                                                                                         ,Com Vítimas Feridas,Anoitecer           ,Céu Claro           ,Simples             ,Sim       ,Motocicleta         ,Lesões Leves        ,57.0,Masculino           
30875,2017-04-21,RN,405.0,APODI                                                       ,Falta de Atenção à Condução                                                                         ,Colisão frontal                                                                                                                                                                                         ,Com Vítimas Feridas,Anoitecer           ,Céu Claro           ,Simples             ,Sim       ,Automóvel           ,Não Informado       ,,Não Informado       
30898,2017-04-05,RN,101.0,NATAL                                                       ,Velocidade Incompatível                                                                             ,Engavetamento                                                                                                                                                                                           ,Sem Vítimas,Pleno dia           ,Céu Claro           ,Dupla               ,Não       ,Automóvel           ,Ileso               ,33.0,Feminino            
30898,2017-04-05,RN,101.0,NATAL                                                       ,Velocidade Incompatível                                                                             ,Engavetamento                                                                                                                                                                                           ,Sem Vítimas,Pleno dia           ,Céu Claro           ,Dupla               ,Não       ,Caminhonete         ,Não Informado       ,,Não Informado       
30898,2017-04-05,RN,101.0,NATAL                                                       ,Velocidade Incompatível                                                                             ,Engavetamento                                                                                                                                                                                           ,Sem Vítimas,Pleno dia           ,Céu Claro           ,Dupla               ,Não       ,Automóvel           ,Não Informado       ,,Não Informado       
30908,2017-04-21,RN,304.0,MOSSORO                                                     ,Ingestão de Álcool                                                                                  ,Saída de leito carroçável                                                                                                                                                                               ,Com Vítimas Feridas,Plena Noite         ,Céu Claro           ,Dupla               ,Sim       ,Ciclomotor          ,Lesões Leves        ,36.0,Masculino           
30941,2017-04-21,RN,101.0,PARNAMIRIM                                                  ,Ingestão de Álcool                                                                                  ,Colisão com objeto estático                                                                                                                                                                             ,Com Vítimas Fatais,Plena Noite         ,Nublado             ,Múltipla            ,Sim       ,Ciclomotor          ,Lesões Leves        ,40.0,Masculino           
30941,2017-04-21,RN,101.0,PARNAMIRIM                                                  ,Ingestão de Álcool                                                                                  ,Colisão com objeto estático                                                                                                                                                                             ,Com Vítimas Fatais,Plena Noite         ,Nublado             ,Múltipla            ,Sim       ,Ciclomotor          ,Óbito               ,44.0,Feminino            
30960,2017-04-21,RN,304.0,MOSSORO                                                     ,Sinalização da via insuficiente ou inadequada                                                       ,Saída de leito carroçável                                                                                                                                                                               ,Sem Vítimas,Plena Noite         ,Céu Claro           ,Dupla               ,Não       ,Automóvel           ,Ileso               ,31.0,Masculino           
31120,2017-04-22,RN,304.0,MOSSORO                                                     ,Defeito Mecânico no Veículo                                                                         ,Capotamento                                                                                                                                                                                             ,Sem Vítimas,Pleno dia           ,Nublado             ,Dupla               ,Sim       ,Caminhonete         ,Não Informado       ,,Não Informado       
31172,2017-04-22,RN,101.0,NATAL                                                       ,Desobediência às normas de trânsito pelo condutor                                                   ,Colisão transversal                                                                                                                                                                                     ,Com Vítimas Feridas,Plena Noite         ,Céu Claro           ,Dupla               ,Sim       ,Automóvel           ,Ileso               ,53.0,Feminino            
31172,2017-04-22,RN,101.0,NATAL                                                       ,Desobediência às normas de trânsito pelo condutor                                                   ,Colisão transversal                                                                                                                                                                                     ,Com Vítimas Feridas,Plena Noite         ,Céu Claro           ,Dupla               ,Sim       ,Motocicleta         ,Lesões Graves       ,43.0,Masculino           
31290,2017-04-22,RN,304.0,MOSSORO                                                     ,Falta de Atenção à Condução                                                                         ,Colisão lateral                                                                                                                                                                                         ,Com Vítimas Feridas,Pleno dia           ,Céu Claro           ,Dupla               ,Sim       ,Automóvel           ,Ileso               ,55.0,Feminino            
31290,2017-04-22,RN,304.0,MOSSORO                                                     ,Falta de Atenção à Condução                                                                         ,Colisão lateral                                                                                                                                                                                         ,Com Vítimas Feridas,Pleno dia           ,Céu Claro           ,Dupla               ,Sim       ,Automóvel           ,Lesões Leves        ,35.0,Feminino            
31316,2017-04-23,RN,226.0,NATAL                                                       ,Não guardar distância de segurança                                                                  ,Colisão traseira                                                                                                                                                                                        ,Com Vítimas Feridas,Pleno dia           ,Céu Claro           ,Simples             ,Sim       ,Automóvel           ,Ileso               ,69.0,Masculino           