id,data_inversa,uf,br,municipio,causa_acidente,tipo_acidente,classificacao_acidente,fase_dia,condicao_metereologica,tipo_pista,uso_solo,tipo_veiculo,estado_fisico,idade,sexo
31316,2017-04-23,RN,226.0,NATAL                                                       ,Não guardar distância de segurança                                                                  ,Colisão traseira                                                                                                                                                                                        ,Com Vítimas Feridas,Pleno dia           ,Céu Claro           ,Simples             ,Sim       ,Motocicleta         ,Lesões Leves        ,27.0,Masculino           
31331,2017-04-23,RN,101.0,CEARA-MIRIM                                                 ,Falta de Atenção à Condução                                                                         ,Colisão traseira                                                                                                                                                                                        ,Com Vítimas Feridas,Pleno dia           ,Céu Claro           ,Simples             ,Não       ,Automóvel           ,Ileso               ,19.0,Masculino           
31331,2017-04-23,RN,101.0,CEARA-MIRIM                                                 ,Falta de Atenção à Condução                                                                         ,Colisão traseira                                                                                                                                                                                        ,Com Vítimas Feridas,Pleno dia           ,Céu Claro           ,Simples             ,Não       ,Motocicleta         ,Lesões Graves       ,48.0,Masculino           
31446,2017-04-23,RN,101.0,NATAL                                                       ,Ingestão de Álcool                                                                                  ,Colisão traseira                                                                                                                                                                                        ,Sem Vítimas,Anoitecer           ,Céu Claro           ,Múltipla            ,Sim       ,Automóvel           ,Ileso               ,49.0,Masculino           
31446,2017-04-23,RN,101.0,NATAL                                                       ,Ingestão de Álcool                                                                                  ,Colisão traseira                                                                                                                                                                                        ,Sem Vítimas,Anoitecer           ,Céu Claro           ,Múltipla            ,Sim       ,Automóvel           ,Ileso               ,31.0,Feminino            
31446,2017-04-23,RN,101.0,NATAL                                                       ,Ingestão de Álcool                                                                                  ,Colisão traseira                                                                                                                                                                                        ,Sem Vítimas,Anoitecer           ,Céu Claro           ,Múltipla            ,Sim       ,Camioneta           ,Ileso               ,73.0,Masculino           
31570,2017-04-24,RN,101.0,GOIANINHA                                                   ,Não guardar distância de segurança                                                                  ,Colisão traseira                                                                                                                                                                                        ,Com Vítimas Feridas,Pleno dia           ,Sol                 ,Dupla               ,Não       ,Camioneta           ,Lesões Leves        ,33.0,Feminino            
31570,2017-04-24,RN,101.0,GOIANINHA                                                   ,Não guardar distância de segurança                                                                  ,Colisão traseira                                                                                                                                                                                        ,Com Vítimas Feridas,Pleno dia           ,Sol                 ,Dupla               ,Não       ,Camioneta           ,Não Informado       ,,Não Informado       
31570,2017-04-24,RN,101.0,GOIANINHA                                                   ,Não guardar distância de segurança                                                                  ,Colisão traseira                                                                                                                                                                                        ,Com Vítimas Feridas,Pleno dia           ,Sol                 ,Dupla               ,Não       ,Ônibus              ,Ileso               ,48.0,Masculino           
31575,2017-04-24,RN,101.0,PARNAMIRIM                                                  ,Falta de Atenção à Condução                                                                         ,Colisão traseira                                                                                                                                                                                        ,Com Vítimas Feridas,Pleno dia           ,Céu Claro           ,Múltipla            ,Sim       ,Motocicleta         ,Lesões Leves        ,47.0,Masculino           
31575,2017-04-24,RN,101.0,PARNAMIRIM                                                  ,Falta de Atenção à Condução                                                                         ,Colisão traseira                                                                                                                                                                                        ,Com Vítimas Feridas,Pleno dia           ,Céu Claro           ,Múltipla            ,Sim       ,Ônibus              ,Ileso               ,46.0,Masculino           
31678,2017-04-24,RN,427.0,SERRA NEGRA DO NORTE                                        ,Falta de Atenção à Condução                                                                         ,Capotamento                                                                                                                                                                                             ,Sem Vítimas,Pleno dia           ,Céu Claro           ,Simples             ,Não       ,Automóvel           ,Ileso               ,25.0,Masculino           
31775,2017-04-24,RN,226.0,CURRAIS NOVOS                                               ,Ingestão de Álcool                                                                                  ,Atropelamento de Pedestre                                                                                                                                                                               ,Com Vítimas Feridas,Plena Noite         ,Céu Claro           ,Dupla               ,Sim       ,Motocicleta         ,Lesões Leves        ,33.0,Masculino           
31775,2017-04-24,RN,226.0,CURRAIS NOVOS                                               ,Ingestão de Álcool                                                                                  ,Atropelamento de Pedestre                                                                                                                                                                               ,Com Vítimas Feridas,Plena Noite         ,Céu Claro           ,Dupla               ,Sim       ,Motocicleta         ,Lesões Leves        ,47.0,Masculino           
31991,2017-04-25,RN,406.0,JOAO CAMARA                                                 ,Ingestão de Álcool                                                                                  ,Colisão transversal                                                                                                                                                                                     ,Com Vítimas Feridas,Plena Noite         ,Céu Claro           ,Simples             ,Sim       ,Caminhonete         ,Ileso               ,50.0,Masculino           
31991,2017-04-25,RN,406.0,JOAO CAMARA                                                 ,Ingestão de Álcool                                                                                  ,Colisão transversal                                                                                                                                                                                     ,Com Vítimas Feridas,Plena Noite         ,Céu Claro           ,Simples             ,Sim       ,Motocicleta         ,Lesões Leves        ,45.0,Masculino           
32060,2017-04-26,RN,101.0,NATAL                                                       ,Falta de Atenção à Condução                                                                         ,Colisão transversal                                                                                                                                                                                     ,Com Vítimas Feridas,Pleno dia           ,Céu Claro           ,Dupla               ,Sim       ,Automóvel           ,Ileso               ,29.0,Masculino           
32060,2017-04-26,RN,101.0,NATAL                                                       ,Falta de Atenção à Condução                                                                         ,Colisão transversal                                                                                                                                                                                     ,Com Vítimas Feridas,Pleno dia           ,Céu Claro           ,Dupla               ,Sim       ,Automóvel           ,Lesões Leves        ,49.0,Feminino            
32060,2017-04-26,RN,101.0,NATAL                                                       ,Falta de Atenção à Condução                                                                         ,Colisão transversal                                                                                                                                                                                     ,Com Vítimas Feridas,Pleno dia           ,Céu Claro           ,Dupla               ,Sim       ,Automóvel           ,Lesões Leves        ,3.0,Feminino            
32123,2017-04-06,RN,304.0,CAICARA DO RIO DO VENTO                                     ,Desobediência às normas de trânsito pelo condutor                                                   ,Colisão frontal                                                                                                                                                                                         ,Com Vítimas Fatais,Plena Noite         ,Céu Claro           ,Simples             ,Não       ,Caminhonete         ,Ileso               ,37.0,Masculino           
32123,2017-04-06,RN,304.0,CAICARA DO RIO DO VENTO                                     ,Desobediência às normas de trânsito pelo condutor                                                   ,Colisão frontal                                                                                                                                                                                         ,Com Vítimas Fatais,Plena Noite         ,Céu Claro           ,Simples             ,Não       ,Caminhão-trator     ,Ileso               ,61.0,Masculino           
32123,2017-04-06,RN,304.0,CAICARA DO RIO DO VENTO                                     ,Desobediência às normas de trânsito pelo condutor                                                   ,Colisão frontal                                                                                                                                                                                         ,Com Vítimas Fatais,Plena Noite         ,Céu Claro           ,Simples             ,Não       ,Automóvel           ,Óbito               ,41.0,Masculino           
32123,2017-04-06,RN,304.0,CAICARA DO RIO DO VENTO                                     ,Desobediência às normas de trânsito pelo condutor                                                   ,Colisão frontal                                                                                                                                                                                         ,Com Vítimas Fatais,Plena Noite         ,Céu Claro           ,Simples             ,Não       ,Automóvel           ,Óbito               ,32.0,Feminino            
32123,2017-04-06,RN,304.0,CAICARA DO RIO DO VENTO                                     ,Desobediência às normas de trânsito pelo condutor                                                   ,Colisão frontal                                                                                                                                                                                         ,Com Vítimas Fatais,Plena Noite         ,Céu Claro           ,Simples             ,Não       ,Automóvel           ,Óbito               ,18.0,Masculino           
32125,2017-04-26,RN,101.0,PARNAMIRIM                                                  ,Velocidade Incompatível                                                                             ,Tombamento                                                                                                                                                                                              ,Com Vítimas Feridas,Pleno dia           ,Céu Claro           ,Múltipla            ,Sim       ,Motocicleta         ,Lesões Leves        ,46.0,Masculino           
32126,2017-04-26,RN,110.0,MOSSORO                                                     ,Desobediência às normas de trânsito pelo condutor                                                   ,Atropelamento de Pedestre                                                                                                                                                                               ,Com Vítimas Feridas,Pleno dia           ,Céu Claro           ,Simples             ,Não       ,Motocicleta         ,Lesões Leves        ,22.0,Masculino           
32142,2017-04-26,RN,304.0,MOSSORO                                                     ,Falta de Atenção do Pedestre                                                                        ,Atropelamento de Pedestre                                                                                                                                                                               ,Com Vítimas Fatais,Pleno dia           ,Céu Claro           ,Simples             ,Sim       ,Ônibus              ,Ileso               ,41.0,Masculino           
32142,2017-04-26,RN,304.0,MOSSORO                                                     ,Falta de Atenção do Pedestre                                                                        ,Atropelamento de Pedestre                                                                                                                                                                               ,Com Vítimas Fatais,Pleno dia           ,Céu Claro           ,Simples             ,Sim       ,Ônibus              ,Óbito               ,51.0,Masculino           
32213,2017-04-26,RN,110.0,MOSSORO                                                     ,Não guardar distância de segurança                                                                  ,Colisão traseira                                                                                                                                                                                        ,Com Vítimas Feridas,Plena Noite         ,Ignorado            ,Dupla               ,Sim       ,Motocicleta         ,Ileso               ,28.0,Masculino           
32213,2017-04-26,RN,110.0,MOSSORO                                                     ,Não guardar distância de segurança                                                                  ,Colisão traseira                                                                                                                                                                                        ,Com Vítimas Feridas,Plena Noite         ,Ignorado            ,Dupla               ,Sim       ,Motocicleta         ,Lesões Leves        ,33.0,Feminino            
32213,2017-04-26,RN,110.0,MOSSORO                                                     ,Não guardar distância de segurança                                                                  ,Colisão traseira                                                                                                                                                                                        ,Com Vítimas Feridas,Plena Noite         ,Ignorado            ,Dupla               ,Sim       ,Automóvel           ,Ileso               ,32.0,Masculino           
32249,2017-04-26,RN,226.0,MACAIBA                                                     ,Ingestão de Álcool                                                                                  ,Colisão frontal                                                                                                                                                                                         ,Com Vítimas Feridas,Plena Noite         ,Céu Claro           ,Simples             ,Sim       ,Motocicleta         ,Lesões Graves       ,37.0,Masculino           
32249,2017-04-26,RN,226.0,MACAIBA                                                     ,Ingestão de Álcool                                                                                  ,Colisão frontal                                                                                                                                                                                         ,Com Vítimas Feridas,Plena Noite         ,Céu Claro           ,Simples             ,Sim       ,Motocicleta         ,Lesões Graves       ,37.0,Masculino           
32399,2017-04-27,RN,101.0,NATAL                                                       ,Falta de Atenção à Condução                                                                         ,Colisão traseira                                                                                                                                                                                        ,Com Vítimas Feridas,Pleno dia           ,Céu Claro           ,Dupla               ,Sim       ,Motocicleta         ,Lesões Leves        ,60.0,Masculino           
32399,2017-04-27,RN,101.0,NATAL                                                       ,Falta de Atenção à Condução                                                                         ,Colisão traseira                                                                                                                                                                                        ,Com Vítimas Feridas,Pleno dia           ,Céu Claro           ,Dupla               ,Sim       ,Automóvel           ,Ileso               ,58.0,Masculino           
32414,2017-04-27,RN,101.0,NATAL                                                       ,Falta de Atenção do Pedestre                                                                        ,Atropelamento de Pedestre                                                                                                                                                                               ,Com Vítimas Feridas,Pleno dia           ,Céu Claro           ,Dupla               ,Sim       ,Motocicleta         ,Lesões Leves        ,73.0,Masculino           
32414,2017-04-27,RN,101.0,NATAL                                                       ,Falta de Atenção do Pedestre                                                                        ,Atropelamento de Pedestre                                                                                                                                                                               ,Com Vítimas Feridas,Pleno dia           ,Céu Claro           ,Dupla               ,Sim       ,Motocicleta         ,Lesões Leves        ,27.0,Masculino           
32437,2017-04-27,RN,226.0,NATAL                                                       ,Falta de Atenção à Condução                                                                         ,Colisão transversal                                                                                                                                                                                     ,Com Vítimas Feridas,Pleno dia           ,Céu Claro           ,Simples             ,Sim       ,Automóvel           ,Ileso               ,49.0,Masculino           
32437,2017-04-27,RN,226.0,NATAL                                                       ,Falta de Atenção à Condução                                                                         ,Colisão transversal                                                                                                                                                                                     ,Com Vítimas Feridas,Pleno dia           ,Céu Claro           ,Simples             ,Sim       ,Motocicleta         ,Lesões Graves       ,36.0,Masculino           
32461,2017-04-27,RN,101.0,NATAL                                                       ,Falta de Atenção do Pedestre                                                                        ,Atropelamento de Pedestre                                                                                                                                                                               ,Com Vítimas Feridas,Pleno dia           ,Céu Claro           ,Dupla               ,Sim       ,Motocicleta         ,Lesões Leves        ,57.0,Masculino           
32461,2017-04-27,RN,101.0,NATAL                                                       ,Falta de Atenção do Pedestre                                                                        ,Atropelamento de Pedestre                                                                                                                                                                               ,Com Vítimas Feridas,Pleno dia           ,Céu Claro           ,Dupla               ,Sim       ,Motocicleta         ,Ileso               ,27.0,Feminino            
32461,2017-04-27,RN,101.0,NATAL                                                       ,Falta de Atenção do Pedestre                                                                        ,Atropelamento de Pedestre                                                                                                                                                                               ,Com Vítimas Feridas,Pleno dia           ,Céu Claro           ,Dupla               ,Sim       ,Motocicleta         ,Lesões Graves       ,28.0,Masculino           
32519,2017-04-27,RN,101.0,NATAL                                                       ,Falta de Atenção do Pedestre                                                                        ,Atropelamento de Pedestre                                                                                                                                                                               ,Com Vítimas Feridas,Plena Noite         ,Céu Claro           ,Dupla               ,Sim       ,Automóvel           ,Lesões Leves        ,68.0,Masculino           
32519,2017-04-27,RN,101.0,NATAL                                                       ,Falta de Atenção do Pedestre                                                                        ,Atropelamento de Pedestre                                                                                                                                                                               ,Com Vítimas Feridas,Plena Noite         ,Céu Claro           ,Dupla               ,Sim       ,Automóvel           ,Ileso               ,47.0,Masculino           
32574,2017-04-27,RN,101.0,CANGUARETAMA                                                ,Animais na Pista                                                                                    ,Atropelamento de Animal                                                                                                                                                                                 ,Sem Vítimas,Plena Noite         ,Céu Claro           ,Dupla               ,Não       ,Automóvel           ,Ileso               ,56.0,Masculino           
32677,2017-04-14,RN,226.0,TANGARA                                                     ,Falta de Atenção à Condução                                                                         ,Atropelamento de Pedestre                                                                                                                                                                               ,Com Vítimas Feridas,Pleno dia           ,Céu Claro           ,Simples             ,Sim       ,Motocicleta         ,Não Informado       ,,Não Informado       
32677,2017-04-14,RN,226.0,TANGARA                                                     ,Falta de Atenção à Condução                                                                         ,Atropelamento de Pedestre                                                                                                                                                                               ,Com Vítimas Feridas,Pleno dia           ,Céu Claro           ,Simples             ,Sim       ,Motocicleta         ,Lesões Graves       ,26.0,Masculino           
32677,2017-04-14,RN,226.0,TANGARA                                                     ,Falta de Atenção à Condução                                                                         ,Atropelamento de Pedestre                                                                                                                                                                               ,Com Vítimas Feridas,Pleno dia           ,Céu Claro           ,Simples             ,Sim       ,Automóvel           ,Não Informado       ,,Não Informado       
32722,2017-04-28,RN,304.0,MACAIBA                                                     ,Ingestão de Álcool                                                                                  ,Colisão frontal                                                                                                                                                                                         ,Com Vítimas Feridas,Pleno dia           ,Chuva               ,Simples             ,Não       ,Motoneta            ,Lesões Graves       ,,Masculino           
32722,2017-04-28,RN,304.0,MACAIBA                                                     ,Ingestão de Álcool                                                                                  ,Colisão frontal                                                                                                                                                                                         ,Com Vítimas Feridas,Pleno dia           ,Chuva               ,Simples             ,Não       ,Automóvel           ,Ileso               ,45.0,Feminino            
32746,2017-04-28,RN,226.0,SANTA CRUZ                                                  ,Falta de Atenção à Condução                                                                         ,Colisão transversal                                                                                                                                                                                     ,Com Vítimas Feridas,Pleno dia           ,Garoa/Chuvisco      ,Simples             ,Não       ,Micro-ônibus        ,Lesões Leves        ,72.0,Masculino           
32746,2017-04-28,RN,226.0,SANTA CRUZ                                                  ,Falta de Atenção à Condução                                                                         ,Colisão transversal                                                                                                                                                                                     ,Com Vítimas Feridas,Pleno dia           ,Garoa/Chuvisco      ,Simples             ,Não       ,Micro-ônibus        ,Lesões Leves        ,53.0,Feminino            
32746,2017-04-28,RN,226.0,SANTA CRUZ                                                  ,Falta de Atenção à Condução                                                                         ,Colisão transversal                                                                                                                                                                                     ,Com Vítimas Feridas,Pleno dia           ,Garoa/Chuvisco      ,Simples             ,Não       ,Micro-ônibus        ,Lesões Leves        ,50.0,Masculino           
32746,2017-04-28,RN,226.0,SANTA CRUZ                                                  ,Falta de Atenção à Condução                                                                         ,Colisão transversal                                                                                                                                                                                     ,Com Vítimas Feridas,Pleno dia           ,Garoa/Chuvisco      ,Simples             ,Não       ,Micro-ônibus        ,Lesões Leves        ,49.0,Feminino            
32746,2017-04-28,RN,226.0,SANTA CRUZ                                                  ,Falta de Atenção à Condução                                                                         ,Colisão transversal                                                                                                                                                                                     ,Com Vítimas Feridas,Pleno dia           ,Garoa/Chuvisco      ,Simples             ,Não       ,Micro-ônibus        ,Lesões Leves        ,59.0,Masculino           
32746,2017-04-28,RN,226.0,SANTA CRUZ                                                  ,Falta de Atenção à Condução                                                                         ,Colisão transversal                                                                                                                                                                                     ,Com Vítimas Feridas,Pleno dia           ,Garoa/Chuvisco      ,Simples             ,Não       ,Micro-ônibus        ,Lesões Leves        ,76.0,Masculino           
32746,2017-04-28,RN,226.0,SANTA CRUZ                                                  ,Falta de Atenção à Condução                                                                         ,Colisão transversal                                                                                                                                                                                     ,Com Vítimas Feridas,Pleno dia           ,Garoa/Chuvisco      ,Simples             ,Não       ,Micro-ônibus        ,Lesões Leves        ,1916.0,Feminino            
32746,2017-04-28,RN,226.0,SANTA CRUZ                                                  ,Falta de Atenção à Condução                                                                         ,Colisão transversal                                                                                                                                                                                     ,Com Vítimas Feridas,Pleno dia           ,Garoa/Chuvisco      ,Simples             ,Não       ,Micro-ônibus        ,Lesões Leves        ,75.0,Masculino           
32746,2017-04-28,RN,226.0,SANTA CRUZ                                                  ,Falta de Atenção à Condução                                                                         ,Colisão transversal                                                                                                                                                                                     ,Com Vítimas Feridas,Pleno dia           ,Garoa/Chuvisco      ,Simples             ,Não       ,Micro-ônibus        ,Lesões Leves        ,49.0,Feminino            
32746,2017-04-28,RN,226.0,SANTA CRUZ                                                  ,Falta de Atenção à Condução                                                                         ,Colisão transversal                                                                                                                                                                                     ,Com Vítimas Feridas,Pleno dia           ,Garoa/Chuvisco      ,Simples             ,Não       ,Micro-ônibus        ,Lesões Leves        ,35.0,Masculino           
32746,2017-04-28,RN,226.0,SANTA CRUZ                                                  ,Falta de Atenção à Condução                                                                         ,Colisão transversal                                                                                                                                                                                     ,Com Vítimas Feridas,Pleno dia           ,Garoa/Chuvisco      ,Simples             ,Não       ,Micro-ônibus        ,Lesões Leves        ,36.0,Feminino            
32746,2017-04-28,RN,226.0,SANTA CRUZ                                                  ,Falta de Atenção à Condução                                                                         ,Colisão transversal                                                                                                                                                                                     ,Com Vítimas Feridas,Pleno dia           ,Garoa/Chuvisco      ,Simples             ,Não       ,Micro-ônibus        ,Lesões Leves        ,69.0,Masculino           
32746,2017-04-28,RN,226.0,SANTA CRUZ                                                  ,Falta de Atenção à Condução                                                                         ,Colisão transversal                                                                                                                                                                                     ,Com Vítimas Feridas,Pleno dia           ,Garoa/Chuvisco      ,Simples             ,Não       ,Micro-ônibus        ,Lesões Leves        ,55.0,Feminino            
32746,2017-04-28,RN,226.0,SANTA CRUZ                                                  ,Falta de Atenção à Condução                                                                         ,Colisão transversal                                                                                                                                                                                     ,Com Vítimas Feridas,Pleno dia           ,Garoa/Chuvisco      ,Simples             ,Não       ,Automóvel           ,Lesões Leves        ,26.0,Masculino           
32746,2017-04-28,RN,226.0,SANTA CRUZ                                                  ,Falta de Atenção à Condução                                                                         ,Colisão transversal                                                                                                                                                                                     ,Com Vítimas Feridas,Pleno dia           ,Garoa/Chuvisco      ,Simples             ,Não       ,Automóvel           ,Lesões Leves        ,20.0,Masculino           
32979,2017-04-29,RN,406.0,TAIPU                                                       ,Falta de Atenção à Condução                                                                         ,Engavetamento                                                                                                                                                                                           ,Sem Vítimas,Pleno dia           ,Céu Claro           ,Simples             ,Não       ,Automóvel           ,Ileso               ,32.0,Masculino           
32979,2017-04-29,RN,406.0,TAIPU                                                       ,Falta de Atenção à Condução                                                                         ,Engavetamento                                                                                                                                                                                           ,Sem Vítimas,Pleno dia           ,Céu Claro           ,Simples             ,Não       ,Ônibus              ,Ileso               ,50.0,Masculino           
32979,2017-04-29,RN,406.0,TAIPU                                                       ,Falta de Atenção à Condução                                                                         ,Engavetamento                                                                                                                                                                                           ,Sem Vítimas,Pleno dia           ,Céu Claro           ,Simples             ,Não       ,Caminhonete         ,Ileso               ,56.0,Masculino           
33056,2017-04-29,RN,226.0,CURRAIS NOVOS                                               ,Ingestão de Álcool                                                                                  ,Colisão com objeto estático                                                                                                                                                                             ,Com Vítimas Feridas,Pleno dia           ,Céu Claro           ,Simples             ,Não       ,Motocicleta         ,Lesões Leves        ,30.0,Masculino           
33118,2017-04-29,RN,110.0,MOSSORO                                                     ,Não guardar distância de segurança                                                                  ,Colisão traseira                                                                                                                                                                                        ,Com Vítimas Feridas,Plena Noite         ,Céu Claro           ,Dupla               ,Sim       ,Motocicleta         ,Lesões Leves        ,42.0,Masculino           
33118,2017-04-29,RN,110.0,MOSSORO                                                     ,Não guardar distância de segurança                                                                  ,Colisão traseira                                                                                                                                                                                        ,Com Vítimas Feridas,Plena Noite         ,Céu Claro           ,Dupla               ,Sim       ,Automóvel           ,Ileso               ,35.0,Masculino           
33216,2017-04-29,RN,304.0,ACU                                                         ,Condutor Dormindo                                                                                   ,Colisão traseira                                                                                                                                                                                        ,Com Vítimas Feridas,Plena Noite         ,Céu Claro           ,Simples             ,Não       ,Caminhão            ,Ileso               ,34.0,Masculino           
33216,2017-04-29,RN,304.0,ACU                                                         ,Condutor Dormindo                                                                                   ,Colisão traseira                                                                                                                                                                                        ,Com Vítimas Feridas,Plena Noite         ,Céu Claro           ,Simples             ,Não       ,Automóvel           ,Lesões Graves       ,28.0,Feminino            
33216,2017-04-29,RN,304.0,ACU                                                         ,Condutor Dormindo                                                                                   ,Colisão traseira                                                                                                                                                                                        ,Com Vítimas Feridas,Plena Noite         ,Céu Claro           ,Simples             ,Não       ,Automóvel           ,Lesões Leves        ,32.0,Masculino           
33244,2017-04-30,RN,101.0,PARNAMIRIM                                                  ,Falta de Atenção à Condução                                                                         ,Colisão com objeto estático                                                                                                                                                                             ,Com Vítimas Fatais,Plena Noite         ,Chuva               ,Dupla               ,Sim       ,Motocicleta         ,Óbito               ,32.0,Masculino           
33256,2017-04-30,RN,110.0,MOSSORO                                                     ,Desobediência às normas de trânsito pelo condutor                                                   ,Colisão transversal                                                                                                                                                                                     ,Com Vítimas Feridas,Plena Noite         ,Céu Claro           ,Simples             ,Sim       ,Motoneta            ,Lesões Leves        ,28.0,Masculino           
33256,2017-04-30,RN,110.0,MOSSORO                                                     ,Desobediência às normas de trânsito pelo condutor                                                   ,Colisão transversal                                                                                                                                                                                     ,Com Vítimas Feridas,Plena Noite         ,Céu Claro           ,Simples             ,Sim       ,Automóvel           ,Ileso               ,20.0,Feminino            
33259,2017-04-30,RN,304.0,MOSSORO                                                     ,Mal Súbito                                                                                          ,Queda de ocupante de veículo                                                                                                                                                                            ,Com Vítimas Feridas,Plena Noite         ,Céu Claro           ,Dupla               ,Não       ,Motoneta            ,Lesões Leves        ,44.0,Masculino           
33259,2017-04-30,RN,304.0,MOSSORO                                                     ,Mal Súbito                                                                                          ,Queda de ocupante de veículo                                                                                                                                                                            ,Com Vítimas Feridas,Plena Noite         ,Céu Claro           ,Dupla               ,Não       ,Motoneta            ,Lesões Graves       ,32.0,Masculino           
33389,2017-04-30,RN,405.0,SEVERIANO MELO                                              ,Defeito Mecânico no Veículo                                                                         ,Incêndio                                                                                                                                                                                                ,Sem Vítimas,Pleno dia           ,Céu Claro           ,Simples             ,Não       ,Caminhão-trator     ,Ileso               ,31.0,Masculino           
33395,2017-04-30,RN,406.0,CEARA-MIRIM                                                 ,Ingestão de Álcool                                                                                  ,Colisão com objeto estático                                                                                                                                                                             ,Sem Vítimas,Pleno dia           ,Sol                 ,Simples             ,Sim       ,Caminhão            ,Ileso               ,45.0,Masculino           
33425,2017-04-30,RN,406.0,CEARA-MIRIM                                                 ,Falta de Atenção à Condução                                                                         ,Colisão traseira                                                                                                                                                                                        ,Com Vítimas Fatais,Plena Noite         ,Céu Claro           ,Simples             ,Não       ,Bicicleta           ,Óbito               ,33.0,Masculino           
33425,2017-04-30,RN,406.0,CEARA-MIRIM                                                 ,Falta de Atenção à Condução                                                                         ,Colisão traseira                                                                                                                                                                                        ,Com Vítimas Fatais,Plena Noite         ,Céu Claro           ,Simples             ,Não       ,Motocicleta         ,Ileso               ,,Não Informado       
33425,2017-04-30,RN,406.0,CEARA-MIRIM                                                 ,Falta de Atenção à Condução                                                                         ,Colisão traseira                                                                                                                                                                                        ,Com Vítimas Fatais,Plena Noite         ,Céu Claro           ,Simples             ,Não       ,Ônibus              ,Ileso               ,41.0,Masculino           
33617,2017-05-01,RN,304.0,MOSSORO                                                     ,Desobediência às normas de trânsito pelo condutor                                                   ,Colisão transversal                                                                                                                                                                                     ,Com Vítimas Feridas,Pleno dia           ,Céu Claro           ,Dupla               ,Sim       ,Automóvel           ,Ileso               ,26.0,Masculino           
33617,2017-05-01,RN,304.0,MOSSORO                                                     ,Desobediência às normas de trânsito pelo condutor                                                   ,Colisão transversal                                                                                                                                                                                     ,Com Vítimas Feridas,Pleno dia           ,Céu Claro           ,Dupla               ,Sim       ,Ciclomotor          ,Lesões Leves        ,,Masculino           
33626,2017-05-01,RN,101.0,EXTREMOZ                                                    ,Falta de Atenção à Condução                                                                         ,Engavetamento                                                                                                                                                                                           ,Sem Vítimas,Pleno dia           ,Nublado             ,Simples             ,Não       ,Automóvel           ,Ileso               ,53.0,Masculino           
33626,2017-05-01,RN,101.0,EXTREMOZ                                                    ,Falta de Atenção à Condução                                                                         ,Engavetamento                                                                                                                                                                                           ,Sem Vítimas,Pleno dia           ,Nublado             ,Simples             ,Não       ,Automóvel           ,Ileso               ,51.0,Masculino           
33626,2017-05-01,RN,101.0,EXTREMOZ                                                    ,Falta de Atenção à Condução                                                                         ,Engavetamento                                                                                                                                                                                           ,Sem Vítimas,Pleno dia           ,Nublado             ,Simples             ,Não       ,Automóvel           ,Ileso               ,47.0,Masculino           
33626,2017-05-01,RN,101.0,EXTREMOZ                                                    ,Falta de Atenção à Condução                                                                         ,Engavetamento                                                                                                                                                                                           ,Sem Vítimas,Pleno dia           ,Nublado             ,Simples             ,Não       ,Automóvel           ,Ileso               ,34.0,Masculino           
33652,2017-05-01,RN,304.0,MOSSORO                                                     ,Deficiência ou não Acionamento do Sistema de Iluminação/Sinalização do Veículo                      ,Colisão traseira                                                                                                                                                                                        ,Com Vítimas Feridas,Anoitecer           ,Céu Claro           ,Simples             ,Não       ,Motocicleta         ,Ileso               ,59.0,Masculino           
33652,2017-05-01,RN,304.0,MOSSORO                                                     ,Deficiência ou não Acionamento do Sistema de Iluminação/Sinalização do Veículo                      ,Colisão traseira                                                                                                                                                                                        ,Com Vítimas Feridas,Anoitecer           ,Céu Claro           ,Simples             ,Não       ,Motocicleta         ,Lesões Leves        ,25.0,Masculino           
33655,2017-05-01,RN,226.0,MACAIBA                                                     ,Falta de Atenção à Condução                                                                         ,Atropelamento de Pedestre                                                                                                                                                                               ,Com Vítimas Feridas,Plena Noite         ,Nublado             ,Simples             ,Sim       ,Automóvel           ,Lesões Leves        ,31.0,Masculino           
33655,2017-05-01,RN,226.0,MACAIBA                                                     ,Falta de Atenção à Condução                                                                         ,Atropelamento de Pedestre                                                                                                                                                                               ,Com Vítimas Feridas,Plena Noite         ,Nublado             ,Simples             ,Sim       ,Automóvel           ,Lesões Leves        ,30.0,Masculino           
33655,2017-05-01,RN,226.0,MACAIBA                                                     ,Falta de Atenção à Condução                                                                         ,Atropelamento de Pedestre                                                                                                                                                                               ,Com Vítimas Feridas,Plena Noite         ,Nublado             ,Simples             ,Sim       ,Automóvel           ,Ileso               ,,Ignorado            
33657,2017-05-01,RN,304.0,MACAIBA                                                     ,Falta de Atenção à Condução                                                                         ,Colisão traseira                                                                                                                                                                                        ,Com Vítimas Feridas,Plena Noite         ,Céu Claro           ,Simples             ,Sim       ,Motocicleta         ,Lesões Graves       ,32.0,Masculino           
33657,2017-05-01,RN,304.0,MACAIBA                                                     ,Falta de Atenção à Condução                                                                         ,Colisão traseira                                                                                                                                                                                        ,Com Vítimas Feridas,Plena Noite         ,Céu Claro           ,Simples             ,Sim       ,Motocicleta         ,Lesões Leves        ,55.0,Masculino           
33657,2017-05-01,RN,304.0,MACAIBA                                                     ,Falta de Atenção à Condução                                                                         ,Colisão traseira                                                                                                                                                                                        ,Com Vítimas Feridas,Plena Noite         ,Céu Claro           ,Simples             ,Sim       ,Automóvel           ,Não Informado       ,,Não Informado       