id,data_inversa,uf,br,municipio,causa_acidente,tipo_acidente,classificacao_acidente,fase_dia,condicao_metereologica,tipo_pista,uso_solo,tipo_veiculo,estado_fisico,idade,sexo
33710,2017-05-01,RN,101.0,GOIANINHA                                                   ,Animais na Pista                                                                                    ,Atropelamento de Animal                                                                                                                                                                                 ,Com Vítimas Feridas,Plena Noite         ,Céu Claro           ,Simples             ,Sim       ,Caminhonete         ,Ileso               ,30.0,Masculino           
33710,2017-05-01,RN,101.0,GOIANINHA                                                   ,Animais na Pista                                                                                    ,Atropelamento de Animal                                                                                                                                                                                 ,Com Vítimas Feridas,Plena Noite         ,Céu Claro           ,Simples             ,Sim       ,Caminhonete         ,Lesões Graves       ,30.0,Masculino           
33802,2017-05-02,RN,101.0,NATAL                                                       ,Falta de Atenção à Condução                                                                         ,Colisão lateral                                                                                                                                                                                         ,Com Vítimas Feridas,Pleno dia           ,Nublado             ,Múltipla            ,Sim       ,Automóvel           ,Ileso               ,56.0,Masculino           
33802,2017-05-02,RN,101.0,NATAL                                                       ,Falta de Atenção à Condução                                                                         ,Colisão lateral                                                                                                                                                                                         ,Com Vítimas Feridas,Pleno dia           ,Nublado             ,Múltipla            ,Sim       ,Motocicleta         ,Lesões Leves        ,33.0,Masculino           
33896,2017-05-02,RN,304.0,MACAIBA                                                     ,Falta de Atenção à Condução                                                                         ,Colisão transversal                                                                                                                                                                                     ,Com Vítimas Feridas,Pleno dia           ,Nublado             ,Simples             ,Sim       ,Automóvel           ,Ileso               ,31.0,Masculino           
33896,2017-05-02,RN,304.0,MACAIBA                                                     ,Falta de Atenção à Condução                                                                         ,Colisão transversal                                                                                                                                                                                     ,Com Vítimas Feridas,Pleno dia           ,Nublado             ,Simples             ,Sim       ,Motocicleta         ,Lesões Leves        ,26.0,Masculino           
33896,2017-05-02,RN,304.0,MACAIBA                                                     ,Falta de Atenção à Condução                                                                         ,Colisão transversal                                                                                                                                                                                     ,Com Vítimas Feridas,Pleno dia           ,Nublado             ,Simples             ,Sim       ,Motocicleta         ,Lesões Leves        ,30.0,Masculino           
33899,2017-01-14,RN,101.0,SAO GONCALO DO AMARANTE                                     ,Falta de Atenção do Pedestre                                                                        ,Atropelamento de Pedestre                                                                                                                                                                               ,Com Vítimas Feridas,Plena Noite         ,Céu Claro           ,Dupla               ,Sim       ,Automóvel           ,Ileso               ,37.0,Masculino           
33899,2017-01-14,RN,101.0,SAO GONCALO DO AMARANTE                                     ,Falta de Atenção do Pedestre                                                                        ,Atropelamento de Pedestre                                                                                                                                                                               ,Com Vítimas Feridas,Plena Noite         ,Céu Claro           ,Dupla               ,Sim       ,Automóvel           ,Lesões Graves       ,42.0,Masculino           
33983,2017-05-02,RN,304.0,ACU                                                         ,Objeto estático sobre o leito carroçável                                                            ,Atropelamento de Animal                                                                                                                                                                                 ,Com Vítimas Feridas,Plena Noite         ,Céu Claro           ,Dupla               ,Não       ,Automóvel           ,Lesões Leves        ,25.0,Masculino           
33994,2017-05-02,RN,304.0,MACAIBA                                                     ,Animais na Pista                                                                                    ,Atropelamento de Animal                                                                                                                                                                                 ,Com Vítimas Feridas,Plena Noite         ,Céu Claro           ,Simples             ,Não       ,Motocicleta         ,Lesões Graves       ,52.0,Masculino           
34059,2017-02-04,RN,406.0,CEARA-MIRIM                                                 ,Falta de Atenção à Condução                                                                         ,Colisão transversal                                                                                                                                                                                     ,Com Vítimas Feridas,Pleno dia           ,Céu Claro           ,Simples             ,Não       ,Automóvel           ,Não Informado       ,,Não Informado       
34059,2017-02-04,RN,406.0,CEARA-MIRIM                                                 ,Falta de Atenção à Condução                                                                         ,Colisão transversal                                                                                                                                                                                     ,Com Vítimas Feridas,Pleno dia           ,Céu Claro           ,Simples             ,Não       ,Motocicleta         ,Lesões Graves       ,,Masculino           
34168,2017-05-03,RN,101.0,NATAL                                                       ,Defeito Mecânico no Veículo                                                                         ,Colisão com objeto em movimento                                                                                                                                                                         ,Com Vítimas Feridas,Anoitecer           ,Céu Claro           ,Simples             ,Sim       ,Motocicleta         ,Lesões Leves        ,53.0,Masculino           
34168,2017-05-03,RN,101.0,NATAL                                                       ,Defeito Mecânico no Veículo                                                                         ,Colisão com objeto em movimento                                                                                                                                                                         ,Com Vítimas Feridas,Anoitecer           ,Céu Claro           ,Simples             ,Sim       ,Automóvel           ,Ileso               ,32.0,Masculino           
34181,2017-05-03,RN,304.0,LAJES                                                       ,Falta de Atenção à Condução                                                                         ,Colisão traseira                                                                                                                                                                                        ,Sem Vítimas,Plena Noite         ,Céu Claro           ,Simples             ,Sim       ,Carroça-charrete    ,Não Informado       ,,Não Informado       
34181,2017-05-03,RN,304.0,LAJES                                                       ,Falta de Atenção à Condução                                                                         ,Colisão traseira                                                                                                                                                                                        ,Sem Vítimas,Plena Noite         ,Céu Claro           ,Simples             ,Sim       ,Caminhão            ,Não Informado       ,,Não Informado       
34255,2017-05-03,RN,406.0,POCO BRANCO                                                 ,Pista Escorregadia                                                                                  ,Capotamento                                                                                                                                                                                             ,Com Vítimas Feridas,Pleno dia           ,Céu Claro           ,Simples             ,Não       ,Utilitário          ,Lesões Leves        ,39.0,Masculino           
34288,2017-05-04,RN,405.0,MOSSORO                                                     ,Falta de Atenção à Condução                                                                         ,Colisão transversal                                                                                                                                                                                     ,Com Vítimas Feridas,Pleno dia           ,Sol                 ,Dupla               ,Não       ,Motocicleta         ,Lesões Leves        ,23.0,Masculino           
34288,2017-05-04,RN,405.0,MOSSORO                                                     ,Falta de Atenção à Condução                                                                         ,Colisão transversal                                                                                                                                                                                     ,Com Vítimas Feridas,Pleno dia           ,Sol                 ,Dupla               ,Não       ,Micro-ônibus        ,Ileso               ,30.0,Masculino           
34296,2017-05-04,RN,101.0,SAO GONCALO DO AMARANTE                                     ,Falta de Atenção à Condução                                                                         ,Colisão lateral                                                                                                                                                                                         ,Com Vítimas Feridas,Pleno dia           ,Céu Claro           ,Dupla               ,Sim       ,Motocicleta         ,Lesões Graves       ,37.0,Masculino           
34296,2017-05-04,RN,101.0,SAO GONCALO DO AMARANTE                                     ,Falta de Atenção à Condução                                                                         ,Colisão lateral                                                                                                                                                                                         ,Com Vítimas Feridas,Pleno dia           ,Céu Claro           ,Dupla               ,Sim       ,Motocicleta         ,Lesões Graves       ,23.0,Masculino           
34327,2017-05-04,RN,304.0,MOSSORO                                                     ,Falta de Atenção à Condução                                                                         ,Incêndio                                                                                                                                                                                                ,Sem Vítimas,Pleno dia           ,Céu Claro           ,Dupla               ,Sim       ,Ciclomotor          ,Ileso               ,,Não Informado       
34327,2017-05-04,RN,304.0,MOSSORO                                                     ,Falta de Atenção à Condução                                                                         ,Incêndio                                                                                                                                                                                                ,Sem Vítimas,Pleno dia           ,Céu Claro           ,Dupla               ,Sim       ,Ciclomotor          ,Ileso               ,,Não Informado       
34399,2017-05-04,RN,101.0,NATAL                                                       ,Restrição de Visibilidade                                                                           ,Colisão traseira                                                                                                                                                                                        ,Com Vítimas Feridas,Pleno dia           ,Nublado             ,Simples             ,Sim       ,Bicicleta           ,Lesões Leves        ,53.0,Masculino           
34399,2017-05-04,RN,101.0,NATAL                                                       ,Restrição de Visibilidade                                                                           ,Colisão traseira                                                                                                                                                                                        ,Com Vítimas Feridas,Pleno dia           ,Nublado             ,Simples             ,Sim       ,Caminhonete         ,Ileso               ,56.0,Masculino           
34450,2017-05-04,RN,406.0,CEARA-MIRIM                                                 ,Animais na Pista                                                                                    ,Atropelamento de Animal                                                                                                                                                                                 ,Com Vítimas Feridas,Plena Noite         ,Céu Claro           ,Simples             ,Não       ,Motocicleta         ,Lesões Leves        ,30.0,Masculino           
34492,2017-05-05,RN,101.0,PARNAMIRIM                                                  ,Falta de Atenção à Condução                                                                         ,Colisão lateral                                                                                                                                                                                         ,Com Vítimas Feridas,Plena Noite         ,Nublado             ,Dupla               ,Sim       ,Automóvel           ,Não Informado       ,,Não Informado       
34492,2017-05-05,RN,101.0,PARNAMIRIM                                                  ,Falta de Atenção à Condução                                                                         ,Colisão lateral                                                                                                                                                                                         ,Com Vítimas Feridas,Plena Noite         ,Nublado             ,Dupla               ,Sim       ,Motocicleta         ,Lesões Leves        ,25.0,Masculino           
34526,2017-05-05,RN,110.0,MOSSORO                                                     ,Não guardar distância de segurança                                                                  ,Colisão lateral                                                                                                                                                                                         ,Com Vítimas Feridas,Pleno dia           ,Céu Claro           ,Dupla               ,Sim       ,Automóvel           ,Ileso               ,,Masculino           
34526,2017-05-05,RN,110.0,MOSSORO                                                     ,Não guardar distância de segurança                                                                  ,Colisão lateral                                                                                                                                                                                         ,Com Vítimas Feridas,Pleno dia           ,Céu Claro           ,Dupla               ,Sim       ,Motocicleta         ,Lesões Leves        ,20.0,Masculino           
34530,2017-05-05,RN,101.0,PARNAMIRIM                                                  ,Não guardar distância de segurança                                                                  ,Tombamento                                                                                                                                                                                              ,Com Vítimas Feridas,Pleno dia           ,Céu Claro           ,Dupla               ,Sim       ,Motocicleta         ,Lesões Leves        ,23.0,Feminino            
34530,2017-05-05,RN,101.0,PARNAMIRIM                                                  ,Não guardar distância de segurança                                                                  ,Tombamento                                                                                                                                                                                              ,Com Vítimas Feridas,Pleno dia           ,Céu Claro           ,Dupla               ,Sim       ,Motocicleta         ,Lesões Leves        ,24.0,Masculino           
34649,2017-05-05,RN,226.0,NATAL                                                       ,Não guardar distância de segurança                                                                  ,Colisão traseira                                                                                                                                                                                        ,Com Vítimas Feridas,Pleno dia           ,Céu Claro           ,Simples             ,Sim       ,Motocicleta         ,Lesões Leves        ,18.0,Masculino           
34649,2017-05-05,RN,226.0,NATAL                                                       ,Não guardar distância de segurança                                                                  ,Colisão traseira                                                                                                                                                                                        ,Com Vítimas Feridas,Pleno dia           ,Céu Claro           ,Simples             ,Sim       ,Motocicleta         ,Lesões Leves        ,25.0,Masculino           
34649,2017-05-05,RN,226.0,NATAL                                                       ,Não guardar distância de segurança                                                                  ,Colisão traseira                                                                                                                                                                                        ,Com Vítimas Feridas,Pleno dia           ,Céu Claro           ,Simples             ,Sim       ,Automóvel           ,Ileso               ,46.0,Masculino           
34670,2017-05-05,RN,110.0,UPANEMA                                                     ,Falta de Atenção à Condução                                                                         ,Colisão traseira                                                                                                                                                                                        ,Com Vítimas Feridas,Anoitecer           ,Céu Claro           ,Simples             ,Não       ,Trator de rodas     ,Não Informado       ,,Não Informado       
34670,2017-05-05,RN,110.0,UPANEMA                                                     ,Falta de Atenção à Condução                                                                         ,Colisão traseira                                                                                                                                                                                        ,Com Vítimas Feridas,Anoitecer           ,Céu Claro           ,Simples             ,Não       ,Automóvel           ,Lesões Graves       ,69.0,Masculino           
34737,2017-05-05,RN,406.0,SAO GONCALO DO AMARANTE                                     ,Animais na Pista                                                                                    ,Atropelamento de Animal                                                                                                                                                                                 ,Com Vítimas Feridas,Plena Noite         ,Céu Claro           ,Simples             ,Não       ,Motocicleta         ,Lesões Graves       ,21.0,Masculino           
34737,2017-05-05,RN,406.0,SAO GONCALO DO AMARANTE                                     ,Animais na Pista                                                                                    ,Atropelamento de Animal                                                                                                                                                                                 ,Com Vítimas Feridas,Plena Noite         ,Céu Claro           ,Simples             ,Não       ,Motocicleta         ,Lesões Graves       ,30.0,Feminino            
34749,2017-05-05,RN,405.0,APODI                                                       ,Ingestão de Álcool                                                                                  ,Colisão frontal                                                                                                                                                                                         ,Com Vítimas Feridas,Plena Noite         ,Céu Claro           ,Simples             ,Não       ,Utilitário          ,Ileso               ,34.0,Masculino           
34749,2017-05-05,RN,405.0,APODI                                                       ,Ingestão de Álcool                                                                                  ,Colisão frontal                                                                                                                                                                                         ,Com Vítimas Feridas,Plena Noite         ,Céu Claro           ,Simples             ,Não       ,Automóvel           ,Lesões Leves        ,40.0,Masculino           
34781,2017-05-05,RN,101.0,SAO JOSE DE MIPIBU                                          ,Falta de Atenção do Pedestre                                                                        ,Atropelamento de Pedestre                                                                                                                                                                               ,Com Vítimas Fatais,Plena Noite         ,Céu Claro           ,Dupla               ,Sim       ,Automóvel           ,Óbito               ,42.0,Masculino           
34781,2017-05-05,RN,101.0,SAO JOSE DE MIPIBU                                          ,Falta de Atenção do Pedestre                                                                        ,Atropelamento de Pedestre                                                                                                                                                                               ,Com Vítimas Fatais,Plena Noite         ,Céu Claro           ,Dupla               ,Sim       ,Automóvel           ,Ileso               ,27.0,Masculino           
34793,2017-05-06,RN,101.0,CANGUARETAMA                                                ,Ingestão de Álcool                                                                                  ,Colisão frontal                                                                                                                                                                                         ,Com Vítimas Feridas,Plena Noite         ,Céu Claro           ,Dupla               ,Sim       ,Motocicleta         ,Lesões Graves       ,29.0,Masculino           
34793,2017-05-06,RN,101.0,CANGUARETAMA                                                ,Ingestão de Álcool                                                                                  ,Colisão frontal                                                                                                                                                                                         ,Com Vítimas Feridas,Plena Noite         ,Céu Claro           ,Dupla               ,Sim       ,Automóvel           ,Ileso               ,27.0,Masculino           
34900,2017-03-31,RN,304.0,MACAIBA                                                     ,Não guardar distância de segurança                                                                  ,Colisão traseira                                                                                                                                                                                        ,Com Vítimas Feridas,Plena Noite         ,Nublado             ,Simples             ,Não       ,Caminhão-trator     ,Ileso               ,50.0,Masculino           
34900,2017-03-31,RN,304.0,MACAIBA                                                     ,Não guardar distância de segurança                                                                  ,Colisão traseira                                                                                                                                                                                        ,Com Vítimas Feridas,Plena Noite         ,Nublado             ,Simples             ,Não       ,Caminhão-trator     ,Lesões Leves        ,48.0,Masculino           
34903,2017-05-06,RN,226.0,NATAL                                                       ,Falta de Atenção à Condução                                                                         ,Colisão transversal                                                                                                                                                                                     ,Com Vítimas Feridas,Pleno dia           ,Céu Claro           ,Simples             ,Sim       ,Automóvel           ,Lesões Leves        ,53.0,Masculino           
34903,2017-05-06,RN,226.0,NATAL                                                       ,Falta de Atenção à Condução                                                                         ,Colisão transversal                                                                                                                                                                                     ,Com Vítimas Feridas,Pleno dia           ,Céu Claro           ,Simples             ,Sim       ,Caminhonete         ,Lesões Leves        ,31.0,Masculino           
35117,2017-05-07,RN,405.0,MOSSORO                                                     ,Ingestão de Álcool                                                                                  ,Colisão transversal                                                                                                                                                                                     ,Com Vítimas Feridas,Plena Noite         ,Céu Claro           ,Dupla               ,Sim       ,Ciclomotor          ,Lesões Leves        ,75.0,Masculino           
35117,2017-05-07,RN,405.0,MOSSORO                                                     ,Ingestão de Álcool                                                                                  ,Colisão transversal                                                                                                                                                                                     ,Com Vítimas Feridas,Plena Noite         ,Céu Claro           ,Dupla               ,Sim       ,Automóvel           ,Não Informado       ,,Não Informado       
35228,2017-05-07,RN,110.0,AUGUSTO SEVERO                                              ,Desobediência às normas de trânsito pelo condutor                                                   ,Colisão lateral                                                                                                                                                                                         ,Com Vítimas Feridas,Pleno dia           ,Céu Claro           ,Simples             ,Não       ,Automóvel           ,Ileso               ,37.0,Feminino            
35228,2017-05-07,RN,110.0,AUGUSTO SEVERO                                              ,Desobediência às normas de trânsito pelo condutor                                                   ,Colisão lateral                                                                                                                                                                                         ,Com Vítimas Feridas,Pleno dia           ,Céu Claro           ,Simples             ,Não       ,Motocicleta         ,Lesões Leves        ,,Masculino           
35272,2017-05-07,RN,110.0,UPANEMA                                                     ,Falta de Atenção à Condução                                                                         ,Colisão lateral                                                                                                                                                                                         ,Com Vítimas Feridas,Pleno dia           ,Céu Claro           ,Dupla               ,Sim       ,Motocicleta         ,Lesões Leves        ,43.0,Masculino           
35272,2017-05-07,RN,110.0,UPANEMA                                                     ,Falta de Atenção à Condução                                                                         ,Colisão lateral                                                                                                                                                                                         ,Com Vítimas Feridas,Pleno dia           ,Céu Claro           ,Dupla               ,Sim       ,Caminhonete         ,Ileso               ,41.0,Masculino           
35286,2017-05-07,RN,304.0,MOSSORO                                                     ,Ingestão de Álcool                                                                                  ,Tombamento                                                                                                                                                                                              ,Com Vítimas Feridas,Pleno dia           ,Céu Claro           ,Dupla               ,Não       ,Motoneta            ,Lesões Leves        ,,Masculino           
35286,2017-05-07,RN,304.0,MOSSORO                                                     ,Ingestão de Álcool                                                                                  ,Tombamento                                                                                                                                                                                              ,Com Vítimas Feridas,Pleno dia           ,Céu Claro           ,Dupla               ,Não       ,Motoneta            ,Lesões Graves       ,,Masculino           
35403,2017-05-08,RN,304.0,MOSSORO                                                     ,Ingestão de Álcool                                                                                  ,Colisão com objeto estático                                                                                                                                                                             ,Com Vítimas Feridas,Plena Noite         ,Céu Claro           ,Dupla               ,Não       ,Ciclomotor          ,Lesões Leves        ,54.0,Masculino           
35570,2017-05-08,RN,101.0,PARNAMIRIM                                                  ,Não guardar distância de segurança                                                                  ,Colisão traseira                                                                                                                                                                                        ,Com Vítimas Feridas,Pleno dia           ,Nublado             ,Dupla               ,Sim       ,Automóvel           ,Ileso               ,36.0,Feminino            
35570,2017-05-08,RN,101.0,PARNAMIRIM                                                  ,Não guardar distância de segurança                                                                  ,Colisão traseira                                                                                                                                                                                        ,Com Vítimas Feridas,Pleno dia           ,Nublado             ,Dupla               ,Sim       ,Motocicleta         ,Lesões Leves        ,26.0,Masculino           
35616,2017-05-08,RN,304.0,MACAIBA                                                     ,Ingestão de Álcool                                                                                  ,Colisão frontal                                                                                                                                                                                         ,Sem Vítimas,Plena Noite         ,Nublado             ,Simples             ,Não       ,Camioneta           ,Ileso               ,24.0,Masculino           
35616,2017-05-08,RN,304.0,MACAIBA                                                     ,Ingestão de Álcool                                                                                  ,Colisão frontal                                                                                                                                                                                         ,Sem Vítimas,Plena Noite         ,Nublado             ,Simples             ,Não       ,Automóvel           ,Ileso               ,45.0,Masculino           
35679,2017-05-08,RN,101.0,CEARA-MIRIM                                                 ,Animais na Pista                                                                                    ,Atropelamento de Animal                                                                                                                                                                                 ,Com Vítimas Feridas,Plena Noite         ,Chuva               ,Simples             ,Não       ,Motocicleta         ,Lesões Graves       ,51.0,Masculino           
35679,2017-05-08,RN,101.0,CEARA-MIRIM                                                 ,Animais na Pista                                                                                    ,Atropelamento de Animal                                                                                                                                                                                 ,Com Vítimas Feridas,Plena Noite         ,Chuva               ,Simples             ,Não       ,Motocicleta         ,Lesões Graves       ,48.0,Feminino            
35719,2017-05-09,RN,101.0,PARNAMIRIM                                                  ,Não guardar distância de segurança                                                                  ,Colisão traseira                                                                                                                                                                                        ,Com Vítimas Feridas,Pleno dia           ,Garoa/Chuvisco      ,Dupla               ,Sim       ,Motocicleta         ,Lesões Leves        ,43.0,Masculino           
35719,2017-05-09,RN,101.0,PARNAMIRIM                                                  ,Não guardar distância de segurança                                                                  ,Colisão traseira                                                                                                                                                                                        ,Com Vítimas Feridas,Pleno dia           ,Garoa/Chuvisco      ,Dupla               ,Sim       ,Motocicleta         ,Lesões Leves        ,40.0,Feminino            
35719,2017-05-09,RN,101.0,PARNAMIRIM                                                  ,Não guardar distância de segurança                                                                  ,Colisão traseira                                                                                                                                                                                        ,Com Vítimas Feridas,Pleno dia           ,Garoa/Chuvisco      ,Dupla               ,Sim       ,Automóvel           ,Ileso               ,29.0,Masculino           
35727,2017-05-09,RN,101.0,PARNAMIRIM                                                  ,Falta de Atenção à Condução                                                                         ,Colisão traseira                                                                                                                                                                                        ,Sem Vítimas,Pleno dia           ,Chuva               ,Dupla               ,Sim       ,Camioneta           ,Ileso               ,42.0,Masculino           
35727,2017-05-09,RN,101.0,PARNAMIRIM                                                  ,Falta de Atenção à Condução                                                                         ,Colisão traseira                                                                                                                                                                                        ,Sem Vítimas,Pleno dia           ,Chuva               ,Dupla               ,Sim       ,Caminhonete         ,Ileso               ,54.0,Masculino           
35831,2017-05-09,RN,304.0,MOSSORO                                                     ,Não guardar distância de segurança                                                                  ,Colisão lateral                                                                                                                                                                                         ,Com Vítimas Feridas,Anoitecer           ,Céu Claro           ,Dupla               ,Sim       ,Motocicleta         ,Não Informado       ,,Não Informado       
35831,2017-05-09,RN,304.0,MOSSORO                                                     ,Não guardar distância de segurança                                                                  ,Colisão lateral                                                                                                                                                                                         ,Com Vítimas Feridas,Anoitecer           ,Céu Claro           ,Dupla               ,Sim       ,Motocicleta         ,Lesões Leves        ,24.0,Masculino           
35912,2017-05-10,RN,406.0,JOAO CAMARA                                                 ,Condutor Dormindo                                                                                   ,Colisão com objeto estático                                                                                                                                                                             ,Com Vítimas Feridas,Plena Noite         ,Céu Claro           ,Simples             ,Não       ,Ciclomotor          ,Lesões Leves        ,23.0,Masculino           
35912,2017-05-10,RN,406.0,JOAO CAMARA                                                 ,Condutor Dormindo                                                                                   ,Colisão com objeto estático                                                                                                                                                                             ,Com Vítimas Feridas,Plena Noite         ,Céu Claro           ,Simples             ,Não       ,Ciclomotor          ,Lesões Leves        ,25.0,Masculino           
36038,2017-05-10,RN,101.0,NATAL                                                       ,Defeito Mecânico no Veículo                                                                         ,Colisão traseira                                                                                                                                                                                        ,Com Vítimas Feridas,Anoitecer           ,Céu Claro           ,Múltipla            ,Sim       ,Motocicleta         ,Lesões Graves       ,32.0,Masculino           
36038,2017-05-10,RN,101.0,NATAL                                                       ,Defeito Mecânico no Veículo                                                                         ,Colisão traseira                                                                                                                                                                                        ,Com Vítimas Feridas,Anoitecer           ,Céu Claro           ,Múltipla            ,Sim       ,Motocicleta         ,Não Informado       ,,Não Informado       
36038,2017-05-10,RN,101.0,NATAL                                                       ,Defeito Mecânico no Veículo                                                                         ,Colisão traseira                                                                                                                                                                                        ,Com Vítimas Feridas,Anoitecer           ,Céu Claro           ,Múltipla            ,Sim       ,Automóvel           ,Ileso               ,50.0,Masculino           
36266,2017-05-11,RN,101.0,EXTREMOZ                                                    ,Defeito na Via                                                                                      ,Tombamento                                                                                                                                                                                              ,Com Vítimas Feridas,Pleno dia           ,Céu Claro           ,Simples             ,Não       ,Motocicleta         ,Lesões Graves       ,24.0,Masculino           
36288,2017-05-11,RN,226.0,SANTA CRUZ                                                  ,Pista Escorregadia                                                                                  ,Capotamento                                                                                                                                                                                             ,Com Vítimas Feridas,Pleno dia           ,Nevoeiro/Neblina    ,Simples             ,Não       ,Caminhonete         ,Lesões Graves       ,47.0,Masculino           
36356,2017-05-11,RN,110.0,MOSSORO                                                     ,Não guardar distância de segurança                                                                  ,Colisão traseira                                                                                                                                                                                        ,Com Vítimas Feridas,Plena Noite         ,Céu Claro           ,Simples             ,Sim       ,Automóvel           ,Ileso               ,30.0,Masculino           
36356,2017-05-11,RN,110.0,MOSSORO                                                     ,Não guardar distância de segurança                                                                  ,Colisão traseira                                                                                                                                                                                        ,Com Vítimas Feridas,Plena Noite         ,Céu Claro           ,Simples             ,Sim       ,Ciclomotor          ,Lesões Graves       ,,Feminino            
36356,2017-05-11,RN,110.0,MOSSORO                                                     ,Não guardar distância de segurança                                                                  ,Colisão traseira                                                                                                                                                                                        ,Com Vítimas Feridas,Plena Noite         ,Céu Claro           ,Simples             ,Sim       ,Ciclomotor          ,Lesões Graves       ,,Feminino            
36534,2017-05-12,RN,226.0,CURRAIS NOVOS                                               ,Ultrapassagem Indevida                                                                              ,Capotamento                                                                                                                                                                                             ,Sem Vítimas,Pleno dia           ,Céu Claro           ,Simples             ,Não       ,Automóvel           ,Ileso               ,49.0,Feminino            
36717,2017-05-13,RN,101.0,PARNAMIRIM                                                  ,Ingestão de Álcool                                                                                  ,Colisão com objeto estático                                                                                                                                                                             ,Com Vítimas Feridas,Plena Noite         ,Céu Claro           ,Dupla               ,Não       ,Motocicleta         ,Lesões Graves       ,28.0,Masculino           
36743,2017-05-13,RN,226.0,NATAL                                                       ,Ingestão de Álcool                                                                                  ,Colisão transversal                                                                                                                                                                                     ,Com Vítimas Feridas,Pleno dia           ,Céu Claro           ,Simples             ,Sim       ,Ônibus              ,Ileso               ,45.0,Masculino           
36743,2017-05-13,RN,226.0,NATAL                                                       ,Ingestão de Álcool                                                                                  ,Colisão transversal                                                                                                                                                                                     ,Com Vítimas Feridas,Pleno dia           ,Céu Claro           ,Simples             ,Sim       ,Motocicleta         ,Lesões Leves        ,32.0,Feminino            
36793,2017-05-13,RN,226.0,SANTA CRUZ                                                  ,Ultrapassagem Indevida                                                                              ,Colisão lateral                                                                                                                                                                                         ,Com Vítimas Feridas,Pleno dia           ,Céu Claro           ,Simples             ,Não       ,Caminhão            ,Ileso               ,44.0,Masculino           
36793,2017-05-13,RN,226.0,SANTA CRUZ                                                  ,Ultrapassagem Indevida                                                                              ,Colisão lateral                                                                                                                                                                                         ,Com Vítimas Feridas,Pleno dia           ,Céu Claro           ,Simples             ,Não       ,Automóvel           ,Lesões Leves        ,31.0,Masculino           
36911,2017-05-13,RN,304.0,MOSSORO                                                     ,Ingestão de Álcool                                                                                  ,Colisão lateral                                                                                                                                                                                         ,Sem Vítimas,Pleno dia           ,Céu Claro           ,Dupla               ,Sim       ,Automóvel           ,Ileso               ,56.0,Masculino           
36911,2017-05-13,RN,304.0,MOSSORO                                                     ,Ingestão de Álcool                                                                                  ,Colisão lateral                                                                                                                                                                                         ,Sem Vítimas,Pleno dia           ,Céu Claro           ,Dupla               ,Sim       ,Motocicleta         ,Ileso               ,38.0,Masculino           
37130,2017-05-14,RN,304.0,MACAIBA                                                     ,Falta de Atenção à Condução                                                                         ,Colisão traseira                                                                                                                                                                                        ,Com Vítimas Feridas,Pleno dia           ,Céu Claro           ,Dupla               ,Não       ,Automóvel           ,Ileso               ,27.0,Masculino           
37130,2017-05-14,RN,304.0,MACAIBA                                                     ,Falta de Atenção à Condução                                                                         ,Colisão traseira                                                                                                                                                                                        ,Com Vítimas Feridas,Pleno dia           ,Céu Claro           ,Dupla               ,Não       ,Automóvel           ,Lesões Graves       ,38.0,Feminino            
37130,2017-05-14,RN,304.0,MACAIBA                                                     ,Falta de Atenção à Condução                                                                         ,Colisão traseira                                                                                                                                                                                        ,Com Vítimas Feridas,Pleno dia           ,Céu Claro           ,Dupla               ,Não       ,Automóvel           ,Ileso               ,48.0,Masculino           
37179,2017-05-14,RN,101.0,SAO JOSE DE MIPIBU                                          ,Não guardar distância de segurança                                                                  ,Colisão lateral                                                                                                                                                                                         ,Com Vítimas Feridas,Pleno dia           ,Céu Claro           ,Dupla               ,Não       ,Motocicleta         ,Lesões Leves        ,22.0,Masculino           
37272,2017-05-14,RN,101.0,NATAL                                                       ,Não guardar distância de segurança                                                                  ,Colisão traseira                                                                                                                                                                                        ,Com Vítimas Feridas,Plena Noite         ,Céu Claro           ,Dupla               ,Sim       ,Ciclomotor          ,Lesões Graves       ,18.0,Masculino           
37272,2017-05-14,RN,101.0,NATAL                                                       ,Não guardar distância de segurança                                                                  ,Colisão traseira                                                                                                                                                                                        ,Com Vítimas Feridas,Plena Noite         ,Céu Claro           ,Dupla               ,Sim       ,Ônibus              ,Ileso               ,27.0,Masculino           
37272,2017-05-14,RN,101.0,NATAL                                                       ,Não guardar distância de segurança                                                                  ,Colisão traseira                                                                                                                                                                                        ,Com Vítimas Feridas,Plena Noite         ,Céu Claro           ,Dupla               ,Sim       ,Automóvel           ,Ileso               ,59.0,Masculino           
37371,2017-05-15,RN,226.0,NATAL                                                       ,Ingestão de Álcool                                                                                  ,Atropelamento de Pedestre                                                                                                                                                                               ,Com Vítimas Feridas,Amanhecer           ,Céu Claro           ,Simples             ,Sim       ,Motocicleta         ,Lesões Leves        ,23.0,Masculino           