id,data_inversa,uf,br,municipio,causa_acidente,tipo_acidente,classificacao_acidente,fase_dia,condicao_metereologica,tipo_pista,uso_solo,tipo_veiculo,estado_fisico,idade,sexo
37371,2017-05-15,RN,226.0,NATAL                                                       ,Ingestão de Álcool                                                                                  ,Atropelamento de Pedestre                                                                                                                                                                               ,Com Vítimas Feridas,Amanhecer           ,Céu Claro           ,Simples             ,Sim       ,Motocicleta         ,Lesões Graves       ,,Masculino           
37379,2017-05-15,RN,304.0,MOSSORO                                                     ,Falta de Atenção à Condução                                                                         ,Colisão transversal                                                                                                                                                                                     ,Com Vítimas Feridas,Pleno dia           ,Céu Claro           ,Dupla               ,Sim       ,Bicicleta           ,Lesões Graves       ,57.0,Masculino           
37379,2017-05-15,RN,304.0,MOSSORO                                                     ,Falta de Atenção à Condução                                                                         ,Colisão transversal                                                                                                                                                                                     ,Com Vítimas Feridas,Pleno dia           ,Céu Claro           ,Dupla               ,Sim       ,Bicicleta           ,Lesões Graves       ,12.0,Masculino           
37379,2017-05-15,RN,304.0,MOSSORO                                                     ,Falta de Atenção à Condução                                                                         ,Colisão transversal                                                                                                                                                                                     ,Com Vítimas Feridas,Pleno dia           ,Céu Claro           ,Dupla               ,Sim       ,Automóvel           ,Ileso               ,30.0,Feminino            
37510,2017-05-14,RN,110.0,GOVERNADOR DIX-SEPT ROSADO                                  ,Ingestão de Álcool                                                                                  ,Colisão traseira                                                                                                                                                                                        ,Sem Vítimas,Amanhecer           ,Céu Claro           ,Simples             ,Não       ,Caminhonete         ,Não Informado       ,,Não Informado       
37510,2017-05-14,RN,110.0,GOVERNADOR DIX-SEPT ROSADO                                  ,Ingestão de Álcool                                                                                  ,Colisão traseira                                                                                                                                                                                        ,Sem Vítimas,Amanhecer           ,Céu Claro           ,Simples             ,Não       ,Caminhão            ,Ileso               ,45.0,Masculino           
37535,2017-05-15,RN,226.0,NATAL                                                       ,Falta de Atenção do Pedestre                                                                        ,Atropelamento de Pedestre                                                                                                                                                                               ,Com Vítimas Feridas,Anoitecer           ,Céu Claro           ,Dupla               ,Sim       ,Motocicleta         ,Não Informado       ,,Não Informado       
37535,2017-05-15,RN,226.0,NATAL                                                       ,Falta de Atenção do Pedestre                                                                        ,Atropelamento de Pedestre                                                                                                                                                                               ,Com Vítimas Feridas,Anoitecer           ,Céu Claro           ,Dupla               ,Sim       ,Motocicleta         ,Lesões Graves       ,44.0,Masculino           
37535,2017-05-15,RN,226.0,NATAL                                                       ,Falta de Atenção do Pedestre                                                                        ,Atropelamento de Pedestre                                                                                                                                                                               ,Com Vítimas Feridas,Anoitecer           ,Céu Claro           ,Dupla               ,Sim       ,Motocicleta         ,Não Informado       ,,Não Informado       
37703,2017-05-16,RN,226.0,CURRAIS NOVOS                                               ,Falta de Atenção do Pedestre                                                                        ,Atropelamento de Pedestre                                                                                                                                                                               ,Com Vítimas Feridas,Pleno dia           ,Céu Claro           ,Dupla               ,Sim       ,Motocicleta         ,Ileso               ,28.0,Masculino           
37703,2017-05-16,RN,226.0,CURRAIS NOVOS                                               ,Falta de Atenção do Pedestre                                                                        ,Atropelamento de Pedestre                                                                                                                                                                               ,Com Vítimas Feridas,Pleno dia           ,Céu Claro           ,Dupla               ,Sim       ,Motocicleta         ,Lesões Leves        ,12.0,Feminino            
37703,2017-05-16,RN,226.0,CURRAIS NOVOS                                               ,Falta de Atenção do Pedestre                                                                        ,Atropelamento de Pedestre                                                                                                                                                                               ,Com Vítimas Feridas,Pleno dia           ,Céu Claro           ,Dupla               ,Sim       ,Motocicleta         ,Lesões Leves        ,15.0,Feminino            
37745,2017-05-16,RN,101.0,PARNAMIRIM                                                  ,Não guardar distância de segurança                                                                  ,Colisão traseira                                                                                                                                                                                        ,Com Vítimas Feridas,Pleno dia           ,Céu Claro           ,Múltipla            ,Não       ,Automóvel           ,Lesões Leves        ,41.0,Feminino            
37745,2017-05-16,RN,101.0,PARNAMIRIM                                                  ,Não guardar distância de segurança                                                                  ,Colisão traseira                                                                                                                                                                                        ,Com Vítimas Feridas,Pleno dia           ,Céu Claro           ,Múltipla            ,Não       ,Camioneta           ,Ileso               ,,Masculino           
37745,2017-05-16,RN,101.0,PARNAMIRIM                                                  ,Não guardar distância de segurança                                                                  ,Colisão traseira                                                                                                                                                                                        ,Com Vítimas Feridas,Pleno dia           ,Céu Claro           ,Múltipla            ,Não       ,Automóvel           ,Ileso               ,,Feminino            
37793,2017-05-16,RN,304.0,MOSSORO                                                     ,Falta de Atenção à Condução                                                                         ,Colisão lateral                                                                                                                                                                                         ,Com Vítimas Feridas,Anoitecer           ,Céu Claro           ,Simples             ,Não       ,Automóvel           ,Não Informado       ,,Não Informado       
37793,2017-05-16,RN,304.0,MOSSORO                                                     ,Falta de Atenção à Condução                                                                         ,Colisão lateral                                                                                                                                                                                         ,Com Vítimas Feridas,Anoitecer           ,Céu Claro           ,Simples             ,Não       ,Motocicleta         ,Não Informado       ,,Não Informado       
37793,2017-05-16,RN,304.0,MOSSORO                                                     ,Falta de Atenção à Condução                                                                         ,Colisão lateral                                                                                                                                                                                         ,Com Vítimas Feridas,Anoitecer           ,Céu Claro           ,Simples             ,Não       ,Motocicleta         ,Lesões Graves       ,22.0,Masculino           
37811,2017-05-16,RN,427.0,ACARI                                                       ,Ultrapassagem Indevida                                                                              ,Colisão frontal                                                                                                                                                                                         ,Com Vítimas Feridas,Plena Noite         ,Céu Claro           ,Simples             ,Não       ,Automóvel           ,Lesões Leves        ,45.0,Masculino           
37811,2017-05-16,RN,427.0,ACARI                                                       ,Ultrapassagem Indevida                                                                              ,Colisão frontal                                                                                                                                                                                         ,Com Vítimas Feridas,Plena Noite         ,Céu Claro           ,Simples             ,Não       ,Automóvel           ,Lesões Leves        ,66.0,Masculino           
37811,2017-05-16,RN,427.0,ACARI                                                       ,Ultrapassagem Indevida                                                                              ,Colisão frontal                                                                                                                                                                                         ,Com Vítimas Feridas,Plena Noite         ,Céu Claro           ,Simples             ,Não       ,Automóvel           ,Lesões Graves       ,20.0,Masculino           
37811,2017-05-16,RN,427.0,ACARI                                                       ,Ultrapassagem Indevida                                                                              ,Colisão frontal                                                                                                                                                                                         ,Com Vítimas Feridas,Plena Noite         ,Céu Claro           ,Simples             ,Não       ,Automóvel           ,Lesões Leves        ,24.0,Feminino            
37811,2017-05-16,RN,427.0,ACARI                                                       ,Ultrapassagem Indevida                                                                              ,Colisão frontal                                                                                                                                                                                         ,Com Vítimas Feridas,Plena Noite         ,Céu Claro           ,Simples             ,Não       ,Automóvel           ,Lesões Graves       ,22.0,Feminino            
37811,2017-05-16,RN,427.0,ACARI                                                       ,Ultrapassagem Indevida                                                                              ,Colisão frontal                                                                                                                                                                                         ,Com Vítimas Feridas,Plena Noite         ,Céu Claro           ,Simples             ,Não       ,Automóvel           ,Lesões Graves       ,34.0,Masculino           
37811,2017-05-16,RN,427.0,ACARI                                                       ,Ultrapassagem Indevida                                                                              ,Colisão frontal                                                                                                                                                                                         ,Com Vítimas Feridas,Plena Noite         ,Céu Claro           ,Simples             ,Não       ,Automóvel           ,Lesões Leves        ,30.0,Masculino           
37811,2017-05-16,RN,427.0,ACARI                                                       ,Ultrapassagem Indevida                                                                              ,Colisão frontal                                                                                                                                                                                         ,Com Vítimas Feridas,Plena Noite         ,Céu Claro           ,Simples             ,Não       ,Caminhão            ,Ileso               ,,Não Informado       
37946,2017-05-17,RN,427.0,ACARI                                                       ,Falta de Atenção à Condução                                                                         ,Colisão transversal                                                                                                                                                                                     ,Com Vítimas Fatais,Pleno dia           ,Céu Claro           ,Simples             ,Não       ,Automóvel           ,Lesões Leves        ,68.0,Feminino            
37946,2017-05-17,RN,427.0,ACARI                                                       ,Falta de Atenção à Condução                                                                         ,Colisão transversal                                                                                                                                                                                     ,Com Vítimas Fatais,Pleno dia           ,Céu Claro           ,Simples             ,Não       ,Automóvel           ,Lesões Leves        ,67.0,Masculino           
37946,2017-05-17,RN,427.0,ACARI                                                       ,Falta de Atenção à Condução                                                                         ,Colisão transversal                                                                                                                                                                                     ,Com Vítimas Fatais,Pleno dia           ,Céu Claro           ,Simples             ,Não       ,Automóvel           ,Óbito               ,35.0,Feminino            
38021,2017-05-17,RN,101.0,NATAL                                                       ,Falta de Atenção à Condução                                                                         ,Colisão transversal                                                                                                                                                                                     ,Com Vítimas Feridas,Pleno dia           ,Céu Claro           ,Simples             ,Sim       ,Motocicleta         ,Lesões Leves        ,52.0,Masculino           
38021,2017-05-17,RN,101.0,NATAL                                                       ,Falta de Atenção à Condução                                                                         ,Colisão transversal                                                                                                                                                                                     ,Com Vítimas Feridas,Pleno dia           ,Céu Claro           ,Simples             ,Sim       ,Automóvel           ,Ileso               ,35.0,Masculino           
38061,2017-05-17,RN,101.0,PARNAMIRIM                                                  ,Desobediência às normas de trânsito pelo condutor                                                   ,Colisão transversal                                                                                                                                                                                     ,Com Vítimas Feridas,Anoitecer           ,Céu Claro           ,Dupla               ,Sim       ,Caminhão            ,Lesões Graves       ,38.0,Masculino           
38061,2017-05-17,RN,101.0,PARNAMIRIM                                                  ,Desobediência às normas de trânsito pelo condutor                                                   ,Colisão transversal                                                                                                                                                                                     ,Com Vítimas Feridas,Anoitecer           ,Céu Claro           ,Dupla               ,Sim       ,Motocicleta         ,Lesões Graves       ,26.0,Masculino           
38622,2017-05-19,RN,226.0,CURRAIS NOVOS                                               ,Falta de Atenção à Condução                                                                         ,Colisão transversal                                                                                                                                                                                     ,Com Vítimas Feridas,Pleno dia           ,Céu Claro           ,Dupla               ,Sim       ,Automóvel           ,Ileso               ,22.0,Feminino            
38622,2017-05-19,RN,226.0,CURRAIS NOVOS                                               ,Falta de Atenção à Condução                                                                         ,Colisão transversal                                                                                                                                                                                     ,Com Vítimas Feridas,Pleno dia           ,Céu Claro           ,Dupla               ,Sim       ,Motocicleta         ,Lesões Leves        ,31.0,Masculino           
38727,2017-05-19,RN,101.0,SAO GONCALO DO AMARANTE                                     ,Objeto estático sobre o leito carroçável                                                            ,Colisão com objeto estático                                                                                                                                                                             ,Com Vítimas Feridas,Anoitecer           ,Céu Claro           ,Dupla               ,Não       ,Motocicleta         ,Lesões Leves        ,37.0,Masculino           
38727,2017-05-19,RN,101.0,SAO GONCALO DO AMARANTE                                     ,Objeto estático sobre o leito carroçável                                                            ,Colisão com objeto estático                                                                                                                                                                             ,Com Vítimas Feridas,Anoitecer           ,Céu Claro           ,Dupla               ,Não       ,Motocicleta         ,Lesões Leves        ,37.0,Feminino            
38808,2017-05-19,RN,304.0,MOSSORO                                                     ,Falta de Atenção do Pedestre                                                                        ,Atropelamento de Pedestre                                                                                                                                                                               ,Com Vítimas Feridas,Plena Noite         ,Céu Claro           ,Dupla               ,Sim       ,Automóvel           ,Ileso               ,34.0,Masculino           
38808,2017-05-19,RN,304.0,MOSSORO                                                     ,Falta de Atenção do Pedestre                                                                        ,Atropelamento de Pedestre                                                                                                                                                                               ,Com Vítimas Feridas,Plena Noite         ,Céu Claro           ,Dupla               ,Sim       ,Automóvel           ,Lesões Graves       ,35.0,Masculino           
38841,2017-05-19,RN,405.0,RAFAEL FERNANDES                                            ,Falta de Atenção à Condução                                                                         ,Colisão transversal                                                                                                                                                                                     ,Com Vítimas Feridas,Plena Noite         ,Céu Claro           ,Simples             ,Sim       ,Automóvel           ,Ileso               ,40.0,Masculino           
38841,2017-05-19,RN,405.0,RAFAEL FERNANDES                                            ,Falta de Atenção à Condução                                                                         ,Colisão transversal                                                                                                                                                                                     ,Com Vítimas Feridas,Plena Noite         ,Céu Claro           ,Simples             ,Sim       ,Motocicleta         ,Lesões Leves        ,25.0,Masculino           
38841,2017-05-19,RN,405.0,RAFAEL FERNANDES                                            ,Falta de Atenção à Condução                                                                         ,Colisão transversal                                                                                                                                                                                     ,Com Vítimas Feridas,Plena Noite         ,Céu Claro           ,Simples             ,Sim       ,Motocicleta         ,Lesões Graves       ,18.0,Masculino           
38849,2017-05-19,RN,304.0,RIACHUELO                                                   ,Pista Escorregadia                                                                                  ,Saída de leito carroçável                                                                                                                                                                               ,Sem Vítimas,Plena Noite         ,Nublado             ,Simples             ,Não       ,Automóvel           ,Ileso               ,27.0,Masculino           
38940,2017-05-20,RN,101.0,NATAL                                                       ,Falta de Atenção à Condução                                                                         ,Colisão lateral                                                                                                                                                                                         ,Com Vítimas Feridas,Pleno dia           ,Nublado             ,Dupla               ,Sim       ,Automóvel           ,Ileso               ,77.0,Masculino           
38940,2017-05-20,RN,101.0,NATAL                                                       ,Falta de Atenção à Condução                                                                         ,Colisão lateral                                                                                                                                                                                         ,Com Vítimas Feridas,Pleno dia           ,Nublado             ,Dupla               ,Sim       ,Motocicleta         ,Lesões Leves        ,29.0,Masculino           
38940,2017-05-20,RN,101.0,NATAL                                                       ,Falta de Atenção à Condução                                                                         ,Colisão lateral                                                                                                                                                                                         ,Com Vítimas Feridas,Pleno dia           ,Nublado             ,Dupla               ,Sim       ,Motocicleta         ,Lesões Leves        ,22.0,Feminino            
38976,2017-05-20,RN,406.0,CEARA-MIRIM                                                 ,Falta de Atenção à Condução                                                                         ,Colisão lateral                                                                                                                                                                                         ,Sem Vítimas,Pleno dia           ,Céu Claro           ,Simples             ,Sim       ,Caminhonete         ,Ileso               ,61.0,Masculino           
38976,2017-05-20,RN,406.0,CEARA-MIRIM                                                 ,Falta de Atenção à Condução                                                                         ,Colisão lateral                                                                                                                                                                                         ,Sem Vítimas,Pleno dia           ,Céu Claro           ,Simples             ,Sim       ,Caminhão            ,Ileso               ,44.0,Masculino           
39027,2017-05-20,RN,405.0,RAFAEL FERNANDES                                            ,Falta de Atenção à Condução                                                                         ,Capotamento                                                                                                                                                                                             ,Sem Vítimas,Pleno dia           ,Céu Claro           ,Simples             ,Não       ,Automóvel           ,Ileso               ,59.0,Masculino           
39060,2017-05-20,RN,406.0,TAIPU                                                       ,Ingestão de Álcool                                                                                  ,Colisão transversal                                                                                                                                                                                     ,Com Vítimas Feridas,Pleno dia           ,Céu Claro           ,Simples             ,Sim       ,Automóvel           ,Ileso               ,39.0,Feminino            
39060,2017-05-20,RN,406.0,TAIPU                                                       ,Ingestão de Álcool                                                                                  ,Colisão transversal                                                                                                                                                                                     ,Com Vítimas Feridas,Pleno dia           ,Céu Claro           ,Simples             ,Sim       ,Motocicleta         ,Lesões Leves        ,41.0,Masculino           
39202,2017-05-20,RN,427.0,CAICO                                                       ,Mal Súbito                                                                                          ,Tombamento                                                                                                                                                                                              ,Sem Vítimas,Plena Noite         ,Céu Claro           ,Simples             ,Sim       ,Caminhão            ,Ileso               ,45.0,Masculino           
39336,2017-05-21,RN,101.0,NATAL                                                       ,Falta de Atenção do Pedestre                                                                        ,Atropelamento de Pedestre                                                                                                                                                                               ,Com Vítimas Fatais,Pleno dia           ,Céu Claro           ,Múltipla            ,Sim       ,Automóvel           ,Não Informado       ,,Não Informado       
39336,2017-05-21,RN,101.0,NATAL                                                       ,Falta de Atenção do Pedestre                                                                        ,Atropelamento de Pedestre                                                                                                                                                                               ,Com Vítimas Fatais,Pleno dia           ,Céu Claro           ,Múltipla            ,Sim       ,Automóvel           ,Óbito               ,91.0,Masculino           
39336,2017-05-21,RN,101.0,NATAL                                                       ,Falta de Atenção do Pedestre                                                                        ,Atropelamento de Pedestre                                                                                                                                                                               ,Com Vítimas Fatais,Pleno dia           ,Céu Claro           ,Múltipla            ,Sim       ,Automóvel           ,Não Informado       ,,Não Informado       
39336,2017-05-21,RN,101.0,NATAL                                                       ,Falta de Atenção do Pedestre                                                                        ,Atropelamento de Pedestre                                                                                                                                                                               ,Com Vítimas Fatais,Pleno dia           ,Céu Claro           ,Múltipla            ,Sim       ,Caminhonete         ,Não Informado       ,,Não Informado       
39399,2017-05-21,RN,226.0,NATAL                                                       ,Falta de Atenção à Condução                                                                         ,Colisão lateral                                                                                                                                                                                         ,Com Vítimas Feridas,Pleno dia           ,Céu Claro           ,Simples             ,Sim       ,Motocicleta         ,Lesões Leves        ,46.0,Masculino           
39399,2017-05-21,RN,226.0,NATAL                                                       ,Falta de Atenção à Condução                                                                         ,Colisão lateral                                                                                                                                                                                         ,Com Vítimas Feridas,Pleno dia           ,Céu Claro           ,Simples             ,Sim       ,Automóvel           ,Ileso               ,38.0,Masculino           
39403,2017-05-21,RN,405.0,PAU DOS FERROS                                              ,Ingestão de Álcool                                                                                  ,Colisão traseira                                                                                                                                                                                        ,Com Vítimas Feridas,Pleno dia           ,Ignorado            ,Simples             ,Não       ,Automóvel           ,Lesões Graves       ,38.0,Masculino           
39403,2017-05-21,RN,405.0,PAU DOS FERROS                                              ,Ingestão de Álcool                                                                                  ,Colisão traseira                                                                                                                                                                                        ,Com Vítimas Feridas,Pleno dia           ,Ignorado            ,Simples             ,Não       ,Caminhonete         ,Ileso               ,30.0,Masculino           
39435,2017-05-21,RN,101.0,NATAL                                                       ,Falta de Atenção à Condução                                                                         ,Colisão lateral                                                                                                                                                                                         ,Com Vítimas Feridas,Plena Noite         ,Céu Claro           ,Simples             ,Sim       ,Motocicleta         ,Lesões Leves        ,30.0,Masculino           
39435,2017-05-21,RN,101.0,NATAL                                                       ,Falta de Atenção à Condução                                                                         ,Colisão lateral                                                                                                                                                                                         ,Com Vítimas Feridas,Plena Noite         ,Céu Claro           ,Simples             ,Sim       ,Outros              ,Não Informado       ,,Não Informado       
39447,2017-05-21,RN,405.0,PAU DOS FERROS                                              ,Animais na Pista                                                                                    ,Atropelamento de Animal                                                                                                                                                                                 ,Sem Vítimas,Plena Noite         ,Céu Claro           ,Simples             ,Não       ,Utilitário          ,Ileso               ,39.0,Masculino           
39447,2017-05-21,RN,405.0,PAU DOS FERROS                                              ,Animais na Pista                                                                                    ,Atropelamento de Animal                                                                                                                                                                                 ,Sem Vítimas,Plena Noite         ,Céu Claro           ,Simples             ,Não       ,Utilitário          ,Ileso               ,52.0,Masculino           
39447,2017-05-21,RN,405.0,PAU DOS FERROS                                              ,Animais na Pista                                                                                    ,Atropelamento de Animal                                                                                                                                                                                 ,Sem Vítimas,Plena Noite         ,Céu Claro           ,Simples             ,Não       ,Automóvel           ,Não Informado       ,,Não Informado       
39566,2017-05-22,RN,226.0,CURRAIS NOVOS                                               ,Condutor Dormindo                                                                                   ,Tombamento                                                                                                                                                                                              ,Sem Vítimas,Plena Noite         ,Céu Claro           ,Simples             ,Não       ,Caminhão            ,Ileso               ,22.0,Masculino           
39626,2017-05-22,RN,406.0,SAO GONCALO DO AMARANTE                                     ,Desobediência às normas de trânsito pelo condutor                                                   ,Colisão frontal                                                                                                                                                                                         ,Sem Vítimas,Pleno dia           ,Céu Claro           ,Dupla               ,Sim       ,Ônibus              ,Ileso               ,31.0,Masculino           
39626,2017-05-22,RN,406.0,SAO GONCALO DO AMARANTE                                     ,Desobediência às normas de trânsito pelo condutor                                                   ,Colisão frontal                                                                                                                                                                                         ,Sem Vítimas,Pleno dia           ,Céu Claro           ,Dupla               ,Sim       ,Motocicleta         ,Não Informado       ,,Não Informado       
39637,2017-05-22,RN,304.0,MOSSORO                                                     ,Falta de Atenção à Condução                                                                         ,Colisão transversal                                                                                                                                                                                     ,Com Vítimas Feridas,Pleno dia           ,Céu Claro           ,Simples             ,Sim       ,Motoneta            ,Lesões Leves        ,55.0,Masculino           
39637,2017-05-22,RN,304.0,MOSSORO                                                     ,Falta de Atenção à Condução                                                                         ,Colisão transversal                                                                                                                                                                                     ,Com Vítimas Feridas,Pleno dia           ,Céu Claro           ,Simples             ,Sim       ,Caminhão            ,Ileso               ,31.0,Masculino           
39735,2017-05-22,RN,101.0,GOIANINHA                                                   ,Avarias e/ou desgaste excessivo no pneu                                                             ,Colisão com objeto estático                                                                                                                                                                             ,Sem Vítimas,Pleno dia           ,Sol                 ,Dupla               ,Sim       ,Caminhão-trator     ,Ileso               ,33.0,Masculino           
39786,2017-05-22,RN,101.0,NATAL                                                       ,Ingestão de Álcool                                                                                  ,Colisão frontal                                                                                                                                                                                         ,Com Vítimas Feridas,Plena Noite         ,Céu Claro           ,Múltipla            ,Não       ,Automóvel           ,Ileso               ,35.0,Masculino           
39786,2017-05-22,RN,101.0,NATAL                                                       ,Ingestão de Álcool                                                                                  ,Colisão frontal                                                                                                                                                                                         ,Com Vítimas Feridas,Plena Noite         ,Céu Claro           ,Múltipla            ,Não       ,Automóvel           ,Lesões Leves        ,36.0,Feminino            
39786,2017-05-22,RN,101.0,NATAL                                                       ,Ingestão de Álcool                                                                                  ,Colisão frontal                                                                                                                                                                                         ,Com Vítimas Feridas,Plena Noite         ,Céu Claro           ,Múltipla            ,Não       ,Automóvel           ,Ileso               ,22.0,Masculino           
39823,2017-05-23,RN,101.0,SAO GONCALO DO AMARANTE                                     ,Animais na Pista                                                                                    ,Atropelamento de Animal                                                                                                                                                                                 ,Com Vítimas Feridas,Plena Noite         ,Céu Claro           ,Dupla               ,Não       ,Motocicleta         ,Lesões Graves       ,59.0,Masculino           
39846,2017-05-23,RN,304.0,MACAIBA                                                     ,Não guardar distância de segurança                                                                  ,Colisão traseira                                                                                                                                                                                        ,Com Vítimas Feridas,Pleno dia           ,Céu Claro           ,Simples             ,Não       ,Automóvel           ,Lesões Leves        ,77.0,Masculino           
39846,2017-05-23,RN,304.0,MACAIBA                                                     ,Não guardar distância de segurança                                                                  ,Colisão traseira                                                                                                                                                                                        ,Com Vítimas Feridas,Pleno dia           ,Céu Claro           ,Simples             ,Não       ,Automóvel           ,Ileso               ,32.0,Masculino           
39986,2017-05-23,RN,101.0,PARNAMIRIM                                                  ,Não guardar distância de segurança                                                                  ,Colisão traseira                                                                                                                                                                                        ,Com Vítimas Feridas,Plena Noite         ,Nublado             ,Dupla               ,Não       ,Automóvel           ,Ileso               ,42.0,Masculino           
39986,2017-05-23,RN,101.0,PARNAMIRIM                                                  ,Não guardar distância de segurança                                                                  ,Colisão traseira                                                                                                                                                                                        ,Com Vítimas Feridas,Plena Noite         ,Nublado             ,Dupla               ,Não       ,Motocicleta         ,Lesões Leves        ,28.0,Feminino            
39992,2017-05-23,RN,304.0,MOSSORO                                                     ,Falta de Atenção do Pedestre                                                                        ,Atropelamento de Pedestre                                                                                                                                                                               ,Com Vítimas Feridas,Plena Noite         ,Céu Claro           ,Dupla               ,Sim       ,Motoneta            ,Lesões Leves        ,27.0,Masculino           
39992,2017-05-23,RN,304.0,MOSSORO                                                     ,Falta de Atenção do Pedestre                                                                        ,Atropelamento de Pedestre                                                                                                                                                                               ,Com Vítimas Feridas,Plena Noite         ,Céu Claro           ,Dupla               ,Sim       ,Motoneta            ,Lesões Leves        ,26.0,Masculino           
40053,2017-05-23,RN,304.0,ANGICOS                                                     ,Animais na Pista                                                                                    ,Atropelamento de Animal                                                                                                                                                                                 ,Com Vítimas Feridas,Plena Noite         ,Céu Claro           ,Simples             ,Não       ,Caminhão            ,Lesões Leves        ,40.0,Masculino           
40053,2017-05-23,RN,304.0,ANGICOS                                                     ,Animais na Pista                                                                                    ,Atropelamento de Animal                                                                                                                                                                                 ,Com Vítimas Feridas,Plena Noite         ,Céu Claro           ,Simples             ,Não       ,Caminhão            ,Lesões Leves        ,31.0,Masculino           
40053,2017-05-23,RN,304.0,ANGICOS                                                     ,Animais na Pista                                                                                    ,Atropelamento de Animal                                                                                                                                                                                 ,Com Vítimas Feridas,Plena Noite         ,Céu Claro           ,Simples             ,Não       ,Caminhão            ,Lesões Graves       ,57.0,Masculino           
40053,2017-05-23,RN,304.0,ANGICOS                                                     ,Animais na Pista                                                                                    ,Atropelamento de Animal                                                                                                                                                                                 ,Com Vítimas Feridas,Plena Noite         ,Céu Claro           ,Simples             ,Não       ,Automóvel           ,Lesões Leves        ,33.0,Masculino           
40167,2017-05-24,RN,101.0,SAO JOSE DE MIPIBU                                          ,Desobediência às normas de trânsito pelo condutor                                                   ,Colisão transversal                                                                                                                                                                                     ,Com Vítimas Feridas,Pleno dia           ,Céu Claro           ,Dupla               ,Sim       ,Motocicleta         ,Lesões Graves       ,21.0,Masculino           
40167,2017-05-24,RN,101.0,SAO JOSE DE MIPIBU                                          ,Desobediência às normas de trânsito pelo condutor                                                   ,Colisão transversal                                                                                                                                                                                     ,Com Vítimas Feridas,Pleno dia           ,Céu Claro           ,Dupla               ,Sim       ,Automóvel           ,Ileso               ,36.0,Masculino           
40171,2017-05-24,RN,110.0,MOSSORO                                                     ,Desobediência às normas de trânsito pelo condutor                                                   ,Colisão transversal                                                                                                                                                                                     ,Com Vítimas Feridas,Pleno dia           ,Céu Claro           ,Dupla               ,Sim       ,Automóvel           ,Ileso               ,20.0,Masculino           
40171,2017-05-24,RN,110.0,MOSSORO                                                     ,Desobediência às normas de trânsito pelo condutor                                                   ,Colisão transversal                                                                                                                                                                                     ,Com Vítimas Feridas,Pleno dia           ,Céu Claro           ,Dupla               ,Sim       ,Automóvel           ,Ileso               ,24.0,Masculino           
40171,2017-05-24,RN,110.0,MOSSORO                                                     ,Desobediência às normas de trânsito pelo condutor                                                   ,Colisão transversal                                                                                                                                                                                     ,Com Vítimas Feridas,Pleno dia           ,Céu Claro           ,Dupla               ,Sim       ,Motocicleta         ,Lesões Leves        ,31.0,Feminino            
40171,2017-05-24,RN,110.0,MOSSORO                                                     ,Desobediência às normas de trânsito pelo condutor                                                   ,Colisão transversal                                                                                                                                                                                     ,Com Vítimas Feridas,Pleno dia           ,Céu Claro           ,Dupla               ,Sim       ,Ciclomotor          ,Ileso               ,,Não Informado       
40215,2017-05-24,RN,101.0,NATAL                                                       ,Não guardar distância de segurança                                                                  ,Colisão traseira                                                                                                                                                                                        ,Sem Vítimas,Pleno dia           ,Sol                 ,Múltipla            ,Sim       ,Automóvel           ,Ileso               ,28.0,Masculino           
40215,2017-05-24,RN,101.0,NATAL                                                       ,Não guardar distância de segurança                                                                  ,Colisão traseira                                                                                                                                                                                        ,Sem Vítimas,Pleno dia           ,Sol                 ,Múltipla            ,Sim       ,Automóvel           ,Ileso               ,44.0,Masculino           
40215,2017-05-24,RN,101.0,NATAL                                                       ,Não guardar distância de segurança                                                                  ,Colisão traseira                                                                                                                                                                                        ,Sem Vítimas,Pleno dia           ,Sol                 ,Múltipla            ,Sim       ,Automóvel           ,Ileso               ,32.0,Masculino           
40239,2017-05-24,RN,101.0,NATAL                                                       ,Não guardar distância de segurança                                                                  ,Colisão traseira                                                                                                                                                                                        ,Com Vítimas Feridas,Plena Noite         ,Céu Claro           ,Múltipla            ,Sim       ,Motocicleta         ,Lesões Leves        ,28.0,Masculino           
40239,2017-05-24,RN,101.0,NATAL                                                       ,Não guardar distância de segurança                                                                  ,Colisão traseira                                                                                                                                                                                        ,Com Vítimas Feridas,Plena Noite         ,Céu Claro           ,Múltipla            ,Sim       ,Automóvel           ,Ileso               ,46.0,Feminino            
40326,2017-05-25,RN,101.0,PARNAMIRIM                                                  ,Falta de Atenção à Condução                                                                         ,Colisão transversal                                                                                                                                                                                     ,Com Vítimas Feridas,Amanhecer           ,Céu Claro           ,Dupla               ,Sim       ,Caminhão-trator     ,Ileso               ,25.0,Masculino           
40326,2017-05-25,RN,101.0,PARNAMIRIM                                                  ,Falta de Atenção à Condução                                                                         ,Colisão transversal                                                                                                                                                                                     ,Com Vítimas Feridas,Amanhecer           ,Céu Claro           ,Dupla               ,Sim       ,Motocicleta         ,Lesões Graves       ,43.0,Masculino           