id,data_inversa,uf,br,municipio,causa_acidente,tipo_acidente,classificacao_acidente,fase_dia,condicao_metereologica,tipo_pista,uso_solo,tipo_veiculo,estado_fisico,idade,sexo
40439,2017-05-25,RN,101.0,NATAL                                                       ,Falta de Atenção do Pedestre                                                                        ,Atropelamento de Pedestre                                                                                                                                                                               ,Com Vítimas Feridas,Pleno dia           ,Céu Claro           ,Dupla               ,Sim       ,Motocicleta         ,Lesões Graves       ,75.0,Masculino           
40439,2017-05-25,RN,101.0,NATAL                                                       ,Falta de Atenção do Pedestre                                                                        ,Atropelamento de Pedestre                                                                                                                                                                               ,Com Vítimas Feridas,Pleno dia           ,Céu Claro           ,Dupla               ,Sim       ,Motocicleta         ,Lesões Leves        ,29.0,Masculino           
40605,2017-05-26,RN,226.0,NATAL                                                       ,Falta de Atenção à Condução                                                                         ,Colisão transversal                                                                                                                                                                                     ,Com Vítimas Feridas,Pleno dia           ,Céu Claro           ,Dupla               ,Sim       ,Motocicleta         ,Lesões Leves        ,43.0,Masculino           
40605,2017-05-26,RN,226.0,NATAL                                                       ,Falta de Atenção à Condução                                                                         ,Colisão transversal                                                                                                                                                                                     ,Com Vítimas Feridas,Pleno dia           ,Céu Claro           ,Dupla               ,Sim       ,Caminhão            ,Ileso               ,38.0,Masculino           
40701,2017-05-26,RN,101.0,PARNAMIRIM                                                  ,Não guardar distância de segurança                                                                  ,Colisão lateral                                                                                                                                                                                         ,Com Vítimas Feridas,Pleno dia           ,Céu Claro           ,Múltipla            ,Sim       ,Automóvel           ,Lesões Leves        ,27.0,Feminino            
40701,2017-05-26,RN,101.0,PARNAMIRIM                                                  ,Não guardar distância de segurança                                                                  ,Colisão lateral                                                                                                                                                                                         ,Com Vítimas Feridas,Pleno dia           ,Céu Claro           ,Múltipla            ,Sim       ,Caminhão-trator     ,Ileso               ,,Masculino           
40727,2017-05-26,RN,406.0,CEARA-MIRIM                                                 ,Falta de Atenção à Condução                                                                         ,Colisão transversal                                                                                                                                                                                     ,Sem Vítimas,Plena Noite         ,Céu Claro           ,Simples             ,Sim       ,Caminhonete         ,Ileso               ,65.0,Masculino           
40727,2017-05-26,RN,406.0,CEARA-MIRIM                                                 ,Falta de Atenção à Condução                                                                         ,Colisão transversal                                                                                                                                                                                     ,Sem Vítimas,Plena Noite         ,Céu Claro           ,Simples             ,Sim       ,Camioneta           ,Ileso               ,38.0,Masculino           
40727,2017-05-26,RN,406.0,CEARA-MIRIM                                                 ,Falta de Atenção à Condução                                                                         ,Colisão transversal                                                                                                                                                                                     ,Sem Vítimas,Plena Noite         ,Céu Claro           ,Simples             ,Sim       ,Automóvel           ,Ileso               ,,Não Informado       
40727,2017-05-26,RN,406.0,CEARA-MIRIM                                                 ,Falta de Atenção à Condução                                                                         ,Colisão transversal                                                                                                                                                                                     ,Sem Vítimas,Plena Noite         ,Céu Claro           ,Simples             ,Sim       ,Automóvel           ,Ileso               ,22.0,Masculino           
40754,2017-05-26,RN,304.0,MOSSORO                                                     ,Defeito na Via                                                                                      ,Tombamento                                                                                                                                                                                              ,Com Vítimas Feridas,Plena Noite         ,Céu Claro           ,Simples             ,Sim       ,Motocicleta         ,Lesões Graves       ,26.0,Masculino           
40754,2017-05-26,RN,304.0,MOSSORO                                                     ,Defeito na Via                                                                                      ,Tombamento                                                                                                                                                                                              ,Com Vítimas Feridas,Plena Noite         ,Céu Claro           ,Simples             ,Sim       ,Motocicleta         ,Não Informado       ,,Não Informado       
40754,2017-05-26,RN,304.0,MOSSORO                                                     ,Defeito na Via                                                                                      ,Tombamento                                                                                                                                                                                              ,Com Vítimas Feridas,Plena Noite         ,Céu Claro           ,Simples             ,Sim       ,Motocicleta         ,Lesões Leves        ,27.0,Feminino            
40905,2017-05-27,RN,304.0,MACAIBA                                                     ,Desobediência às normas de trânsito pelo condutor                                                   ,Colisão traseira                                                                                                                                                                                        ,Com Vítimas Feridas,Pleno dia           ,Céu Claro           ,Simples             ,Não       ,Ônibus              ,Ileso               ,27.0,Masculino           
40905,2017-05-27,RN,304.0,MACAIBA                                                     ,Desobediência às normas de trânsito pelo condutor                                                   ,Colisão traseira                                                                                                                                                                                        ,Com Vítimas Feridas,Pleno dia           ,Céu Claro           ,Simples             ,Não       ,Motocicleta         ,Lesões Leves        ,50.0,Masculino           
41020,2017-05-27,RN,226.0,SERRA CAIADA                                                ,Ingestão de Álcool                                                                                  ,Colisão traseira                                                                                                                                                                                        ,Com Vítimas Fatais,Plena Noite         ,Céu Claro           ,Simples             ,Não       ,Bicicleta           ,Óbito               ,63.0,Masculino           
41020,2017-05-27,RN,226.0,SERRA CAIADA                                                ,Ingestão de Álcool                                                                                  ,Colisão traseira                                                                                                                                                                                        ,Com Vítimas Fatais,Plena Noite         ,Céu Claro           ,Simples             ,Não       ,Automóvel           ,Ileso               ,26.0,Feminino            
41083,2017-05-27,RN,101.0,NATAL                                                       ,Animais na Pista                                                                                    ,Atropelamento de Animal                                                                                                                                                                                 ,Com Vítimas Feridas,Plena Noite         ,Céu Claro           ,Dupla               ,Sim       ,Ciclomotor          ,Lesões Graves       ,34.0,Masculino           
41141,2017-05-27,RN,101.0,SAO GONCALO DO AMARANTE                                     ,Não guardar distância de segurança                                                                  ,Colisão traseira                                                                                                                                                                                        ,Sem Vítimas,Plena Noite         ,Chuva               ,Dupla               ,Sim       ,Automóvel           ,Ileso               ,29.0,Masculino           
41141,2017-05-27,RN,101.0,SAO GONCALO DO AMARANTE                                     ,Não guardar distância de segurança                                                                  ,Colisão traseira                                                                                                                                                                                        ,Sem Vítimas,Plena Noite         ,Chuva               ,Dupla               ,Sim       ,Automóvel           ,Ileso               ,67.0,Masculino           
41152,2017-05-28,RN,101.0,PARNAMIRIM                                                  ,Ingestão de Álcool                                                                                  ,Colisão traseira                                                                                                                                                                                        ,Com Vítimas Feridas,Plena Noite         ,Nublado             ,Dupla               ,Não       ,Motocicleta         ,Lesões Graves       ,25.0,Feminino            
41152,2017-05-28,RN,101.0,PARNAMIRIM                                                  ,Ingestão de Álcool                                                                                  ,Colisão traseira                                                                                                                                                                                        ,Com Vítimas Feridas,Plena Noite         ,Nublado             ,Dupla               ,Não       ,Motocicleta         ,Lesões Leves        ,37.0,Masculino           
41152,2017-05-28,RN,101.0,PARNAMIRIM                                                  ,Ingestão de Álcool                                                                                  ,Colisão traseira                                                                                                                                                                                        ,Com Vítimas Feridas,Plena Noite         ,Nublado             ,Dupla               ,Não       ,Automóvel           ,Ileso               ,,Ignorado            
41379,2017-05-28,RN,101.0,NATAL                                                       ,Desobediência às normas de trânsito pelo condutor                                                   ,Colisão transversal                                                                                                                                                                                     ,Com Vítimas Feridas,Plena Noite         ,Vento               ,Dupla               ,Sim       ,Motocicleta         ,Lesões Graves       ,43.0,Feminino            
41379,2017-05-28,RN,101.0,NATAL                                                       ,Desobediência às normas de trânsito pelo condutor                                                   ,Colisão transversal                                                                                                                                                                                     ,Com Vítimas Feridas,Plena Noite         ,Vento               ,Dupla               ,Sim       ,Motocicleta         ,Lesões Leves        ,37.0,Masculino           
41422,2017-05-28,RN,101.0,CEARA-MIRIM                                                 ,Desobediência às normas de trânsito pelo condutor                                                   ,Colisão frontal                                                                                                                                                                                         ,Com Vítimas Feridas,Plena Noite         ,Nublado             ,Simples             ,Não       ,Automóvel           ,Ileso               ,,Masculino           
41422,2017-05-28,RN,101.0,CEARA-MIRIM                                                 ,Desobediência às normas de trânsito pelo condutor                                                   ,Colisão frontal                                                                                                                                                                                         ,Com Vítimas Feridas,Plena Noite         ,Nublado             ,Simples             ,Não       ,Automóvel           ,Não Informado       ,,Não Informado       
41422,2017-05-28,RN,101.0,CEARA-MIRIM                                                 ,Desobediência às normas de trânsito pelo condutor                                                   ,Colisão frontal                                                                                                                                                                                         ,Com Vítimas Feridas,Plena Noite         ,Nublado             ,Simples             ,Não       ,Motocicleta         ,Lesões Graves       ,20.0,Masculino           
41445,2017-05-28,RN,101.0,PARNAMIRIM                                                  ,Velocidade Incompatível                                                                             ,Capotamento                                                                                                                                                                                             ,Sem Vítimas,Plena Noite         ,Chuva               ,Dupla               ,Sim       ,Automóvel           ,Ileso               ,39.0,Masculino           
41486,2017-05-29,RN,304.0,MOSSORO                                                     ,Fenômenos da Natureza                                                                               ,Tombamento                                                                                                                                                                                              ,Com Vítimas Feridas,Plena Noite         ,Chuva               ,Dupla               ,Não       ,Caminhão            ,Lesões Leves        ,37.0,Masculino           
41509,2017-05-29,RN,304.0,MOSSORO                                                     ,Pista Escorregadia                                                                                  ,Capotamento                                                                                                                                                                                             ,Com Vítimas Feridas,Pleno dia           ,Chuva               ,Simples             ,Não       ,Caminhonete         ,Lesões Graves       ,55.0,Masculino           
41516,2017-05-29,RN,304.0,MACAIBA                                                     ,Falta de Atenção à Condução                                                                         ,Capotamento                                                                                                                                                                                             ,Com Vítimas Feridas,Pleno dia           ,Céu Claro           ,Simples             ,Não       ,Automóvel           ,Lesões Leves        ,38.0,Feminino            
41516,2017-05-29,RN,304.0,MACAIBA                                                     ,Falta de Atenção à Condução                                                                         ,Capotamento                                                                                                                                                                                             ,Com Vítimas Feridas,Pleno dia           ,Céu Claro           ,Simples             ,Não       ,Automóvel           ,Lesões Leves        ,62.0,Feminino            
41516,2017-05-29,RN,304.0,MACAIBA                                                     ,Falta de Atenção à Condução                                                                         ,Capotamento                                                                                                                                                                                             ,Com Vítimas Feridas,Pleno dia           ,Céu Claro           ,Simples             ,Não       ,Automóvel           ,Lesões Leves        ,67.0,Masculino           
41519,2017-05-29,RN,406.0,CEARA-MIRIM                                                 ,Falta de Atenção à Condução                                                                         ,Colisão transversal                                                                                                                                                                                     ,Com Vítimas Feridas,Pleno dia           ,Chuva               ,Simples             ,Sim       ,Camioneta           ,Ileso               ,30.0,Masculino           
41519,2017-05-29,RN,406.0,CEARA-MIRIM                                                 ,Falta de Atenção à Condução                                                                         ,Colisão transversal                                                                                                                                                                                     ,Com Vítimas Feridas,Pleno dia           ,Chuva               ,Simples             ,Sim       ,Motocicleta         ,Lesões Graves       ,34.0,Masculino           
41573,2017-05-29,RN,304.0,MOSSORO                                                     ,Falta de Atenção do Pedestre                                                                        ,Atropelamento de Pedestre                                                                                                                                                                               ,Com Vítimas Feridas,Pleno dia           ,Nublado             ,Dupla               ,Sim       ,Motoneta            ,Lesões Graves       ,22.0,Feminino            
41573,2017-05-29,RN,304.0,MOSSORO                                                     ,Falta de Atenção do Pedestre                                                                        ,Atropelamento de Pedestre                                                                                                                                                                               ,Com Vítimas Feridas,Pleno dia           ,Nublado             ,Dupla               ,Sim       ,Motoneta            ,Lesões Graves       ,73.0,Feminino            
41792,2017-05-30,RN,101.0,NATAL                                                       ,Desobediência às normas de trânsito pelo condutor                                                   ,Colisão frontal                                                                                                                                                                                         ,Com Vítimas Feridas,Pleno dia           ,Chuva               ,Múltipla            ,Sim       ,Bicicleta           ,Lesões Leves        ,43.0,Masculino           
41792,2017-05-30,RN,101.0,NATAL                                                       ,Desobediência às normas de trânsito pelo condutor                                                   ,Colisão frontal                                                                                                                                                                                         ,Com Vítimas Feridas,Pleno dia           ,Chuva               ,Múltipla            ,Sim       ,Automóvel           ,Ileso               ,38.0,Masculino           
42046,2017-05-31,RN,101.0,SAO GONCALO DO AMARANTE                                     ,Desobediência às normas de trânsito pelo condutor                                                   ,Colisão traseira                                                                                                                                                                                        ,Com Vítimas Feridas,Pleno dia           ,Céu Claro           ,Dupla               ,Sim       ,Automóvel           ,Não Informado       ,,Não Informado       
42046,2017-05-31,RN,101.0,SAO GONCALO DO AMARANTE                                     ,Desobediência às normas de trânsito pelo condutor                                                   ,Colisão traseira                                                                                                                                                                                        ,Com Vítimas Feridas,Pleno dia           ,Céu Claro           ,Dupla               ,Sim       ,Automóvel           ,Ileso               ,31.0,Masculino           
42046,2017-05-31,RN,101.0,SAO GONCALO DO AMARANTE                                     ,Desobediência às normas de trânsito pelo condutor                                                   ,Colisão traseira                                                                                                                                                                                        ,Com Vítimas Feridas,Pleno dia           ,Céu Claro           ,Dupla               ,Sim       ,Motocicleta         ,Lesões Leves        ,25.0,Masculino           
42153,2017-05-29,RN,304.0,MOSSORO                                                     ,Ingestão de Álcool                                                                                  ,Colisão frontal                                                                                                                                                                                         ,Com Vítimas Feridas,Pleno dia           ,Céu Claro           ,Dupla               ,Sim       ,Ciclomotor          ,Lesões Leves        ,33.0,Masculino           
42153,2017-05-29,RN,304.0,MOSSORO                                                     ,Ingestão de Álcool                                                                                  ,Colisão frontal                                                                                                                                                                                         ,Com Vítimas Feridas,Pleno dia           ,Céu Claro           ,Dupla               ,Sim       ,Motocicleta         ,Lesões Leves        ,34.0,Masculino           
42156,2017-05-29,RN,405.0,MOSSORO                                                     ,Falta de Atenção à Condução                                                                         ,Colisão com objeto estático                                                                                                                                                                             ,Com Vítimas Feridas,Pleno dia           ,Chuva               ,Dupla               ,Sim       ,Motoneta            ,Lesões Leves        ,49.0,Masculino           
42175,2017-06-01,RN,406.0,TAIPU                                                       ,Ingestão de Álcool                                                                                  ,Colisão com objeto estático                                                                                                                                                                             ,Sem Vítimas,Plena Noite         ,Céu Claro           ,Simples             ,Não       ,Automóvel           ,Ileso               ,39.0,Masculino           
42324,2017-05-17,RN,304.0,MACAIBA                                                     ,Velocidade Incompatível                                                                             ,Colisão traseira                                                                                                                                                                                        ,Sem Vítimas,Plena Noite         ,Céu Claro           ,Dupla               ,Não       ,Motocicleta         ,Não Informado       ,,Não Informado       
42324,2017-05-17,RN,304.0,MACAIBA                                                     ,Velocidade Incompatível                                                                             ,Colisão traseira                                                                                                                                                                                        ,Sem Vítimas,Plena Noite         ,Céu Claro           ,Dupla               ,Não       ,Automóvel           ,Ileso               ,,Masculino           
42324,2017-05-17,RN,304.0,MACAIBA                                                     ,Velocidade Incompatível                                                                             ,Colisão traseira                                                                                                                                                                                        ,Sem Vítimas,Plena Noite         ,Céu Claro           ,Dupla               ,Não       ,Automóvel           ,Ileso               ,,Feminino            
42324,2017-05-17,RN,304.0,MACAIBA                                                     ,Velocidade Incompatível                                                                             ,Colisão traseira                                                                                                                                                                                        ,Sem Vítimas,Plena Noite         ,Céu Claro           ,Dupla               ,Não       ,Automóvel           ,Ileso               ,,Masculino           
42350,2017-06-01,RN,406.0,SAO GONCALO DO AMARANTE                                     ,Falta de Atenção à Condução                                                                         ,Colisão lateral                                                                                                                                                                                         ,Com Vítimas Feridas,Plena Noite         ,Céu Claro           ,Múltipla            ,Sim       ,Automóvel           ,Ileso               ,32.0,Masculino           
42350,2017-06-01,RN,406.0,SAO GONCALO DO AMARANTE                                     ,Falta de Atenção à Condução                                                                         ,Colisão lateral                                                                                                                                                                                         ,Com Vítimas Feridas,Plena Noite         ,Céu Claro           ,Múltipla            ,Sim       ,Motocicleta         ,Lesões Leves        ,24.0,Masculino           
42350,2017-06-01,RN,406.0,SAO GONCALO DO AMARANTE                                     ,Falta de Atenção à Condução                                                                         ,Colisão lateral                                                                                                                                                                                         ,Com Vítimas Feridas,Plena Noite         ,Céu Claro           ,Múltipla            ,Sim       ,Motocicleta         ,Lesões Leves        ,41.0,Feminino            
42459,2017-05-29,RN,101.0,ARES                                                        ,Falta de Atenção à Condução                                                                         ,Saída de leito carroçável                                                                                                                                                                               ,Sem Vítimas,Pleno dia           ,Garoa/Chuvisco      ,Dupla               ,Não       ,Automóvel           ,Ileso               ,71.0,Masculino           
42502,2017-01-11,RN,304.0,MOSSORO                                                     ,Falta de Atenção à Condução                                                                         ,Colisão transversal                                                                                                                                                                                     ,Com Vítimas Feridas,Pleno dia           ,Céu Claro           ,Dupla               ,Sim       ,Motocicleta         ,Lesões Leves        ,36.0,Feminino            
42502,2017-01-11,RN,304.0,MOSSORO                                                     ,Falta de Atenção à Condução                                                                         ,Colisão transversal                                                                                                                                                                                     ,Com Vítimas Feridas,Pleno dia           ,Céu Claro           ,Dupla               ,Sim       ,Motocicleta         ,Lesões Leves        ,42.0,Masculino           
42502,2017-01-11,RN,304.0,MOSSORO                                                     ,Falta de Atenção à Condução                                                                         ,Colisão transversal                                                                                                                                                                                     ,Com Vítimas Feridas,Pleno dia           ,Céu Claro           ,Dupla               ,Sim       ,Motocicleta         ,Lesões Leves        ,28.0,Masculino           
42618,2017-06-02,RN,304.0,MOSSORO                                                     ,Falta de Atenção à Condução                                                                         ,Colisão lateral                                                                                                                                                                                         ,Com Vítimas Feridas,Pleno dia           ,Nublado             ,Simples             ,Não       ,Micro-ônibus        ,Ileso               ,28.0,Masculino           
42618,2017-06-02,RN,304.0,MOSSORO                                                     ,Falta de Atenção à Condução                                                                         ,Colisão lateral                                                                                                                                                                                         ,Com Vítimas Feridas,Pleno dia           ,Nublado             ,Simples             ,Não       ,Automóvel           ,Lesões Leves        ,27.0,Masculino           
42623,2017-06-02,RN,304.0,ANGICOS                                                     ,Animais na Pista                                                                                    ,Capotamento                                                                                                                                                                                             ,Com Vítimas Feridas,Anoitecer           ,Céu Claro           ,Simples             ,Não       ,Automóvel           ,Lesões Leves        ,26.0,Masculino           
42623,2017-06-02,RN,304.0,ANGICOS                                                     ,Animais na Pista                                                                                    ,Capotamento                                                                                                                                                                                             ,Com Vítimas Feridas,Anoitecer           ,Céu Claro           ,Simples             ,Não       ,Automóvel           ,Lesões Graves       ,25.0,Feminino            
42650,2017-06-02,RN,304.0,MOSSORO                                                     ,Ingestão de Álcool                                                                                  ,Colisão com objeto estático                                                                                                                                                                             ,Com Vítimas Feridas,Anoitecer           ,Céu Claro           ,Simples             ,Não       ,Automóvel           ,Lesões Leves        ,44.0,Masculino           
42674,2017-06-02,RN,304.0,MOSSORO                                                     ,Mal Súbito                                                                                          ,Queda de ocupante de veículo                                                                                                                                                                            ,Com Vítimas Feridas,Plena Noite         ,Garoa/Chuvisco      ,Simples             ,Sim       ,Motoneta            ,Lesões Graves       ,33.0,Feminino            
42684,2017-05-22,RN,304.0,MACAIBA                                                     ,Não guardar distância de segurança                                                                  ,Colisão traseira                                                                                                                                                                                        ,Com Vítimas Feridas,Pleno dia           ,Céu Claro           ,Dupla               ,Não       ,Automóvel           ,Ileso               ,38.0,Masculino           
42684,2017-05-22,RN,304.0,MACAIBA                                                     ,Não guardar distância de segurança                                                                  ,Colisão traseira                                                                                                                                                                                        ,Com Vítimas Feridas,Pleno dia           ,Céu Claro           ,Dupla               ,Não       ,Automóvel           ,Lesões Leves        ,38.0,Masculino           
42684,2017-05-22,RN,304.0,MACAIBA                                                     ,Não guardar distância de segurança                                                                  ,Colisão traseira                                                                                                                                                                                        ,Com Vítimas Feridas,Pleno dia           ,Céu Claro           ,Dupla               ,Não       ,Automóvel           ,Ileso               ,36.0,Masculino           
42817,2017-06-03,RN,101.0,PARNAMIRIM                                                  ,Não guardar distância de segurança                                                                  ,Colisão traseira                                                                                                                                                                                        ,Sem Vítimas,Pleno dia           ,Céu Claro           ,Múltipla            ,Sim       ,Camioneta           ,Ileso               ,37.0,Masculino           
42817,2017-06-03,RN,101.0,PARNAMIRIM                                                  ,Não guardar distância de segurança                                                                  ,Colisão traseira                                                                                                                                                                                        ,Sem Vítimas,Pleno dia           ,Céu Claro           ,Múltipla            ,Sim       ,Automóvel           ,Ileso               ,34.0,Masculino           
42857,2017-06-03,RN,110.0,MOSSORO                                                     ,Falta de Atenção à Condução                                                                         ,Colisão lateral                                                                                                                                                                                         ,Com Vítimas Feridas,Pleno dia           ,Céu Claro           ,Dupla               ,Sim       ,Motocicleta         ,Ileso               ,,Não Informado       
42857,2017-06-03,RN,110.0,MOSSORO                                                     ,Falta de Atenção à Condução                                                                         ,Colisão lateral                                                                                                                                                                                         ,Com Vítimas Feridas,Pleno dia           ,Céu Claro           ,Dupla               ,Sim       ,Motocicleta         ,Lesões Graves       ,62.0,Masculino           
42857,2017-06-03,RN,110.0,MOSSORO                                                     ,Falta de Atenção à Condução                                                                         ,Colisão lateral                                                                                                                                                                                         ,Com Vítimas Feridas,Pleno dia           ,Céu Claro           ,Dupla               ,Sim       ,Motocicleta         ,Lesões Leves        ,28.0,Masculino           
42897,2017-06-03,RN,226.0,CURRAIS NOVOS                                               ,Falta de Atenção à Condução                                                                         ,Colisão lateral                                                                                                                                                                                         ,Com Vítimas Feridas,Pleno dia           ,Céu Claro           ,Dupla               ,Sim       ,Automóvel           ,Ileso               ,36.0,Masculino           
42897,2017-06-03,RN,226.0,CURRAIS NOVOS                                               ,Falta de Atenção à Condução                                                                         ,Colisão lateral                                                                                                                                                                                         ,Com Vítimas Feridas,Pleno dia           ,Céu Claro           ,Dupla               ,Sim       ,Motocicleta         ,Lesões Leves        ,33.0,Feminino            
42903,2017-06-03,RN,101.0,NATAL                                                       ,Não guardar distância de segurança                                                                  ,Colisão traseira                                                                                                                                                                                        ,Com Vítimas Feridas,Pleno dia           ,Céu Claro           ,Dupla               ,Sim       ,Automóvel           ,Ileso               ,41.0,Masculino           
42903,2017-06-03,RN,101.0,NATAL                                                       ,Não guardar distância de segurança                                                                  ,Colisão traseira                                                                                                                                                                                        ,Com Vítimas Feridas,Pleno dia           ,Céu Claro           ,Dupla               ,Sim       ,Motocicleta         ,Lesões Leves        ,26.0,Masculino           
42967,2017-06-03,RN,427.0,CAICO                                                       ,Ingestão de Álcool                                                                                  ,Atropelamento de Pedestre                                                                                                                                                                               ,Com Vítimas Feridas,Plena Noite         ,Céu Claro           ,Simples             ,Sim       ,Caminhonete         ,Ileso               ,26.0,Masculino           
42967,2017-06-03,RN,427.0,CAICO                                                       ,Ingestão de Álcool                                                                                  ,Atropelamento de Pedestre                                                                                                                                                                               ,Com Vítimas Feridas,Plena Noite         ,Céu Claro           ,Simples             ,Sim       ,Caminhonete         ,Lesões Leves        ,51.0,Masculino           
43299,2017-06-04,RN,405.0,MOSSORO                                                     ,Falta de Atenção à Condução                                                                         ,Colisão transversal                                                                                                                                                                                     ,Com Vítimas Feridas,Pleno dia           ,Céu Claro           ,Dupla               ,Sim       ,Motoneta            ,Lesões Graves       ,45.0,Masculino           
43299,2017-06-04,RN,405.0,MOSSORO                                                     ,Falta de Atenção à Condução                                                                         ,Colisão transversal                                                                                                                                                                                     ,Com Vítimas Feridas,Pleno dia           ,Céu Claro           ,Dupla               ,Sim       ,Motocicleta         ,Lesões Leves        ,22.0,Masculino           
43299,2017-06-04,RN,405.0,MOSSORO                                                     ,Falta de Atenção à Condução                                                                         ,Colisão transversal                                                                                                                                                                                     ,Com Vítimas Feridas,Pleno dia           ,Céu Claro           ,Dupla               ,Sim       ,Motocicleta         ,Lesões Graves       ,18.0,Feminino            
43336,2017-06-04,RN,,MOSSORO                                                     ,Defeito na Via                                                                                      ,Colisão transversal                                                                                                                                                                                     ,Com Vítimas Feridas,Plena Noite         ,Céu Claro           ,Simples             ,Sim       ,Automóvel           ,Ileso               ,28.0,Masculino           
43336,2017-06-04,RN,,MOSSORO                                                     ,Defeito na Via                                                                                      ,Colisão transversal                                                                                                                                                                                     ,Com Vítimas Feridas,Plena Noite         ,Céu Claro           ,Simples             ,Sim       ,Automóvel           ,Não Informado       ,,Não Informado       
43336,2017-06-04,RN,,MOSSORO                                                     ,Defeito na Via                                                                                      ,Colisão transversal                                                                                                                                                                                     ,Com Vítimas Feridas,Plena Noite         ,Céu Claro           ,Simples             ,Sim       ,Automóvel           ,Não Informado       ,,Não Informado       
43336,2017-06-04,RN,,MOSSORO                                                     ,Defeito na Via                                                                                      ,Colisão transversal                                                                                                                                                                                     ,Com Vítimas Feridas,Plena Noite         ,Céu Claro           ,Simples             ,Sim       ,Caminhonete         ,Ileso               ,45.0,Masculino           
43336,2017-06-04,RN,,MOSSORO                                                     ,Defeito na Via                                                                                      ,Colisão transversal                                                                                                                                                                                     ,Com Vítimas Feridas,Plena Noite         ,Céu Claro           ,Simples             ,Sim       ,Caminhonete         ,Ileso               ,37.0,Masculino           
43336,2017-06-04,RN,,MOSSORO                                                     ,Defeito na Via                                                                                      ,Colisão transversal                                                                                                                                                                                     ,Com Vítimas Feridas,Plena Noite         ,Céu Claro           ,Simples             ,Sim       ,Caminhonete         ,Lesões Graves       ,38.0,Masculino           
43362,2017-06-05,RN,427.0,CAICO                                                       ,Defeito na Via                                                                                      ,Tombamento                                                                                                                                                                                              ,Com Vítimas Feridas,Plena Noite         ,Céu Claro           ,Simples             ,Não       ,Caminhão            ,Lesões Leves        ,29.0,Masculino           
43362,2017-06-05,RN,427.0,CAICO                                                       ,Defeito na Via                                                                                      ,Tombamento                                                                                                                                                                                              ,Com Vítimas Feridas,Plena Noite         ,Céu Claro           ,Simples             ,Não       ,Caminhão            ,Lesões Graves       ,56.0,Masculino           
43437,2017-05-29,RN,101.0,NATAL                                                       ,Não guardar distância de segurança                                                                  ,Engavetamento                                                                                                                                                                                           ,Sem Vítimas,Anoitecer           ,Chuva               ,Dupla               ,Sim       ,Caminhão            ,Ileso               ,40.0,Masculino           
43437,2017-05-29,RN,101.0,NATAL                                                       ,Não guardar distância de segurança                                                                  ,Engavetamento                                                                                                                                                                                           ,Sem Vítimas,Anoitecer           ,Chuva               ,Dupla               ,Sim       ,Camioneta           ,Ileso               ,31.0,Feminino            
43437,2017-05-29,RN,101.0,NATAL                                                       ,Não guardar distância de segurança                                                                  ,Engavetamento                                                                                                                                                                                           ,Sem Vítimas,Anoitecer           ,Chuva               ,Dupla               ,Sim       ,Caminhonete         ,Ileso               ,35.0,Masculino           
43437,2017-05-29,RN,101.0,NATAL                                                       ,Não guardar distância de segurança                                                                  ,Engavetamento                                                                                                                                                                                           ,Sem Vítimas,Anoitecer           ,Chuva               ,Dupla               ,Sim       ,Automóvel           ,Ileso               ,74.0,Masculino           
43474,2017-01-14,RN,304.0,MOSSORO                                                     ,Ingestão de Álcool                                                                                  ,Colisão traseira                                                                                                                                                                                        ,Com Vítimas Feridas,Pleno dia           ,Sol                 ,Múltipla            ,Sim       ,Automóvel           ,Ileso               ,23.0,Masculino           
43474,2017-01-14,RN,304.0,MOSSORO                                                     ,Ingestão de Álcool                                                                                  ,Colisão traseira                                                                                                                                                                                        ,Com Vítimas Feridas,Pleno dia           ,Sol                 ,Múltipla            ,Sim       ,Motocicleta         ,Lesões Leves        ,41.0,Masculino           
43497,2017-06-05,RN,304.0,MOSSORO                                                     ,Falta de Atenção à Condução                                                                         ,Capotamento                                                                                                                                                                                             ,Com Vítimas Feridas,Pleno dia           ,Sol                 ,Simples             ,Sim       ,Automóvel           ,Ileso               ,36.0,Feminino            
43497,2017-06-05,RN,304.0,MOSSORO                                                     ,Falta de Atenção à Condução                                                                         ,Capotamento                                                                                                                                                                                             ,Com Vítimas Feridas,Pleno dia           ,Sol                 ,Simples             ,Sim       ,Automóvel           ,Lesões Leves        ,27.0,Masculino           
43554,2017-06-05,RN,406.0,CEARA-MIRIM                                                 ,Falta de Atenção à Condução                                                                         ,Colisão transversal                                                                                                                                                                                     ,Com Vítimas Feridas,Anoitecer           ,Céu Claro           ,Simples             ,Sim       ,Automóvel           ,Ileso               ,,Não Informado       
43554,2017-06-05,RN,406.0,CEARA-MIRIM                                                 ,Falta de Atenção à Condução                                                                         ,Colisão transversal                                                                                                                                                                                     ,Com Vítimas Feridas,Anoitecer           ,Céu Claro           ,Simples             ,Sim       ,Motocicleta         ,Lesões Leves        ,28.0,Masculino           