id,data_inversa,uf,br,municipio,causa_acidente,tipo_acidente,classificacao_acidente,fase_dia,condicao_metereologica,tipo_pista,uso_solo,tipo_veiculo,estado_fisico,idade,sexo
43554,2017-06-05,RN,406.0,CEARA-MIRIM                                                 ,Falta de Atenção à Condução                                                                         ,Colisão transversal                                                                                                                                                                                     ,Com Vítimas Feridas,Anoitecer           ,Céu Claro           ,Simples             ,Sim       ,Motocicleta         ,Lesões Leves        ,34.0,Masculino           
43567,2017-06-05,RN,226.0,MACAIBA                                                     ,Ingestão de Álcool                                                                                  ,Colisão transversal                                                                                                                                                                                     ,Com Vítimas Feridas,Anoitecer           ,Céu Claro           ,Simples             ,Não       ,Bicicleta           ,Lesões Leves        ,30.0,Masculino           
43567,2017-06-05,RN,226.0,MACAIBA                                                     ,Ingestão de Álcool                                                                                  ,Colisão transversal                                                                                                                                                                                     ,Com Vítimas Feridas,Anoitecer           ,Céu Claro           ,Simples             ,Não       ,Caminhonete         ,Ileso               ,35.0,Masculino           
43690,2017-06-06,RN,405.0,ITAU                                                        ,Animais na Pista                                                                                    ,Atropelamento de Animal                                                                                                                                                                                 ,Sem Vítimas,Amanhecer           ,Céu Claro           ,Simples             ,Não       ,Caminhonete         ,Ileso               ,30.0,Masculino           
43699,2017-06-06,RN,101.0,SAO GONCALO DO AMARANTE                                     ,Não guardar distância de segurança                                                                  ,Engavetamento                                                                                                                                                                                           ,Sem Vítimas,Pleno dia           ,Céu Claro           ,Dupla               ,Sim       ,Ônibus              ,Ileso               ,23.0,Masculino           
43699,2017-06-06,RN,101.0,SAO GONCALO DO AMARANTE                                     ,Não guardar distância de segurança                                                                  ,Engavetamento                                                                                                                                                                                           ,Sem Vítimas,Pleno dia           ,Céu Claro           ,Dupla               ,Sim       ,Automóvel           ,Ileso               ,38.0,Feminino            
43699,2017-06-06,RN,101.0,SAO GONCALO DO AMARANTE                                     ,Não guardar distância de segurança                                                                  ,Engavetamento                                                                                                                                                                                           ,Sem Vítimas,Pleno dia           ,Céu Claro           ,Dupla               ,Sim       ,Automóvel           ,Ileso               ,22.0,Masculino           
43699,2017-06-06,RN,101.0,SAO GONCALO DO AMARANTE                                     ,Não guardar distância de segurança                                                                  ,Engavetamento                                                                                                                                                                                           ,Sem Vítimas,Pleno dia           ,Céu Claro           ,Dupla               ,Sim       ,Automóvel           ,Ileso               ,26.0,Masculino           
43763,2017-06-06,RN,304.0,MOSSORO                                                     ,Desobediência às normas de trânsito pelo condutor                                                   ,Colisão transversal                                                                                                                                                                                     ,Com Vítimas Feridas,Pleno dia           ,Céu Claro           ,Dupla               ,Sim       ,Motocicleta         ,Lesões Graves       ,32.0,Masculino           
43763,2017-06-06,RN,304.0,MOSSORO                                                     ,Desobediência às normas de trânsito pelo condutor                                                   ,Colisão transversal                                                                                                                                                                                     ,Com Vítimas Feridas,Pleno dia           ,Céu Claro           ,Dupla               ,Sim       ,Automóvel           ,Ileso               ,55.0,Masculino           
43822,2017-06-06,RN,406.0,CEARA-MIRIM                                                 ,Falta de Atenção à Condução                                                                         ,Colisão transversal                                                                                                                                                                                     ,Com Vítimas Feridas,Amanhecer           ,Céu Claro           ,Simples             ,Sim       ,Motocicleta         ,Lesões Graves       ,,Masculino           
43822,2017-06-06,RN,406.0,CEARA-MIRIM                                                 ,Falta de Atenção à Condução                                                                         ,Colisão transversal                                                                                                                                                                                     ,Com Vítimas Feridas,Amanhecer           ,Céu Claro           ,Simples             ,Sim       ,Automóvel           ,Não Informado       ,,Não Informado       
43881,2017-06-06,RN,101.0,NATAL                                                       ,Falta de Atenção à Condução                                                                         ,Colisão transversal                                                                                                                                                                                     ,Com Vítimas Feridas,Plena Noite         ,Céu Claro           ,Simples             ,Sim       ,Automóvel           ,Ileso               ,46.0,Masculino           
43881,2017-06-06,RN,101.0,NATAL                                                       ,Falta de Atenção à Condução                                                                         ,Colisão transversal                                                                                                                                                                                     ,Com Vítimas Feridas,Plena Noite         ,Céu Claro           ,Simples             ,Sim       ,Motocicleta         ,Lesões Leves        ,38.0,Feminino            
43881,2017-06-06,RN,101.0,NATAL                                                       ,Falta de Atenção à Condução                                                                         ,Colisão transversal                                                                                                                                                                                     ,Com Vítimas Feridas,Plena Noite         ,Céu Claro           ,Simples             ,Sim       ,Motocicleta         ,Lesões Graves       ,34.0,Masculino           
43900,2017-06-06,RN,110.0,MOSSORO                                                     ,Falta de Atenção à Condução                                                                         ,Colisão transversal                                                                                                                                                                                     ,Com Vítimas Feridas,Plena Noite         ,Céu Claro           ,Simples             ,Sim       ,Motocicleta         ,Lesões Leves        ,20.0,Masculino           
43900,2017-06-06,RN,110.0,MOSSORO                                                     ,Falta de Atenção à Condução                                                                         ,Colisão transversal                                                                                                                                                                                     ,Com Vítimas Feridas,Plena Noite         ,Céu Claro           ,Simples             ,Sim       ,Motocicleta         ,Lesões Leves        ,19.0,Masculino           
43900,2017-06-06,RN,110.0,MOSSORO                                                     ,Falta de Atenção à Condução                                                                         ,Colisão transversal                                                                                                                                                                                     ,Com Vítimas Feridas,Plena Noite         ,Céu Claro           ,Simples             ,Sim       ,Bicicleta           ,Lesões Graves       ,62.0,Masculino           
43914,2017-06-07,RN,101.0,ARES                                                        ,Condutor Dormindo                                                                                   ,Saída de leito carroçável                                                                                                                                                                               ,Sem Vítimas,Plena Noite         ,Céu Claro           ,Dupla               ,Não       ,Caminhão-trator     ,Ileso               ,32.0,Masculino           
43919,2017-06-07,RN,101.0,ARES                                                        ,Condutor Dormindo                                                                                   ,Tombamento                                                                                                                                                                                              ,Sem Vítimas,Plena Noite         ,Céu Claro           ,Dupla               ,Não       ,Caminhão            ,Ileso               ,29.0,Masculino           
43972,2017-06-07,RN,427.0,CAICO                                                       ,Falta de Atenção à Condução                                                                         ,Colisão lateral                                                                                                                                                                                         ,Com Vítimas Feridas,Pleno dia           ,Céu Claro           ,Dupla               ,Sim       ,Motocicleta         ,Lesões Leves        ,29.0,Feminino            
43972,2017-06-07,RN,427.0,CAICO                                                       ,Falta de Atenção à Condução                                                                         ,Colisão lateral                                                                                                                                                                                         ,Com Vítimas Feridas,Pleno dia           ,Céu Claro           ,Dupla               ,Sim       ,Automóvel           ,Não Informado       ,,Não Informado       
44133,2017-06-07,RN,101.0,NATAL                                                       ,Não guardar distância de segurança                                                                  ,Colisão traseira                                                                                                                                                                                        ,Com Vítimas Feridas,Plena Noite         ,Nublado             ,Dupla               ,Sim       ,Automóvel           ,Ileso               ,29.0,Masculino           
44133,2017-06-07,RN,101.0,NATAL                                                       ,Não guardar distância de segurança                                                                  ,Colisão traseira                                                                                                                                                                                        ,Com Vítimas Feridas,Plena Noite         ,Nublado             ,Dupla               ,Sim       ,Automóvel           ,Ileso               ,65.0,Masculino           
44133,2017-06-07,RN,101.0,NATAL                                                       ,Não guardar distância de segurança                                                                  ,Colisão traseira                                                                                                                                                                                        ,Com Vítimas Feridas,Plena Noite         ,Nublado             ,Dupla               ,Sim       ,Automóvel           ,Lesões Leves        ,36.0,Feminino            
44160,2017-06-08,RN,406.0,SAO GONCALO DO AMARANTE                                     ,Falta de Atenção à Condução                                                                         ,Queda de ocupante de veículo                                                                                                                                                                            ,Com Vítimas Feridas,Amanhecer           ,Céu Claro           ,Dupla               ,Não       ,Motocicleta         ,Lesões Leves        ,52.0,Masculino           
44246,2017-06-08,RN,406.0,JOAO CAMARA                                                 ,Falta de Atenção à Condução                                                                         ,Colisão traseira                                                                                                                                                                                        ,Com Vítimas Feridas,Pleno dia           ,Céu Claro           ,Simples             ,Não       ,Motocicleta         ,Lesões Leves        ,39.0,Masculino           
44246,2017-06-08,RN,406.0,JOAO CAMARA                                                 ,Falta de Atenção à Condução                                                                         ,Colisão traseira                                                                                                                                                                                        ,Com Vítimas Feridas,Pleno dia           ,Céu Claro           ,Simples             ,Não       ,Automóvel           ,Lesões Leves        ,30.0,Feminino            
44389,2017-06-08,RN,101.0,PARNAMIRIM                                                  ,Falta de Atenção à Condução                                                                         ,Colisão com objeto estático                                                                                                                                                                             ,Com Vítimas Fatais,Plena Noite         ,Chuva               ,Simples             ,Sim       ,Motocicleta         ,Lesões Graves       ,33.0,Masculino           
44389,2017-06-08,RN,101.0,PARNAMIRIM                                                  ,Falta de Atenção à Condução                                                                         ,Colisão com objeto estático                                                                                                                                                                             ,Com Vítimas Fatais,Plena Noite         ,Chuva               ,Simples             ,Sim       ,Motocicleta         ,Óbito               ,25.0,Masculino           
44443,2017-06-09,RN,101.0,NATAL                                                       ,Falta de Atenção à Condução                                                                         ,Engavetamento                                                                                                                                                                                           ,Sem Vítimas,Pleno dia           ,Chuva               ,Dupla               ,Não       ,Automóvel           ,Não Informado       ,,Não Informado       
44443,2017-06-09,RN,101.0,NATAL                                                       ,Falta de Atenção à Condução                                                                         ,Engavetamento                                                                                                                                                                                           ,Sem Vítimas,Pleno dia           ,Chuva               ,Dupla               ,Não       ,Automóvel           ,Ileso               ,23.0,Masculino           
44443,2017-06-09,RN,101.0,NATAL                                                       ,Falta de Atenção à Condução                                                                         ,Engavetamento                                                                                                                                                                                           ,Sem Vítimas,Pleno dia           ,Chuva               ,Dupla               ,Não       ,Automóvel           ,Ileso               ,38.0,Masculino           
44483,2017-06-09,RN,101.0,SAO GONCALO DO AMARANTE                                     ,Falta de Atenção à Condução                                                                         ,Tombamento                                                                                                                                                                                              ,Com Vítimas Feridas,Pleno dia           ,Chuva               ,Dupla               ,Sim       ,Motocicleta         ,Lesões Leves        ,32.0,Masculino           
44511,2017-06-09,RN,226.0,SERRA CAIADA                                                ,Falta de Atenção à Condução                                                                         ,Saída de leito carroçável                                                                                                                                                                               ,Com Vítimas Feridas,Pleno dia           ,Céu Claro           ,Simples             ,Não       ,Automóvel           ,Lesões Leves        ,28.0,Feminino            
44552,2017-06-09,RN,101.0,SAO GONCALO DO AMARANTE                                     ,Defeito Mecânico no Veículo                                                                         ,Colisão traseira                                                                                                                                                                                        ,Sem Vítimas,Pleno dia           ,Sol                 ,Dupla               ,Sim       ,Caminhão            ,Ileso               ,32.0,Masculino           
44552,2017-06-09,RN,101.0,SAO GONCALO DO AMARANTE                                     ,Defeito Mecânico no Veículo                                                                         ,Colisão traseira                                                                                                                                                                                        ,Sem Vítimas,Pleno dia           ,Sol                 ,Dupla               ,Sim       ,Ônibus              ,Ileso               ,41.0,Masculino           
44789,2017-06-10,RN,226.0,CAMPO REDONDO                                               ,Não guardar distância de segurança                                                                  ,Colisão frontal                                                                                                                                                                                         ,Com Vítimas Feridas,Pleno dia           ,Céu Claro           ,Simples             ,Não       ,Automóvel           ,Lesões Graves       ,48.0,Masculino           
44789,2017-06-10,RN,226.0,CAMPO REDONDO                                               ,Não guardar distância de segurança                                                                  ,Colisão frontal                                                                                                                                                                                         ,Com Vítimas Feridas,Pleno dia           ,Céu Claro           ,Simples             ,Não       ,Caminhão            ,Ileso               ,33.0,Masculino           
44789,2017-06-10,RN,226.0,CAMPO REDONDO                                               ,Não guardar distância de segurança                                                                  ,Colisão frontal                                                                                                                                                                                         ,Com Vítimas Feridas,Pleno dia           ,Céu Claro           ,Simples             ,Não       ,Automóvel           ,Ileso               ,,Não Informado       
44835,2017-06-10,RN,101.0,CANGUARETAMA                                                ,Velocidade Incompatível                                                                             ,Saída de leito carroçável                                                                                                                                                                               ,Com Vítimas Feridas,Pleno dia           ,Chuva               ,Dupla               ,Sim       ,Caminhonete         ,Ileso               ,46.0,Masculino           
44835,2017-06-10,RN,101.0,CANGUARETAMA                                                ,Velocidade Incompatível                                                                             ,Saída de leito carroçável                                                                                                                                                                               ,Com Vítimas Feridas,Pleno dia           ,Chuva               ,Dupla               ,Sim       ,Caminhonete         ,Lesões Leves        ,25.0,Masculino           
44835,2017-06-10,RN,101.0,CANGUARETAMA                                                ,Velocidade Incompatível                                                                             ,Saída de leito carroçável                                                                                                                                                                               ,Com Vítimas Feridas,Pleno dia           ,Chuva               ,Dupla               ,Sim       ,Caminhonete         ,Ileso               ,54.0,Feminino            
44841,2017-06-10,RN,110.0,MOSSORO                                                     ,Falta de Atenção à Condução                                                                         ,Engavetamento                                                                                                                                                                                           ,Com Vítimas Feridas,Pleno dia           ,Céu Claro           ,Dupla               ,Sim       ,Automóvel           ,Ileso               ,33.0,Masculino           
44841,2017-06-10,RN,110.0,MOSSORO                                                     ,Falta de Atenção à Condução                                                                         ,Engavetamento                                                                                                                                                                                           ,Com Vítimas Feridas,Pleno dia           ,Céu Claro           ,Dupla               ,Sim       ,Motocicleta         ,Lesões Graves       ,23.0,Feminino            
44841,2017-06-10,RN,110.0,MOSSORO                                                     ,Falta de Atenção à Condução                                                                         ,Engavetamento                                                                                                                                                                                           ,Com Vítimas Feridas,Pleno dia           ,Céu Claro           ,Dupla               ,Sim       ,Automóvel           ,Ileso               ,40.0,Masculino           
44854,2017-06-10,RN,406.0,TAIPU                                                       ,Não guardar distância de segurança                                                                  ,Colisão traseira                                                                                                                                                                                        ,Com Vítimas Feridas,Pleno dia           ,Céu Claro           ,Simples             ,Não       ,Caminhonete         ,Lesões Leves        ,31.0,Masculino           
44854,2017-06-10,RN,406.0,TAIPU                                                       ,Não guardar distância de segurança                                                                  ,Colisão traseira                                                                                                                                                                                        ,Com Vítimas Feridas,Pleno dia           ,Céu Claro           ,Simples             ,Não       ,Caminhonete         ,Ileso               ,25.0,Masculino           
44865,2017-06-10,RN,101.0,GOIANINHA                                                   ,Velocidade Incompatível                                                                             ,Saída de leito carroçável                                                                                                                                                                               ,Sem Vítimas,Pleno dia           ,Céu Claro           ,Dupla               ,Não       ,Automóvel           ,Ileso               ,34.0,Masculino           
44874,2017-06-10,RN,110.0,NATAL                                                       ,Ingestão de Álcool                                                                                  ,Colisão lateral                                                                                                                                                                                         ,Com Vítimas Feridas,Pleno dia           ,Céu Claro           ,Simples             ,Sim       ,Motocicleta         ,Ileso               ,56.0,Masculino           
44874,2017-06-10,RN,110.0,NATAL                                                       ,Ingestão de Álcool                                                                                  ,Colisão lateral                                                                                                                                                                                         ,Com Vítimas Feridas,Pleno dia           ,Céu Claro           ,Simples             ,Sim       ,Motocicleta         ,Lesões Leves        ,23.0,Feminino            
44874,2017-06-10,RN,110.0,NATAL                                                       ,Ingestão de Álcool                                                                                  ,Colisão lateral                                                                                                                                                                                         ,Com Vítimas Feridas,Pleno dia           ,Céu Claro           ,Simples             ,Sim       ,Ciclomotor          ,Lesões Leves        ,38.0,Masculino           
45063,2017-04-18,RN,110.0,MOSSORO                                                     ,Falta de Atenção à Condução                                                                         ,Queda de ocupante de veículo                                                                                                                                                                            ,Com Vítimas Feridas,Plena Noite         ,Céu Claro           ,Dupla               ,Sim       ,Motocicleta         ,Lesões Graves       ,,Masculino           
45080,2017-06-11,RN,405.0,PAU DOS FERROS                                              ,Ingestão de Álcool                                                                                  ,Colisão traseira                                                                                                                                                                                        ,Com Vítimas Feridas,Plena Noite         ,Céu Claro           ,Dupla               ,Sim       ,Automóvel           ,Ileso               ,39.0,Feminino            
45080,2017-06-11,RN,405.0,PAU DOS FERROS                                              ,Ingestão de Álcool                                                                                  ,Colisão traseira                                                                                                                                                                                        ,Com Vítimas Feridas,Plena Noite         ,Céu Claro           ,Dupla               ,Sim       ,Motocicleta         ,Lesões Leves        ,48.0,Masculino           
45087,2017-06-11,RN,304.0,MOSSORO                                                     ,Ingestão de Álcool                                                                                  ,Colisão traseira                                                                                                                                                                                        ,Com Vítimas Feridas,Plena Noite         ,Céu Claro           ,Dupla               ,Sim       ,Motocicleta         ,Lesões Leves        ,33.0,Masculino           
45087,2017-06-11,RN,304.0,MOSSORO                                                     ,Ingestão de Álcool                                                                                  ,Colisão traseira                                                                                                                                                                                        ,Com Vítimas Feridas,Plena Noite         ,Céu Claro           ,Dupla               ,Sim       ,Automóvel           ,Ileso               ,,Não Informado       
45122,2017-06-11,RN,304.0,MOSSORO                                                     ,Não guardar distância de segurança                                                                  ,Colisão traseira                                                                                                                                                                                        ,Com Vítimas Feridas,Pleno dia           ,Céu Claro           ,Simples             ,Não       ,Automóvel           ,Ileso               ,31.0,Masculino           
45122,2017-06-11,RN,304.0,MOSSORO                                                     ,Não guardar distância de segurança                                                                  ,Colisão traseira                                                                                                                                                                                        ,Com Vítimas Feridas,Pleno dia           ,Céu Claro           ,Simples             ,Não       ,Motoneta            ,Lesões Graves       ,31.0,Masculino           
45312,2017-06-11,RN,304.0,ANGICOS                                                     ,Ultrapassagem Indevida                                                                              ,Colisão frontal                                                                                                                                                                                         ,Com Vítimas Fatais,Plena Noite         ,Céu Claro           ,Simples             ,Não       ,Motocicleta         ,Óbito               ,19.0,Masculino           
45312,2017-06-11,RN,304.0,ANGICOS                                                     ,Ultrapassagem Indevida                                                                              ,Colisão frontal                                                                                                                                                                                         ,Com Vítimas Fatais,Plena Noite         ,Céu Claro           ,Simples             ,Não       ,Automóvel           ,Ileso               ,24.0,Masculino           
45470,2017-06-12,RN,101.0,NATAL                                                       ,Falta de Atenção à Condução                                                                         ,Colisão com objeto estático                                                                                                                                                                             ,Com Vítimas Feridas,Pleno dia           ,Céu Claro           ,Dupla               ,Sim       ,Motocicleta         ,Lesões Leves        ,26.0,Masculino           
45493,2017-05-30,RN,101.0,NATAL                                                       ,Falta de Atenção à Condução                                                                         ,Colisão lateral                                                                                                                                                                                         ,Com Vítimas Feridas,Plena Noite         ,Céu Claro           ,Dupla               ,Sim       ,Automóvel           ,Ileso               ,23.0,Masculino           
45493,2017-05-30,RN,101.0,NATAL                                                       ,Falta de Atenção à Condução                                                                         ,Colisão lateral                                                                                                                                                                                         ,Com Vítimas Feridas,Plena Noite         ,Céu Claro           ,Dupla               ,Sim       ,Motocicleta         ,Lesões Leves        ,19.0,Masculino           
45632,2017-06-13,RN,405.0,FELIPE GUERRA                                               ,Condutor Dormindo                                                                                   ,Capotamento                                                                                                                                                                                             ,Com Vítimas Feridas,Plena Noite         ,Céu Claro           ,Simples             ,Não       ,Automóvel           ,Lesões Leves        ,23.0,Feminino            
45632,2017-06-13,RN,405.0,FELIPE GUERRA                                               ,Condutor Dormindo                                                                                   ,Capotamento                                                                                                                                                                                             ,Com Vítimas Feridas,Plena Noite         ,Céu Claro           ,Simples             ,Não       ,Automóvel           ,Lesões Leves        ,16.0,Masculino           
45632,2017-06-13,RN,405.0,FELIPE GUERRA                                               ,Condutor Dormindo                                                                                   ,Capotamento                                                                                                                                                                                             ,Com Vítimas Feridas,Plena Noite         ,Céu Claro           ,Simples             ,Não       ,Automóvel           ,Lesões Leves        ,52.0,Masculino           
45712,2017-06-13,RN,226.0,SANTA CRUZ                                                  ,Ingestão de Álcool                                                                                  ,Colisão frontal                                                                                                                                                                                         ,Com Vítimas Fatais,Pleno dia           ,Céu Claro           ,Simples             ,Não       ,Motocicleta         ,Óbito               ,35.0,Masculino           
45712,2017-06-13,RN,226.0,SANTA CRUZ                                                  ,Ingestão de Álcool                                                                                  ,Colisão frontal                                                                                                                                                                                         ,Com Vítimas Fatais,Pleno dia           ,Céu Claro           ,Simples             ,Não       ,Caminhão-trator     ,Ileso               ,39.0,Masculino           
45744,2017-06-13,RN,110.0,MOSSORO                                                     ,Falta de Atenção à Condução                                                                         ,Colisão transversal                                                                                                                                                                                     ,Com Vítimas Feridas,Pleno dia           ,Céu Claro           ,Simples             ,Sim       ,Automóvel           ,Ileso               ,48.0,Feminino            
45744,2017-06-13,RN,110.0,MOSSORO                                                     ,Falta de Atenção à Condução                                                                         ,Colisão transversal                                                                                                                                                                                     ,Com Vítimas Feridas,Pleno dia           ,Céu Claro           ,Simples             ,Sim       ,Motocicleta         ,Lesões Leves        ,38.0,Masculino           
45773,2017-06-13,RN,101.0,SAO JOSE DE MIPIBU                                          ,Falta de Atenção do Pedestre                                                                        ,Atropelamento de Pedestre                                                                                                                                                                               ,Com Vítimas Feridas,Pleno dia           ,Sol                 ,Dupla               ,Sim       ,Caminhão-trator     ,Ileso               ,47.0,Masculino           
45773,2017-06-13,RN,101.0,SAO JOSE DE MIPIBU                                          ,Falta de Atenção do Pedestre                                                                        ,Atropelamento de Pedestre                                                                                                                                                                               ,Com Vítimas Feridas,Pleno dia           ,Sol                 ,Dupla               ,Sim       ,Caminhão-trator     ,Lesões Graves       ,38.0,Masculino           
45885,2017-06-14,RN,304.0,SAO PEDRO                                                   ,Falta de Atenção à Condução                                                                         ,Tombamento                                                                                                                                                                                              ,Com Vítimas Feridas,Plena Noite         ,Céu Claro           ,Simples             ,Não       ,Caminhão            ,Lesões Leves        ,47.0,Masculino           
45885,2017-06-14,RN,304.0,SAO PEDRO                                                   ,Falta de Atenção à Condução                                                                         ,Tombamento                                                                                                                                                                                              ,Com Vítimas Feridas,Plena Noite         ,Céu Claro           ,Simples             ,Não       ,Caminhão            ,Lesões Graves       ,39.0,Masculino           
46008,2017-06-14,RN,406.0,CEARA-MIRIM                                                 ,Ingestão de Álcool                                                                                  ,Colisão transversal                                                                                                                                                                                     ,Com Vítimas Feridas,Pleno dia           ,Céu Claro           ,Simples             ,Sim       ,Automóvel           ,Lesões Leves        ,27.0,Masculino           
46008,2017-06-14,RN,406.0,CEARA-MIRIM                                                 ,Ingestão de Álcool                                                                                  ,Colisão transversal                                                                                                                                                                                     ,Com Vítimas Feridas,Pleno dia           ,Céu Claro           ,Simples             ,Sim       ,Camioneta           ,Lesões Graves       ,35.0,Masculino           
46059,2017-06-13,RN,427.0,SERRA NEGRA DO NORTE                                        ,Falta de Atenção à Condução                                                                         ,Capotamento                                                                                                                                                                                             ,Sem Vítimas,Pleno dia           ,Céu Claro           ,Simples             ,Não       ,Utilitário          ,Ileso               ,50.0,Masculino           
46102,2017-06-14,RN,101.0,NATAL                                                       ,Não guardar distância de segurança                                                                  ,Colisão traseira                                                                                                                                                                                        ,Sem Vítimas,Pleno dia           ,Céu Claro           ,Dupla               ,Sim       ,Automóvel           ,Ileso               ,59.0,Feminino            
46102,2017-06-14,RN,101.0,NATAL                                                       ,Não guardar distância de segurança                                                                  ,Colisão traseira                                                                                                                                                                                        ,Sem Vítimas,Pleno dia           ,Céu Claro           ,Dupla               ,Sim       ,Caminhonete         ,Ileso               ,31.0,Masculino           
46115,2017-06-14,RN,101.0,PARNAMIRIM                                                  ,Não guardar distância de segurança                                                                  ,Colisão traseira                                                                                                                                                                                        ,Sem Vítimas,Anoitecer           ,Céu Claro           ,Dupla               ,Sim       ,Automóvel           ,Ileso               ,35.0,Masculino           
46115,2017-06-14,RN,101.0,PARNAMIRIM                                                  ,Não guardar distância de segurança                                                                  ,Colisão traseira                                                                                                                                                                                        ,Sem Vítimas,Anoitecer           ,Céu Claro           ,Dupla               ,Sim       ,Automóvel           ,Ileso               ,41.0,Masculino           
46230,2017-06-15,RN,101.0,GOIANINHA                                                   ,Animais na Pista                                                                                    ,Tombamento                                                                                                                                                                                              ,Sem Vítimas,Plena Noite         ,Céu Claro           ,Dupla               ,Sim       ,Caminhão-trator     ,Ileso               ,40.0,Masculino           
46393,2017-06-15,RN,101.0,CEARA-MIRIM                                                 ,Ingestão de Álcool                                                                                  ,Colisão transversal                                                                                                                                                                                     ,Com Vítimas Feridas,Plena Noite         ,Céu Claro           ,Simples             ,Não       ,Caminhonete         ,Lesões Graves       ,36.0,Masculino           
46393,2017-06-15,RN,101.0,CEARA-MIRIM                                                 ,Ingestão de Álcool                                                                                  ,Colisão transversal                                                                                                                                                                                     ,Com Vítimas Feridas,Plena Noite         ,Céu Claro           ,Simples             ,Não       ,Utilitário          ,Ileso               ,24.0,Masculino           
46393,2017-06-15,RN,101.0,CEARA-MIRIM                                                 ,Ingestão de Álcool                                                                                  ,Colisão transversal                                                                                                                                                                                     ,Com Vítimas Feridas,Plena Noite         ,Céu Claro           ,Simples             ,Não       ,Utilitário          ,Ileso               ,25.0,Masculino           
46393,2017-06-15,RN,101.0,CEARA-MIRIM                                                 ,Ingestão de Álcool                                                                                  ,Colisão transversal                                                                                                                                                                                     ,Com Vítimas Feridas,Plena Noite         ,Céu Claro           ,Simples             ,Não       ,Utilitário          ,Ileso               ,26.0,Masculino           
46393,2017-06-15,RN,101.0,CEARA-MIRIM                                                 ,Ingestão de Álcool                                                                                  ,Colisão transversal                                                                                                                                                                                     ,Com Vítimas Feridas,Plena Noite         ,Céu Claro           ,Simples             ,Não       ,Utilitário          ,Ileso               ,,Ignorado            
46469,2017-06-15,RN,101.0,PARNAMIRIM                                                  ,Falta de Atenção à Condução                                                                         ,Colisão lateral                                                                                                                                                                                         ,Com Vítimas Feridas,Plena Noite         ,Céu Claro           ,Dupla               ,Sim       ,Automóvel           ,Ileso               ,34.0,Masculino           
46469,2017-06-15,RN,101.0,PARNAMIRIM                                                  ,Falta de Atenção à Condução                                                                         ,Colisão lateral                                                                                                                                                                                         ,Com Vítimas Feridas,Plena Noite         ,Céu Claro           ,Dupla               ,Sim       ,Motocicleta         ,Lesões Leves        ,23.0,Feminino            
46486,2017-06-16,RN,406.0,CEARA-MIRIM                                                 ,Falta de Atenção à Condução                                                                         ,Colisão transversal                                                                                                                                                                                     ,Com Vítimas Feridas,Amanhecer           ,Céu Claro           ,Simples             ,Não       ,Caminhão-trator     ,Lesões Leves        ,39.0,Masculino           
46704,2017-06-16,RN,110.0,AUGUSTO SEVERO                                              ,Defeito na Via                                                                                      ,Colisão com objeto estático                                                                                                                                                                             ,Com Vítimas Fatais,Plena Noite         ,Céu Claro           ,Simples             ,Não       ,Motocicleta         ,Óbito               ,52.0,Masculino           
46763,2017-06-17,RN,406.0,JOAO CAMARA                                                 ,Falta de Atenção à Condução                                                                         ,Colisão transversal                                                                                                                                                                                     ,Com Vítimas Feridas,Pleno dia           ,Céu Claro           ,Simples             ,Sim       ,Bicicleta           ,Lesões Graves       ,69.0,Masculino           
46763,2017-06-17,RN,406.0,JOAO CAMARA                                                 ,Falta de Atenção à Condução                                                                         ,Colisão transversal                                                                                                                                                                                     ,Com Vítimas Feridas,Pleno dia           ,Céu Claro           ,Simples             ,Sim       ,Motocicleta         ,Lesões Graves       ,34.0,Masculino           
46820,2017-06-17,RN,405.0,RAFAEL FERNANDES                                            ,Falta de Atenção à Condução                                                                         ,Capotamento                                                                                                                                                                                             ,Com Vítimas Feridas,Pleno dia           ,Céu Claro           ,Simples             ,Não       ,Automóvel           ,Lesões Leves        ,55.0,Masculino           
46878,2017-06-17,RN,405.0,MOSSORO                                                     ,Ingestão de Álcool                                                                                  ,Queda de ocupante de veículo                                                                                                                                                                            ,Com Vítimas Feridas,Pleno dia           ,Nublado             ,Dupla               ,Sim       ,Bicicleta           ,Lesões Leves        ,45.0,Masculino           
46986,2017-06-17,RN,101.0,CANGUARETAMA                                                ,Falta de Atenção do Pedestre                                                                        ,Atropelamento de Pedestre                                                                                                                                                                               ,Com Vítimas Fatais,Plena Noite         ,Céu Claro           ,Dupla               ,Não       ,Motocicleta         ,Óbito               ,53.0,Masculino           
46986,2017-06-17,RN,101.0,CANGUARETAMA                                                ,Falta de Atenção do Pedestre                                                                        ,Atropelamento de Pedestre                                                                                                                                                                               ,Com Vítimas Fatais,Plena Noite         ,Céu Claro           ,Dupla               ,Não       ,Motocicleta         ,Lesões Graves       ,22.0,Masculino           