id,data_inversa,uf,br,municipio,causa_acidente,tipo_acidente,classificacao_acidente,fase_dia,condicao_metereologica,tipo_pista,uso_solo,tipo_veiculo,estado_fisico,idade,sexo
47058,2017-06-18,RN,101.0,SAO GONCALO DO AMARANTE                                     ,Pista Escorregadia                                                                                  ,Tombamento                                                                                                                                                                                              ,Com Vítimas Feridas,Pleno dia           ,Chuva               ,Dupla               ,Sim       ,Ciclomotor          ,Lesões Leves        ,42.0,Masculino           
47064,2017-06-18,RN,101.0,CEARA-MIRIM                                                 ,Pista Escorregadia                                                                                  ,Capotamento                                                                                                                                                                                             ,Com Vítimas Feridas,Pleno dia           ,Chuva               ,Dupla               ,Não       ,Automóvel           ,Lesões Leves        ,33.0,Masculino           
47064,2017-06-18,RN,101.0,CEARA-MIRIM                                                 ,Pista Escorregadia                                                                                  ,Capotamento                                                                                                                                                                                             ,Com Vítimas Feridas,Pleno dia           ,Chuva               ,Dupla               ,Não       ,Automóvel           ,Lesões Graves       ,16.0,Masculino           
47141,2017-06-18,RN,304.0,MOSSORO                                                     ,Ingestão de Álcool                                                                                  ,Queda de ocupante de veículo                                                                                                                                                                            ,Com Vítimas Feridas,Pleno dia           ,Nublado             ,Dupla               ,Não       ,Ciclomotor          ,Lesões Leves        ,53.0,Masculino           
47154,2017-06-18,RN,406.0,JOAO CAMARA                                                 ,Ingestão de Álcool                                                                                  ,Colisão frontal                                                                                                                                                                                         ,Com Vítimas Fatais,Pleno dia           ,Sol                 ,Simples             ,Não       ,Automóvel           ,Ileso               ,61.0,Masculino           
47154,2017-06-18,RN,406.0,JOAO CAMARA                                                 ,Ingestão de Álcool                                                                                  ,Colisão frontal                                                                                                                                                                                         ,Com Vítimas Fatais,Pleno dia           ,Sol                 ,Simples             ,Não       ,Motocicleta         ,Óbito               ,29.0,Masculino           
47188,2017-06-18,RN,101.0,SAO GONCALO DO AMARANTE                                     ,Ingestão de Álcool                                                                                  ,Colisão lateral                                                                                                                                                                                         ,Sem Vítimas,Pleno dia           ,Céu Claro           ,Dupla               ,Não       ,Automóvel           ,Ileso               ,38.0,Masculino           
47188,2017-06-18,RN,101.0,SAO GONCALO DO AMARANTE                                     ,Ingestão de Álcool                                                                                  ,Colisão lateral                                                                                                                                                                                         ,Sem Vítimas,Pleno dia           ,Céu Claro           ,Dupla               ,Não       ,Utilitário          ,Ileso               ,69.0,Feminino            
47225,2017-06-18,RN,304.0,MOSSORO                                                     ,Falta de Atenção à Condução                                                                         ,Colisão traseira                                                                                                                                                                                        ,Com Vítimas Feridas,Anoitecer           ,Nublado             ,Dupla               ,Não       ,Motocicleta         ,Lesões Leves        ,24.0,Masculino           
47225,2017-06-18,RN,304.0,MOSSORO                                                     ,Falta de Atenção à Condução                                                                         ,Colisão traseira                                                                                                                                                                                        ,Com Vítimas Feridas,Anoitecer           ,Nublado             ,Dupla               ,Não       ,Automóvel           ,Não Informado       ,,Não Informado       
47239,2017-06-18,RN,427.0,JARDIM DO SERIDO                                            ,Defeito na Via                                                                                      ,Colisão com objeto estático                                                                                                                                                                             ,Com Vítimas Feridas,Plena Noite         ,Céu Claro           ,Simples             ,Não       ,Ciclomotor          ,Lesões Leves        ,48.0,Masculino           
47273,2017-06-16,RN,405.0,MOSSORO                                                     ,Desobediência às normas de trânsito pelo condutor                                                   ,Colisão traseira                                                                                                                                                                                        ,Com Vítimas Fatais,Plena Noite         ,Céu Claro           ,Simples             ,Não       ,Ciclomotor          ,Óbito               ,38.0,Masculino           
47273,2017-06-16,RN,405.0,MOSSORO                                                     ,Desobediência às normas de trânsito pelo condutor                                                   ,Colisão traseira                                                                                                                                                                                        ,Com Vítimas Fatais,Plena Noite         ,Céu Claro           ,Simples             ,Não       ,Ciclomotor          ,Óbito               ,40.0,Masculino           
47273,2017-06-16,RN,405.0,MOSSORO                                                     ,Desobediência às normas de trânsito pelo condutor                                                   ,Colisão traseira                                                                                                                                                                                        ,Com Vítimas Fatais,Plena Noite         ,Céu Claro           ,Simples             ,Não       ,Automóvel           ,Ileso               ,30.0,Masculino           
47301,2017-06-18,RN,101.0,CEARA-MIRIM                                                 ,Animais na Pista                                                                                    ,Capotamento                                                                                                                                                                                             ,Com Vítimas Feridas,Plena Noite         ,Céu Claro           ,Simples             ,Não       ,Automóvel           ,Lesões Leves        ,24.0,Feminino            
47301,2017-06-18,RN,101.0,CEARA-MIRIM                                                 ,Animais na Pista                                                                                    ,Capotamento                                                                                                                                                                                             ,Com Vítimas Feridas,Plena Noite         ,Céu Claro           ,Simples             ,Não       ,Automóvel           ,Lesões Leves        ,75.0,Feminino            
47452,2017-06-19,RN,226.0,CURRAIS NOVOS                                               ,Desobediência às normas de trânsito pelo condutor                                                   ,Colisão frontal                                                                                                                                                                                         ,Com Vítimas Fatais,Pleno dia           ,Céu Claro           ,Simples             ,Não       ,Automóvel           ,Não Informado       ,,Não Informado       
47452,2017-06-19,RN,226.0,CURRAIS NOVOS                                               ,Desobediência às normas de trânsito pelo condutor                                                   ,Colisão frontal                                                                                                                                                                                         ,Com Vítimas Fatais,Pleno dia           ,Céu Claro           ,Simples             ,Não       ,Automóvel           ,Lesões Graves       ,21.0,Feminino            
47452,2017-06-19,RN,226.0,CURRAIS NOVOS                                               ,Desobediência às normas de trânsito pelo condutor                                                   ,Colisão frontal                                                                                                                                                                                         ,Com Vítimas Fatais,Pleno dia           ,Céu Claro           ,Simples             ,Não       ,Automóvel           ,Óbito               ,53.0,Masculino           
47452,2017-06-19,RN,226.0,CURRAIS NOVOS                                               ,Desobediência às normas de trânsito pelo condutor                                                   ,Colisão frontal                                                                                                                                                                                         ,Com Vítimas Fatais,Pleno dia           ,Céu Claro           ,Simples             ,Não       ,Automóvel           ,Lesões Graves       ,48.0,Feminino            
47452,2017-06-19,RN,226.0,CURRAIS NOVOS                                               ,Desobediência às normas de trânsito pelo condutor                                                   ,Colisão frontal                                                                                                                                                                                         ,Com Vítimas Fatais,Pleno dia           ,Céu Claro           ,Simples             ,Não       ,Automóvel           ,Lesões Graves       ,23.0,Masculino           
47476,2017-06-19,RN,101.0,NATAL                                                       ,Não guardar distância de segurança                                                                  ,Colisão traseira                                                                                                                                                                                        ,Com Vítimas Feridas,Pleno dia           ,Céu Claro           ,Dupla               ,Sim       ,Motocicleta         ,Lesões Leves        ,26.0,Masculino           
47476,2017-06-19,RN,101.0,NATAL                                                       ,Não guardar distância de segurança                                                                  ,Colisão traseira                                                                                                                                                                                        ,Com Vítimas Feridas,Pleno dia           ,Céu Claro           ,Dupla               ,Sim       ,Ônibus              ,Ileso               ,51.0,Masculino           
47633,2017-06-20,RN,427.0,JARDIM DO SERIDO                                            ,Animais na Pista                                                                                    ,Atropelamento de Animal                                                                                                                                                                                 ,Com Vítimas Feridas,Pleno dia           ,Céu Claro           ,Simples             ,Não       ,Motocicleta         ,Lesões Graves       ,46.0,Masculino           
47745,2017-06-20,RN,304.0,IELMO MARINHO                                               ,Falta de Atenção à Condução                                                                         ,Capotamento                                                                                                                                                                                             ,Com Vítimas Feridas,Pleno dia           ,Céu Claro           ,Simples             ,Não       ,Automóvel           ,Lesões Leves        ,23.0,Feminino            
47876,2017-06-20,RN,101.0,NATAL                                                       ,Falta de Atenção à Condução                                                                         ,Capotamento                                                                                                                                                                                             ,Com Vítimas Fatais,Plena Noite         ,Chuva               ,Múltipla            ,Sim       ,Automóvel           ,Lesões Graves       ,48.0,Masculino           
47876,2017-06-20,RN,101.0,NATAL                                                       ,Falta de Atenção à Condução                                                                         ,Capotamento                                                                                                                                                                                             ,Com Vítimas Fatais,Plena Noite         ,Chuva               ,Múltipla            ,Sim       ,Automóvel           ,Óbito               ,34.0,Masculino           
47917,2017-06-21,RN,304.0,ACU                                                         ,Mal Súbito                                                                                          ,Tombamento                                                                                                                                                                                              ,Com Vítimas Feridas,Anoitecer           ,Nublado             ,Simples             ,Não       ,Caminhão-trator     ,Lesões Graves       ,57.0,Masculino           
47934,2017-06-21,RN,226.0,NATAL                                                       ,Falta de Atenção à Condução                                                                         ,Colisão traseira                                                                                                                                                                                        ,Com Vítimas Feridas,Pleno dia           ,Garoa/Chuvisco      ,Dupla               ,Sim       ,Motocicleta         ,Lesões Leves        ,39.0,Masculino           
47934,2017-06-21,RN,226.0,NATAL                                                       ,Falta de Atenção à Condução                                                                         ,Colisão traseira                                                                                                                                                                                        ,Com Vítimas Feridas,Pleno dia           ,Garoa/Chuvisco      ,Dupla               ,Sim       ,Motoneta            ,Lesões Graves       ,64.0,Feminino            
47934,2017-06-21,RN,226.0,NATAL                                                       ,Falta de Atenção à Condução                                                                         ,Colisão traseira                                                                                                                                                                                        ,Com Vítimas Feridas,Pleno dia           ,Garoa/Chuvisco      ,Dupla               ,Sim       ,Motoneta            ,Lesões Leves        ,40.0,Feminino            
47989,2017-06-21,RN,304.0,MOSSORO                                                     ,Animais na Pista                                                                                    ,Atropelamento de Animal                                                                                                                                                                                 ,Com Vítimas Feridas,Plena Noite         ,Vento               ,Simples             ,Sim       ,Motocicleta         ,Lesões Graves       ,36.0,Masculino           
48106,2017-06-22,RN,101.0,PARNAMIRIM                                                  ,Falta de Atenção à Condução                                                                         ,Colisão traseira                                                                                                                                                                                        ,Com Vítimas Feridas,Pleno dia           ,Céu Claro           ,Dupla               ,Sim       ,Caminhonete         ,Lesões Leves        ,49.0,Masculino           
48106,2017-06-22,RN,101.0,PARNAMIRIM                                                  ,Falta de Atenção à Condução                                                                         ,Colisão traseira                                                                                                                                                                                        ,Com Vítimas Feridas,Pleno dia           ,Céu Claro           ,Dupla               ,Sim       ,Caminhonete         ,Ileso               ,32.0,Masculino           
48106,2017-06-22,RN,101.0,PARNAMIRIM                                                  ,Falta de Atenção à Condução                                                                         ,Colisão traseira                                                                                                                                                                                        ,Com Vítimas Feridas,Pleno dia           ,Céu Claro           ,Dupla               ,Sim       ,Caminhão            ,Ileso               ,36.0,Masculino           
48145,2017-06-22,RN,226.0,NATAL                                                       ,Falta de Atenção do Pedestre                                                                        ,Atropelamento de Pedestre                                                                                                                                                                               ,Com Vítimas Feridas,Pleno dia           ,Céu Claro           ,Simples             ,Sim       ,Motocicleta         ,Lesões Graves       ,10.0,Masculino           
48145,2017-06-22,RN,226.0,NATAL                                                       ,Falta de Atenção do Pedestre                                                                        ,Atropelamento de Pedestre                                                                                                                                                                               ,Com Vítimas Feridas,Pleno dia           ,Céu Claro           ,Simples             ,Sim       ,Motocicleta         ,Ileso               ,33.0,Masculino           
48197,2017-06-22,RN,101.0,ARES                                                        ,Falta de Atenção à Condução                                                                         ,Colisão com objeto estático                                                                                                                                                                             ,Sem Vítimas,Plena Noite         ,Céu Claro           ,Dupla               ,Não       ,Automóvel           ,Ileso               ,36.0,Masculino           
48198,2017-06-22,RN,304.0,ACU                                                         ,Não guardar distância de segurança                                                                  ,Colisão traseira                                                                                                                                                                                        ,Com Vítimas Feridas,Plena Noite         ,Céu Claro           ,Simples             ,Não       ,Micro-ônibus        ,Ileso               ,55.0,Masculino           
48198,2017-06-22,RN,304.0,ACU                                                         ,Não guardar distância de segurança                                                                  ,Colisão traseira                                                                                                                                                                                        ,Com Vítimas Feridas,Plena Noite         ,Céu Claro           ,Simples             ,Não       ,Automóvel           ,Lesões Leves        ,63.0,Masculino           
48203,2017-06-22,RN,101.0,SAO JOSE DE MIPIBU                                          ,Ingestão de Álcool                                                                                  ,Colisão frontal                                                                                                                                                                                         ,Sem Vítimas,Plena Noite         ,Céu Claro           ,Dupla               ,Não       ,Automóvel           ,Ileso               ,39.0,Masculino           
48203,2017-06-22,RN,101.0,SAO JOSE DE MIPIBU                                          ,Ingestão de Álcool                                                                                  ,Colisão frontal                                                                                                                                                                                         ,Sem Vítimas,Plena Noite         ,Céu Claro           ,Dupla               ,Não       ,Caminhão            ,Ileso               ,50.0,Masculino           
48301,2017-06-22,RN,427.0,CAICO                                                       ,Falta de Atenção à Condução                                                                         ,Colisão traseira                                                                                                                                                                                        ,Sem Vítimas,Pleno dia           ,Céu Claro           ,Simples             ,Sim       ,Automóvel           ,Ileso               ,34.0,Masculino           
48301,2017-06-22,RN,427.0,CAICO                                                       ,Falta de Atenção à Condução                                                                         ,Colisão traseira                                                                                                                                                                                        ,Sem Vítimas,Pleno dia           ,Céu Claro           ,Simples             ,Sim       ,Automóvel           ,Ileso               ,78.0,Masculino           
48556,2017-06-23,RN,110.0,MOSSORO                                                     ,Animais na Pista                                                                                    ,Atropelamento de Animal                                                                                                                                                                                 ,Com Vítimas Feridas,Plena Noite         ,Nublado             ,Simples             ,Sim       ,Motocicleta         ,Lesões Leves        ,23.0,Masculino           
48566,2017-06-23,RN,427.0,CAICO                                                       ,Falta de Atenção à Condução                                                                         ,Queda de ocupante de veículo                                                                                                                                                                            ,Com Vítimas Feridas,Plena Noite         ,Céu Claro           ,Simples             ,Não       ,Motoneta            ,Lesões Leves        ,31.0,Masculino           
48587,2017-06-23,RN,226.0,MACAIBA                                                     ,Ingestão de Álcool                                                                                  ,Capotamento                                                                                                                                                                                             ,Com Vítimas Feridas,Pleno dia           ,Céu Claro           ,Simples             ,Sim       ,Automóvel           ,Lesões Leves        ,63.0,Masculino           
48609,2017-06-23,RN,101.0,EXTREMOZ                                                    ,Não guardar distância de segurança                                                                  ,Colisão traseira                                                                                                                                                                                        ,Com Vítimas Feridas,Pleno dia           ,Céu Claro           ,Simples             ,Não       ,Automóvel           ,Lesões Leves        ,38.0,Masculino           
48609,2017-06-23,RN,101.0,EXTREMOZ                                                    ,Não guardar distância de segurança                                                                  ,Colisão traseira                                                                                                                                                                                        ,Com Vítimas Feridas,Pleno dia           ,Céu Claro           ,Simples             ,Não       ,Caminhonete         ,Não Informado       ,,Não Informado       
48638,2017-06-24,RN,304.0,ACU                                                         ,Ingestão de Álcool                                                                                  ,Colisão traseira                                                                                                                                                                                        ,Sem Vítimas,Amanhecer           ,Ignorado            ,Simples             ,Não       ,Automóvel           ,Ileso               ,30.0,Masculino           
48638,2017-06-24,RN,304.0,ACU                                                         ,Ingestão de Álcool                                                                                  ,Colisão traseira                                                                                                                                                                                        ,Sem Vítimas,Amanhecer           ,Ignorado            ,Simples             ,Não       ,Caminhão            ,Ileso               ,32.0,Masculino           
48873,2017-06-24,RN,101.0,NATAL                                                       ,Ingestão de Álcool                                                                                  ,Colisão traseira                                                                                                                                                                                        ,Sem Vítimas,Plena Noite         ,Céu Claro           ,Simples             ,Sim       ,Ônibus              ,Ileso               ,29.0,Masculino           
48873,2017-06-24,RN,101.0,NATAL                                                       ,Ingestão de Álcool                                                                                  ,Colisão traseira                                                                                                                                                                                        ,Sem Vítimas,Plena Noite         ,Céu Claro           ,Simples             ,Sim       ,Automóvel           ,Ileso               ,53.0,Masculino           
48901,2017-06-24,RN,406.0,CEARA-MIRIM                                                 ,Ingestão de Álcool                                                                                  ,Colisão transversal                                                                                                                                                                                     ,Com Vítimas Feridas,Plena Noite         ,Céu Claro           ,Simples             ,Sim       ,Motocicleta         ,Não Informado       ,,Não Informado       
48901,2017-06-24,RN,406.0,CEARA-MIRIM                                                 ,Ingestão de Álcool                                                                                  ,Colisão transversal                                                                                                                                                                                     ,Com Vítimas Feridas,Plena Noite         ,Céu Claro           ,Simples             ,Sim       ,Motocicleta         ,Lesões Leves        ,22.0,Masculino           
48901,2017-06-24,RN,406.0,CEARA-MIRIM                                                 ,Ingestão de Álcool                                                                                  ,Colisão transversal                                                                                                                                                                                     ,Com Vítimas Feridas,Plena Noite         ,Céu Claro           ,Simples             ,Sim       ,Bicicleta           ,Lesões Graves       ,,Masculino           
49013,2017-06-25,RN,226.0,SANTA CRUZ                                                  ,Condutor Dormindo                                                                                   ,Capotamento                                                                                                                                                                                             ,Sem Vítimas,Pleno dia           ,Céu Claro           ,Simples             ,Sim       ,Automóvel           ,Ileso               ,67.0,Masculino           
49122,2017-06-25,RN,304.0,ITAJA                                                       ,Falta de Atenção à Condução                                                                         ,Capotamento                                                                                                                                                                                             ,Com Vítimas Feridas,Pleno dia           ,Ignorado            ,Simples             ,Não       ,Caminhão            ,Lesões Graves       ,52.0,Masculino           
49186,2017-06-25,RN,405.0,PAU DOS FERROS                                              ,Falta de Atenção à Condução                                                                         ,Colisão traseira                                                                                                                                                                                        ,Com Vítimas Feridas,Plena Noite         ,Céu Claro           ,Simples             ,Não       ,Motocicleta         ,Lesões Graves       ,44.0,Masculino           
49186,2017-06-25,RN,405.0,PAU DOS FERROS                                              ,Falta de Atenção à Condução                                                                         ,Colisão traseira                                                                                                                                                                                        ,Com Vítimas Feridas,Plena Noite         ,Céu Claro           ,Simples             ,Não       ,Motocicleta         ,Lesões Graves       ,17.0,Masculino           
49186,2017-06-25,RN,405.0,PAU DOS FERROS                                              ,Falta de Atenção à Condução                                                                         ,Colisão traseira                                                                                                                                                                                        ,Com Vítimas Feridas,Plena Noite         ,Céu Claro           ,Simples             ,Não       ,Automóvel           ,Não Informado       ,,Não Informado       
49255,2017-06-26,RN,304.0,MOSSORO                                                     ,Animais na Pista                                                                                    ,Atropelamento de Animal                                                                                                                                                                                 ,Com Vítimas Feridas,Amanhecer           ,Céu Claro           ,Simples             ,Não       ,Motocicleta         ,Lesões Graves       ,46.0,Masculino           
49256,2017-06-26,RN,101.0,EXTREMOZ                                                    ,Animais na Pista                                                                                    ,Atropelamento de Animal                                                                                                                                                                                 ,Sem Vítimas,Amanhecer           ,Nublado             ,Simples             ,Não       ,Automóvel           ,Ileso               ,63.0,Masculino           
49285,2017-06-26,RN,226.0,MACAIBA                                                     ,Desobediência às normas de trânsito pelo condutor                                                   ,Colisão transversal                                                                                                                                                                                     ,Com Vítimas Feridas,Pleno dia           ,Céu Claro           ,Simples             ,Sim       ,Motocicleta         ,Lesões Leves        ,22.0,Masculino           
49285,2017-06-26,RN,226.0,MACAIBA                                                     ,Desobediência às normas de trânsito pelo condutor                                                   ,Colisão transversal                                                                                                                                                                                     ,Com Vítimas Feridas,Pleno dia           ,Céu Claro           ,Simples             ,Sim       ,Caminhonete         ,Ileso               ,36.0,Masculino           
49338,2017-06-03,RN,304.0,RIACHUELO                                                   ,Falta de Atenção à Condução                                                                         ,Colisão traseira                                                                                                                                                                                        ,Com Vítimas Fatais,Amanhecer           ,Céu Claro           ,Simples             ,Não       ,Motocicleta         ,Óbito               ,59.0,Masculino           
49338,2017-06-03,RN,304.0,RIACHUELO                                                   ,Falta de Atenção à Condução                                                                         ,Colisão traseira                                                                                                                                                                                        ,Com Vítimas Fatais,Amanhecer           ,Céu Claro           ,Simples             ,Não       ,Motocicleta         ,Lesões Leves        ,46.0,Masculino           
49348,2017-06-26,RN,427.0,CAICO                                                       ,Não guardar distância de segurança                                                                  ,Colisão traseira                                                                                                                                                                                        ,Sem Vítimas,Pleno dia           ,Sol                 ,Simples             ,Sim       ,Automóvel           ,Ileso               ,38.0,Masculino           
49348,2017-06-26,RN,427.0,CAICO                                                       ,Não guardar distância de segurança                                                                  ,Colisão traseira                                                                                                                                                                                        ,Sem Vítimas,Pleno dia           ,Sol                 ,Simples             ,Sim       ,Ônibus              ,Ileso               ,24.0,Masculino           
49362,2017-06-26,RN,304.0,MOSSORO                                                     ,Avarias e/ou desgaste excessivo no pneu                                                             ,Capotamento                                                                                                                                                                                             ,Com Vítimas Feridas,Pleno dia           ,Céu Claro           ,Dupla               ,Sim       ,Caminhonete         ,Lesões Leves        ,31.0,Masculino           
49546,2017-05-29,RN,101.0,NATAL                                                       ,Desobediência às normas de trânsito pelo condutor                                                   ,Colisão lateral                                                                                                                                                                                         ,Com Vítimas Feridas,Pleno dia           ,Garoa/Chuvisco      ,Dupla               ,Não       ,Automóvel           ,Ileso               ,77.0,Masculino           
49546,2017-05-29,RN,101.0,NATAL                                                       ,Desobediência às normas de trânsito pelo condutor                                                   ,Colisão lateral                                                                                                                                                                                         ,Com Vítimas Feridas,Pleno dia           ,Garoa/Chuvisco      ,Dupla               ,Não       ,Motocicleta         ,Lesões Leves        ,40.0,Masculino           
49555,2017-06-27,RN,101.0,NATAL                                                       ,Falta de Atenção à Condução                                                                         ,Colisão lateral                                                                                                                                                                                         ,Com Vítimas Feridas,Pleno dia           ,Céu Claro           ,Dupla               ,Não       ,Automóvel           ,Ileso               ,50.0,Masculino           
49555,2017-06-27,RN,101.0,NATAL                                                       ,Falta de Atenção à Condução                                                                         ,Colisão lateral                                                                                                                                                                                         ,Com Vítimas Feridas,Pleno dia           ,Céu Claro           ,Dupla               ,Não       ,Motocicleta         ,Lesões Graves       ,28.0,Masculino           
49555,2017-06-27,RN,101.0,NATAL                                                       ,Falta de Atenção à Condução                                                                         ,Colisão lateral                                                                                                                                                                                         ,Com Vítimas Feridas,Pleno dia           ,Céu Claro           ,Dupla               ,Não       ,Motocicleta         ,Lesões Graves       ,,Feminino            
49816,2017-06-20,RN,406.0,CEARA-MIRIM                                                 ,Falta de Atenção à Condução                                                                         ,Colisão lateral                                                                                                                                                                                         ,Sem Vítimas,Plena Noite         ,Céu Claro           ,Simples             ,Não       ,Caminhonete         ,Ileso               ,59.0,Masculino           
49816,2017-06-20,RN,406.0,CEARA-MIRIM                                                 ,Falta de Atenção à Condução                                                                         ,Colisão lateral                                                                                                                                                                                         ,Sem Vítimas,Plena Noite         ,Céu Claro           ,Simples             ,Não       ,Caminhão-trator     ,Ileso               ,39.0,Masculino           
49840,2017-06-28,RN,405.0,MOSSORO                                                     ,Falta de Atenção à Condução                                                                         ,Colisão transversal                                                                                                                                                                                     ,Com Vítimas Feridas,Pleno dia           ,Céu Claro           ,Dupla               ,Sim       ,Automóvel           ,Ileso               ,26.0,Masculino           
49840,2017-06-28,RN,405.0,MOSSORO                                                     ,Falta de Atenção à Condução                                                                         ,Colisão transversal                                                                                                                                                                                     ,Com Vítimas Feridas,Pleno dia           ,Céu Claro           ,Dupla               ,Sim       ,Automóvel           ,Lesões Leves        ,55.0,Masculino           
49968,2017-06-28,RN,406.0,JOAO CAMARA                                                 ,Animais na Pista                                                                                    ,Atropelamento de Animal                                                                                                                                                                                 ,Com Vítimas Fatais,Plena Noite         ,Céu Claro           ,Simples             ,Não       ,Motocicleta         ,Óbito               ,35.0,Masculino           
50008,2017-06-29,RN,304.0,MOSSORO                                                     ,Falta de Atenção à Condução                                                                         ,Colisão transversal                                                                                                                                                                                     ,Com Vítimas Feridas,Pleno dia           ,Céu Claro           ,Simples             ,Não       ,Ciclomotor          ,Lesões Leves        ,30.0,Masculino           
50008,2017-06-29,RN,304.0,MOSSORO                                                     ,Falta de Atenção à Condução                                                                         ,Colisão transversal                                                                                                                                                                                     ,Com Vítimas Feridas,Pleno dia           ,Céu Claro           ,Simples             ,Não       ,Automóvel           ,Lesões Leves        ,39.0,Masculino           
50037,2017-06-29,RN,101.0,NATAL                                                       ,Ingestão de Álcool                                                                                  ,Colisão traseira                                                                                                                                                                                        ,Com Vítimas Feridas,Pleno dia           ,Garoa/Chuvisco      ,Dupla               ,Não       ,Motocicleta         ,Lesões Leves        ,17.0,Masculino           
50037,2017-06-29,RN,101.0,NATAL                                                       ,Ingestão de Álcool                                                                                  ,Colisão traseira                                                                                                                                                                                        ,Com Vítimas Feridas,Pleno dia           ,Garoa/Chuvisco      ,Dupla               ,Não       ,Ônibus              ,Ileso               ,39.0,Masculino           
50070,2017-05-02,RN,101.0,NATAL                                                       ,Não guardar distância de segurança                                                                  ,Colisão traseira                                                                                                                                                                                        ,Com Vítimas Feridas,Pleno dia           ,Céu Claro           ,Dupla               ,Sim       ,Automóvel           ,Lesões Leves        ,31.0,Feminino            
50070,2017-05-02,RN,101.0,NATAL                                                       ,Não guardar distância de segurança                                                                  ,Colisão traseira                                                                                                                                                                                        ,Com Vítimas Feridas,Pleno dia           ,Céu Claro           ,Dupla               ,Sim       ,Caminhonete         ,Lesões Leves        ,33.0,Masculino           
50072,2017-06-29,RN,304.0,MACAIBA                                                     ,Não guardar distância de segurança                                                                  ,Engavetamento                                                                                                                                                                                           ,Sem Vítimas,Pleno dia           ,Nublado             ,Simples             ,Não       ,Caminhão            ,Ileso               ,39.0,Masculino           
50072,2017-06-29,RN,304.0,MACAIBA                                                     ,Não guardar distância de segurança                                                                  ,Engavetamento                                                                                                                                                                                           ,Sem Vítimas,Pleno dia           ,Nublado             ,Simples             ,Não       ,Automóvel           ,Ileso               ,53.0,Masculino           
50072,2017-06-29,RN,304.0,MACAIBA                                                     ,Não guardar distância de segurança                                                                  ,Engavetamento                                                                                                                                                                                           ,Sem Vítimas,Pleno dia           ,Nublado             ,Simples             ,Não       ,Caminhão            ,Ileso               ,49.0,Masculino           
50114,2017-06-29,RN,304.0,MOSSORO                                                     ,Avarias e/ou desgaste excessivo no pneu                                                             ,Tombamento                                                                                                                                                                                              ,Com Vítimas Feridas,Pleno dia           ,Chuva               ,Simples             ,Não       ,Motoneta            ,Lesões Leves        ,25.0,Masculino           
50114,2017-06-29,RN,304.0,MOSSORO                                                     ,Avarias e/ou desgaste excessivo no pneu                                                             ,Tombamento                                                                                                                                                                                              ,Com Vítimas Feridas,Pleno dia           ,Chuva               ,Simples             ,Não       ,Motoneta            ,Lesões Leves        ,21.0,Feminino            
50117,2017-04-30,RN,304.0,MACAIBA                                                     ,Desobediência às normas de trânsito pelo condutor                                                   ,Colisão frontal                                                                                                                                                                                         ,Com Vítimas Fatais,Plena Noite         ,Nublado             ,Simples             ,Sim       ,Automóvel           ,Ileso               ,56.0,Masculino           
50117,2017-04-30,RN,304.0,MACAIBA                                                     ,Desobediência às normas de trânsito pelo condutor                                                   ,Colisão frontal                                                                                                                                                                                         ,Com Vítimas Fatais,Plena Noite         ,Nublado             ,Simples             ,Sim       ,Motocicleta         ,Óbito               ,27.0,Masculino           
50159,2017-06-29,RN,405.0,MOSSORO                                                     ,Falta de Atenção à Condução                                                                         ,Colisão lateral                                                                                                                                                                                         ,Com Vítimas Feridas,Plena Noite         ,Céu Claro           ,Dupla               ,Sim       ,Automóvel           ,Ileso               ,,Ignorado            
50159,2017-06-29,RN,405.0,MOSSORO                                                     ,Falta de Atenção à Condução                                                                         ,Colisão lateral                                                                                                                                                                                         ,Com Vítimas Feridas,Plena Noite         ,Céu Claro           ,Dupla               ,Sim       ,Motocicleta         ,Lesões Graves       ,19.0,Masculino           
50204,2017-06-29,RN,101.0,NATAL                                                       ,Falta de Atenção à Condução                                                                         ,Colisão lateral                                                                                                                                                                                         ,Com Vítimas Feridas,Plena Noite         ,Chuva               ,Múltipla            ,Sim       ,Motocicleta         ,Lesões Graves       ,48.0,Feminino            
50204,2017-06-29,RN,101.0,NATAL                                                       ,Falta de Atenção à Condução                                                                         ,Colisão lateral                                                                                                                                                                                         ,Com Vítimas Feridas,Plena Noite         ,Chuva               ,Múltipla            ,Sim       ,Motocicleta         ,Lesões Leves        ,46.0,Masculino           
50204,2017-06-29,RN,101.0,NATAL                                                       ,Falta de Atenção à Condução                                                                         ,Colisão lateral                                                                                                                                                                                         ,Com Vítimas Feridas,Plena Noite         ,Chuva               ,Múltipla            ,Sim       ,Automóvel           ,Ileso               ,57.0,Masculino           