id,data_inversa,uf,br,municipio,causa_acidente,tipo_acidente,classificacao_acidente,fase_dia,condicao_metereologica,tipo_pista,uso_solo,tipo_veiculo,estado_fisico,idade,sexo
50273,2017-06-30,RN,101.0,NATAL                                                       ,Pista Escorregadia                                                                                  ,Colisão transversal                                                                                                                                                                                     ,Sem Vítimas,Pleno dia           ,Chuva               ,Múltipla            ,Sim       ,Caminhão-trator     ,Ileso               ,33.0,Masculino           
50273,2017-06-30,RN,101.0,NATAL                                                       ,Pista Escorregadia                                                                                  ,Colisão transversal                                                                                                                                                                                     ,Sem Vítimas,Pleno dia           ,Chuva               ,Múltipla            ,Sim       ,Automóvel           ,Ileso               ,30.0,Feminino            
50472,2017-06-30,RN,101.0,SAO JOSE DE MIPIBU                                          ,Sinalização da via insuficiente ou inadequada                                                       ,Atropelamento de Pedestre                                                                                                                                                                               ,Com Vítimas Feridas,Anoitecer           ,Nublado             ,Dupla               ,Não       ,Automóvel           ,Ileso               ,33.0,Feminino            
50472,2017-06-30,RN,101.0,SAO JOSE DE MIPIBU                                          ,Sinalização da via insuficiente ou inadequada                                                       ,Atropelamento de Pedestre                                                                                                                                                                               ,Com Vítimas Feridas,Anoitecer           ,Nublado             ,Dupla               ,Não       ,Automóvel           ,Não Informado       ,,Não Informado       
50472,2017-06-30,RN,101.0,SAO JOSE DE MIPIBU                                          ,Sinalização da via insuficiente ou inadequada                                                       ,Atropelamento de Pedestre                                                                                                                                                                               ,Com Vítimas Feridas,Anoitecer           ,Nublado             ,Dupla               ,Não       ,Automóvel           ,Lesões Leves        ,19.0,Masculino           
50578,2017-07-01,RN,304.0,MOSSORO                                                     ,Sinalização da via insuficiente ou inadequada                                                       ,Colisão lateral                                                                                                                                                                                         ,Com Vítimas Feridas,Plena Noite         ,Céu Claro           ,Simples             ,Não       ,Automóvel           ,Ileso               ,32.0,Masculino           
50578,2017-07-01,RN,304.0,MOSSORO                                                     ,Sinalização da via insuficiente ou inadequada                                                       ,Colisão lateral                                                                                                                                                                                         ,Com Vítimas Feridas,Plena Noite         ,Céu Claro           ,Simples             ,Não       ,Automóvel           ,Lesões Leves        ,46.0,Masculino           
50578,2017-07-01,RN,304.0,MOSSORO                                                     ,Sinalização da via insuficiente ou inadequada                                                       ,Colisão lateral                                                                                                                                                                                         ,Com Vítimas Feridas,Plena Noite         ,Céu Claro           ,Simples             ,Não       ,Motocicleta         ,Lesões Graves       ,39.0,Masculino           
50578,2017-07-01,RN,304.0,MOSSORO                                                     ,Sinalização da via insuficiente ou inadequada                                                       ,Colisão lateral                                                                                                                                                                                         ,Com Vítimas Feridas,Plena Noite         ,Céu Claro           ,Simples             ,Não       ,Motocicleta         ,Lesões Graves       ,15.0,Feminino            
50650,2017-07-01,RN,406.0,CEARA-MIRIM                                                 ,Pista Escorregadia                                                                                  ,Capotamento                                                                                                                                                                                             ,Com Vítimas Feridas,Pleno dia           ,Chuva               ,Simples             ,Não       ,Automóvel           ,Lesões Leves        ,55.0,Masculino           
50703,2017-07-01,RN,110.0,MOSSORO                                                     ,Falta de Atenção à Condução                                                                         ,Colisão transversal                                                                                                                                                                                     ,Com Vítimas Feridas,Pleno dia           ,Nublado             ,Dupla               ,Sim       ,Motocicleta         ,Lesões Graves       ,50.0,Masculino           
50703,2017-07-01,RN,110.0,MOSSORO                                                     ,Falta de Atenção à Condução                                                                         ,Colisão transversal                                                                                                                                                                                     ,Com Vítimas Feridas,Pleno dia           ,Nublado             ,Dupla               ,Sim       ,Ciclomotor          ,Ileso               ,20.0,Feminino            
50703,2017-07-01,RN,110.0,MOSSORO                                                     ,Falta de Atenção à Condução                                                                         ,Colisão transversal                                                                                                                                                                                     ,Com Vítimas Feridas,Pleno dia           ,Nublado             ,Dupla               ,Sim       ,Ciclomotor          ,Lesões Leves        ,19.0,Masculino           
50780,2017-07-01,RN,406.0,JOAO CAMARA                                                 ,Animais na Pista                                                                                    ,Atropelamento de Animal                                                                                                                                                                                 ,Com Vítimas Fatais,Plena Noite         ,Céu Claro           ,Simples             ,Não       ,Automóvel           ,Lesões Leves        ,29.0,Masculino           
50780,2017-07-01,RN,406.0,JOAO CAMARA                                                 ,Animais na Pista                                                                                    ,Atropelamento de Animal                                                                                                                                                                                 ,Com Vítimas Fatais,Plena Noite         ,Céu Claro           ,Simples             ,Não       ,Automóvel           ,Óbito               ,33.0,Masculino           
50839,2017-07-01,RN,405.0,FELIPE GUERRA                                               ,Falta de Atenção à Condução                                                                         ,Colisão traseira                                                                                                                                                                                        ,Sem Vítimas,Plena Noite         ,Céu Claro           ,Simples             ,Não       ,Caminhonete         ,Ileso               ,25.0,Masculino           
50839,2017-07-01,RN,405.0,FELIPE GUERRA                                               ,Falta de Atenção à Condução                                                                         ,Colisão traseira                                                                                                                                                                                        ,Sem Vítimas,Plena Noite         ,Céu Claro           ,Simples             ,Não       ,Automóvel           ,Ileso               ,30.0,Masculino           
50868,2017-07-02,RN,101.0,NATAL                                                       ,Ingestão de Álcool                                                                                  ,Colisão com objeto estático                                                                                                                                                                             ,Sem Vítimas,Plena Noite         ,Céu Claro           ,Dupla               ,Sim       ,Automóvel           ,Não Informado       ,,Não Informado       
50937,2017-07-02,RN,304.0,LAJES                                                       ,Não guardar distância de segurança                                                                  ,Colisão traseira                                                                                                                                                                                        ,Com Vítimas Feridas,Pleno dia           ,Céu Claro           ,Simples             ,Sim       ,Caminhonete         ,Ileso               ,23.0,Masculino           
50937,2017-07-02,RN,304.0,LAJES                                                       ,Não guardar distância de segurança                                                                  ,Colisão traseira                                                                                                                                                                                        ,Com Vítimas Feridas,Pleno dia           ,Céu Claro           ,Simples             ,Sim       ,Motocicleta         ,Lesões Graves       ,65.0,Masculino           
51016,2017-07-02,RN,101.0,SAO JOSE DE MIPIBU                                          ,Falta de Atenção à Condução                                                                         ,Colisão lateral                                                                                                                                                                                         ,Sem Vítimas,Pleno dia           ,Céu Claro           ,Dupla               ,Não       ,Automóvel           ,Ileso               ,48.0,Masculino           
51016,2017-07-02,RN,101.0,SAO JOSE DE MIPIBU                                          ,Falta de Atenção à Condução                                                                         ,Colisão lateral                                                                                                                                                                                         ,Sem Vítimas,Pleno dia           ,Céu Claro           ,Dupla               ,Não       ,Automóvel           ,Ileso               ,20.0,Masculino           
51030,2017-07-02,RN,304.0,ITAJA                                                       ,Condutor Dormindo                                                                                   ,Colisão com objeto estático                                                                                                                                                                             ,Sem Vítimas,Pleno dia           ,Céu Claro           ,Simples             ,Não       ,Automóvel           ,Ileso               ,41.0,Masculino           
51082,2017-07-02,RN,101.0,BAIA FORMOSA                                                ,Falta de Atenção à Condução                                                                         ,Capotamento                                                                                                                                                                                             ,Sem Vítimas,Plena Noite         ,Céu Claro           ,Dupla               ,Não       ,Automóvel           ,Ileso               ,29.0,Masculino           
51193,2017-07-03,RN,226.0,TANGARA                                                     ,Animais na Pista                                                                                    ,Colisão frontal                                                                                                                                                                                         ,Com Vítimas Feridas,Amanhecer           ,Céu Claro           ,Simples             ,Não       ,Automóvel           ,Lesões Leves        ,25.0,Masculino           
51193,2017-07-03,RN,226.0,TANGARA                                                     ,Animais na Pista                                                                                    ,Colisão frontal                                                                                                                                                                                         ,Com Vítimas Feridas,Amanhecer           ,Céu Claro           ,Simples             ,Não       ,Automóvel           ,Lesões Leves        ,8.0,Feminino            
51193,2017-07-03,RN,226.0,TANGARA                                                     ,Animais na Pista                                                                                    ,Colisão frontal                                                                                                                                                                                         ,Com Vítimas Feridas,Amanhecer           ,Céu Claro           ,Simples             ,Não       ,Automóvel           ,Lesões Graves       ,54.0,Feminino            
51193,2017-07-03,RN,226.0,TANGARA                                                     ,Animais na Pista                                                                                    ,Colisão frontal                                                                                                                                                                                         ,Com Vítimas Feridas,Amanhecer           ,Céu Claro           ,Simples             ,Não       ,Automóvel           ,Lesões Graves       ,49.0,Feminino            
51193,2017-07-03,RN,226.0,TANGARA                                                     ,Animais na Pista                                                                                    ,Colisão frontal                                                                                                                                                                                         ,Com Vítimas Feridas,Amanhecer           ,Céu Claro           ,Simples             ,Não       ,Automóvel           ,Lesões Graves       ,50.0,Masculino           
51193,2017-07-03,RN,226.0,TANGARA                                                     ,Animais na Pista                                                                                    ,Colisão frontal                                                                                                                                                                                         ,Com Vítimas Feridas,Amanhecer           ,Céu Claro           ,Simples             ,Não       ,Automóvel           ,Lesões Leves        ,37.0,Masculino           
51210,2017-07-03,RN,110.0,MOSSORO                                                     ,Falta de Atenção à Condução                                                                         ,Colisão traseira                                                                                                                                                                                        ,Com Vítimas Feridas,Pleno dia           ,Céu Claro           ,Simples             ,Sim       ,Motocicleta         ,Não Informado       ,,Não Informado       
51210,2017-07-03,RN,110.0,MOSSORO                                                     ,Falta de Atenção à Condução                                                                         ,Colisão traseira                                                                                                                                                                                        ,Com Vítimas Feridas,Pleno dia           ,Céu Claro           ,Simples             ,Sim       ,Ciclomotor          ,Lesões Leves        ,30.0,Masculino           
51231,2017-07-03,RN,101.0,PARNAMIRIM                                                  ,Falta de Atenção à Condução                                                                         ,Engavetamento                                                                                                                                                                                           ,Sem Vítimas,Pleno dia           ,Nublado             ,Dupla               ,Sim       ,Automóvel           ,Ileso               ,44.0,Feminino            
51231,2017-07-03,RN,101.0,PARNAMIRIM                                                  ,Falta de Atenção à Condução                                                                         ,Engavetamento                                                                                                                                                                                           ,Sem Vítimas,Pleno dia           ,Nublado             ,Dupla               ,Sim       ,Automóvel           ,Ileso               ,28.0,Masculino           
51231,2017-07-03,RN,101.0,PARNAMIRIM                                                  ,Falta de Atenção à Condução                                                                         ,Engavetamento                                                                                                                                                                                           ,Sem Vítimas,Pleno dia           ,Nublado             ,Dupla               ,Sim       ,Automóvel           ,Ileso               ,32.0,Masculino           
51231,2017-07-03,RN,101.0,PARNAMIRIM                                                  ,Falta de Atenção à Condução                                                                         ,Engavetamento                                                                                                                                                                                           ,Sem Vítimas,Pleno dia           ,Nublado             ,Dupla               ,Sim       ,Automóvel           ,Ileso               ,34.0,Masculino           
51231,2017-07-03,RN,101.0,PARNAMIRIM                                                  ,Falta de Atenção à Condução                                                                         ,Engavetamento                                                                                                                                                                                           ,Sem Vítimas,Pleno dia           ,Nublado             ,Dupla               ,Sim       ,Automóvel           ,Não Informado       ,,Não Informado       
51231,2017-07-03,RN,101.0,PARNAMIRIM                                                  ,Falta de Atenção à Condução                                                                         ,Engavetamento                                                                                                                                                                                           ,Sem Vítimas,Pleno dia           ,Nublado             ,Dupla               ,Sim       ,Automóvel           ,Ileso               ,33.0,Feminino            
51233,2017-07-03,RN,406.0,JOAO CAMARA                                                 ,Falta de Atenção à Condução                                                                         ,Capotamento                                                                                                                                                                                             ,Com Vítimas Feridas,Pleno dia           ,Nublado             ,Simples             ,Não       ,Caminhonete         ,Lesões Leves        ,26.0,Masculino           
51241,2017-07-03,RN,110.0,MOSSORO                                                     ,Ingestão de Álcool                                                                                  ,Tombamento                                                                                                                                                                                              ,Com Vítimas Feridas,Pleno dia           ,Sol                 ,Simples             ,Sim       ,Bicicleta           ,Lesões Leves        ,52.0,Masculino           
51247,2017-07-03,RN,304.0,MOSSORO                                                     ,Falta de Atenção à Condução                                                                         ,Colisão lateral                                                                                                                                                                                         ,Com Vítimas Feridas,Pleno dia           ,Céu Claro           ,Simples             ,Não       ,Caminhão            ,Ileso               ,33.0,Masculino           
51247,2017-07-03,RN,304.0,MOSSORO                                                     ,Falta de Atenção à Condução                                                                         ,Colisão lateral                                                                                                                                                                                         ,Com Vítimas Feridas,Pleno dia           ,Céu Claro           ,Simples             ,Não       ,Bicicleta           ,Lesões Graves       ,52.0,Masculino           
51301,2017-05-21,RN,226.0,CURRAIS NOVOS                                               ,Ingestão de Álcool                                                                                  ,Colisão lateral                                                                                                                                                                                         ,Com Vítimas Fatais,Pleno dia           ,Céu Claro           ,Simples             ,Não       ,Ciclomotor          ,Lesões Graves       ,42.0,Masculino           
51301,2017-05-21,RN,226.0,CURRAIS NOVOS                                               ,Ingestão de Álcool                                                                                  ,Colisão lateral                                                                                                                                                                                         ,Com Vítimas Fatais,Pleno dia           ,Céu Claro           ,Simples             ,Não       ,Ciclomotor          ,Óbito               ,44.0,Masculino           
51301,2017-05-21,RN,226.0,CURRAIS NOVOS                                               ,Ingestão de Álcool                                                                                  ,Colisão lateral                                                                                                                                                                                         ,Com Vítimas Fatais,Pleno dia           ,Céu Claro           ,Simples             ,Não       ,Automóvel           ,Ileso               ,51.0,Masculino           
51677,2017-07-04,RN,226.0,TANGARA                                                     ,Animais na Pista                                                                                    ,Atropelamento de Animal                                                                                                                                                                                 ,Com Vítimas Feridas,Plena Noite         ,Céu Claro           ,Simples             ,Não       ,Automóvel           ,Lesões Leves        ,41.0,Masculino           
51677,2017-07-04,RN,226.0,TANGARA                                                     ,Animais na Pista                                                                                    ,Atropelamento de Animal                                                                                                                                                                                 ,Com Vítimas Feridas,Plena Noite         ,Céu Claro           ,Simples             ,Não       ,Caminhonete         ,Ileso               ,44.0,Masculino           
51976,2017-07-06,RN,101.0,NATAL                                                       ,Falta de Atenção à Condução                                                                         ,Colisão traseira                                                                                                                                                                                        ,Com Vítimas Feridas,Pleno dia           ,Garoa/Chuvisco      ,Dupla               ,Sim       ,Motocicleta         ,Lesões Leves        ,53.0,Masculino           
51976,2017-07-06,RN,101.0,NATAL                                                       ,Falta de Atenção à Condução                                                                         ,Colisão traseira                                                                                                                                                                                        ,Com Vítimas Feridas,Pleno dia           ,Garoa/Chuvisco      ,Dupla               ,Sim       ,Automóvel           ,Ileso               ,37.0,Masculino           
52009,2017-07-06,RN,405.0,MAJOR SALES                                                 ,Ultrapassagem Indevida                                                                              ,Colisão frontal                                                                                                                                                                                         ,Com Vítimas Feridas,Pleno dia           ,Céu Claro           ,Simples             ,Não       ,Motocicleta         ,Lesões Graves       ,28.0,Masculino           
52009,2017-07-06,RN,405.0,MAJOR SALES                                                 ,Ultrapassagem Indevida                                                                              ,Colisão frontal                                                                                                                                                                                         ,Com Vítimas Feridas,Pleno dia           ,Céu Claro           ,Simples             ,Não       ,Automóvel           ,Lesões Leves        ,32.0,Masculino           
52028,2017-07-06,RN,304.0,MOSSORO                                                     ,Falta de Atenção do Pedestre                                                                        ,Colisão traseira                                                                                                                                                                                        ,Com Vítimas Feridas,Pleno dia           ,Céu Claro           ,Simples             ,Não       ,Caminhão            ,Lesões Leves        ,47.0,Masculino           
52028,2017-07-06,RN,304.0,MOSSORO                                                     ,Falta de Atenção do Pedestre                                                                        ,Colisão traseira                                                                                                                                                                                        ,Com Vítimas Feridas,Pleno dia           ,Céu Claro           ,Simples             ,Não       ,Caminhão            ,Ileso               ,41.0,Masculino           
52028,2017-07-06,RN,304.0,MOSSORO                                                     ,Falta de Atenção do Pedestre                                                                        ,Colisão traseira                                                                                                                                                                                        ,Com Vítimas Feridas,Pleno dia           ,Céu Claro           ,Simples             ,Não       ,Caminhão            ,Lesões Graves       ,32.0,Masculino           
52028,2017-07-06,RN,304.0,MOSSORO                                                     ,Falta de Atenção do Pedestre                                                                        ,Colisão traseira                                                                                                                                                                                        ,Com Vítimas Feridas,Pleno dia           ,Céu Claro           ,Simples             ,Não       ,Caminhão            ,Ileso               ,23.0,Masculino           
52268,2017-07-07,RN,101.0,NATAL                                                       ,Não guardar distância de segurança                                                                  ,Colisão lateral                                                                                                                                                                                         ,Com Vítimas Feridas,Pleno dia           ,Céu Claro           ,Dupla               ,Sim       ,Automóvel           ,Ileso               ,37.0,Masculino           
52268,2017-07-07,RN,101.0,NATAL                                                       ,Não guardar distância de segurança                                                                  ,Colisão lateral                                                                                                                                                                                         ,Com Vítimas Feridas,Pleno dia           ,Céu Claro           ,Dupla               ,Sim       ,Motocicleta         ,Lesões Leves        ,43.0,Masculino           
52268,2017-07-07,RN,101.0,NATAL                                                       ,Não guardar distância de segurança                                                                  ,Colisão lateral                                                                                                                                                                                         ,Com Vítimas Feridas,Pleno dia           ,Céu Claro           ,Dupla               ,Sim       ,Automóvel           ,Ileso               ,43.0,Masculino           
52274,2017-04-24,RN,101.0,NATAL                                                       ,Falta de Atenção à Condução                                                                         ,Colisão traseira                                                                                                                                                                                        ,Com Vítimas Feridas,Pleno dia           ,Céu Claro           ,Dupla               ,Sim       ,Motocicleta         ,Lesões Leves        ,23.0,Masculino           
52274,2017-04-24,RN,101.0,NATAL                                                       ,Falta de Atenção à Condução                                                                         ,Colisão traseira                                                                                                                                                                                        ,Com Vítimas Feridas,Pleno dia           ,Céu Claro           ,Dupla               ,Sim       ,Motocicleta         ,Não Informado       ,,Não Informado       
52274,2017-04-24,RN,101.0,NATAL                                                       ,Falta de Atenção à Condução                                                                         ,Colisão traseira                                                                                                                                                                                        ,Com Vítimas Feridas,Pleno dia           ,Céu Claro           ,Dupla               ,Sim       ,Motocicleta         ,Não Informado       ,,Não Informado       
52274,2017-04-24,RN,101.0,NATAL                                                       ,Falta de Atenção à Condução                                                                         ,Colisão traseira                                                                                                                                                                                        ,Com Vítimas Feridas,Pleno dia           ,Céu Claro           ,Dupla               ,Sim       ,Automóvel           ,Ileso               ,47.0,Feminino            
52397,2017-07-07,RN,101.0,NATAL                                                       ,Ingestão de Álcool                                                                                  ,Atropelamento de Pedestre                                                                                                                                                                               ,Com Vítimas Feridas,Anoitecer           ,Nublado             ,Múltipla            ,Sim       ,Camioneta           ,Ileso               ,56.0,Masculino           
52397,2017-07-07,RN,101.0,NATAL                                                       ,Ingestão de Álcool                                                                                  ,Atropelamento de Pedestre                                                                                                                                                                               ,Com Vítimas Feridas,Anoitecer           ,Nublado             ,Múltipla            ,Sim       ,Camioneta           ,Lesões Graves       ,52.0,Masculino           
52397,2017-07-07,RN,101.0,NATAL                                                       ,Ingestão de Álcool                                                                                  ,Atropelamento de Pedestre                                                                                                                                                                               ,Com Vítimas Feridas,Anoitecer           ,Nublado             ,Múltipla            ,Sim       ,Motocicleta         ,Lesões Graves       ,19.0,Feminino            
52397,2017-07-07,RN,101.0,NATAL                                                       ,Ingestão de Álcool                                                                                  ,Atropelamento de Pedestre                                                                                                                                                                               ,Com Vítimas Feridas,Anoitecer           ,Nublado             ,Múltipla            ,Sim       ,Motocicleta         ,Lesões Leves        ,22.0,Masculino           
52420,2017-07-07,RN,101.0,NATAL                                                       ,Falta de Atenção à Condução                                                                         ,Colisão traseira                                                                                                                                                                                        ,Com Vítimas Feridas,Plena Noite         ,Céu Claro           ,Dupla               ,Sim       ,Motocicleta         ,Lesões Leves        ,51.0,Masculino           
52420,2017-07-07,RN,101.0,NATAL                                                       ,Falta de Atenção à Condução                                                                         ,Colisão traseira                                                                                                                                                                                        ,Com Vítimas Feridas,Plena Noite         ,Céu Claro           ,Dupla               ,Sim       ,Motocicleta         ,Lesões Leves        ,44.0,Feminino            
52420,2017-07-07,RN,101.0,NATAL                                                       ,Falta de Atenção à Condução                                                                         ,Colisão traseira                                                                                                                                                                                        ,Com Vítimas Feridas,Plena Noite         ,Céu Claro           ,Dupla               ,Sim       ,Micro-ônibus        ,Ileso               ,,Não Informado       
52582,2017-07-08,RN,101.0,PARNAMIRIM                                                  ,Ingestão de Álcool                                                                                  ,Colisão lateral                                                                                                                                                                                         ,Sem Vítimas,Pleno dia           ,Céu Claro           ,Dupla               ,Sim       ,Automóvel           ,Ileso               ,23.0,Masculino           
52582,2017-07-08,RN,101.0,PARNAMIRIM                                                  ,Ingestão de Álcool                                                                                  ,Colisão lateral                                                                                                                                                                                         ,Sem Vítimas,Pleno dia           ,Céu Claro           ,Dupla               ,Sim       ,Automóvel           ,Ileso               ,40.0,Masculino           
52582,2017-07-08,RN,101.0,PARNAMIRIM                                                  ,Ingestão de Álcool                                                                                  ,Colisão lateral                                                                                                                                                                                         ,Sem Vítimas,Pleno dia           ,Céu Claro           ,Dupla               ,Sim       ,Caminhão            ,Não Informado       ,,Não Informado       
52700,2017-07-08,RN,101.0,SAO JOSE DE MIPIBU                                          ,Ingestão de Álcool                                                                                  ,Colisão lateral                                                                                                                                                                                         ,Sem Vítimas,Pleno dia           ,Céu Claro           ,Dupla               ,Sim       ,Automóvel           ,Ileso               ,21.0,Masculino           
52700,2017-07-08,RN,101.0,SAO JOSE DE MIPIBU                                          ,Ingestão de Álcool                                                                                  ,Colisão lateral                                                                                                                                                                                         ,Sem Vítimas,Pleno dia           ,Céu Claro           ,Dupla               ,Sim       ,Automóvel           ,Ileso               ,58.0,Masculino           
52740,2017-07-08,RN,405.0,MARCELINO VIEIRA                                            ,Desobediência às normas de trânsito pelo condutor                                                   ,Colisão lateral                                                                                                                                                                                         ,Com Vítimas Feridas,Anoitecer           ,Céu Claro           ,Simples             ,Sim       ,Motocicleta         ,Lesões Graves       ,23.0,Masculino           
52740,2017-07-08,RN,405.0,MARCELINO VIEIRA                                            ,Desobediência às normas de trânsito pelo condutor                                                   ,Colisão lateral                                                                                                                                                                                         ,Com Vítimas Feridas,Anoitecer           ,Céu Claro           ,Simples             ,Sim       ,Motocicleta         ,Lesões Leves        ,26.0,Masculino           
52740,2017-07-08,RN,405.0,MARCELINO VIEIRA                                            ,Desobediência às normas de trânsito pelo condutor                                                   ,Colisão lateral                                                                                                                                                                                         ,Com Vítimas Feridas,Anoitecer           ,Céu Claro           ,Simples             ,Sim       ,Motocicleta         ,Não Informado       ,,Não Informado       
52761,2017-07-08,RN,101.0,GOIANINHA                                                   ,Não guardar distância de segurança                                                                  ,Colisão lateral                                                                                                                                                                                         ,Com Vítimas Feridas,Plena Noite         ,Céu Claro           ,Dupla               ,Não       ,Automóvel           ,Ileso               ,29.0,Masculino           
52761,2017-07-08,RN,101.0,GOIANINHA                                                   ,Não guardar distância de segurança                                                                  ,Colisão lateral                                                                                                                                                                                         ,Com Vítimas Feridas,Plena Noite         ,Céu Claro           ,Dupla               ,Não       ,Automóvel           ,Lesões Leves        ,37.0,Feminino            
52761,2017-07-08,RN,101.0,GOIANINHA                                                   ,Não guardar distância de segurança                                                                  ,Colisão lateral                                                                                                                                                                                         ,Com Vítimas Feridas,Plena Noite         ,Céu Claro           ,Dupla               ,Não       ,Automóvel           ,Lesões Leves        ,18.0,Feminino            
52761,2017-07-08,RN,101.0,GOIANINHA                                                   ,Não guardar distância de segurança                                                                  ,Colisão lateral                                                                                                                                                                                         ,Com Vítimas Feridas,Plena Noite         ,Céu Claro           ,Dupla               ,Não       ,Automóvel           ,Ileso               ,30.0,Masculino           
52761,2017-07-08,RN,101.0,GOIANINHA                                                   ,Não guardar distância de segurança                                                                  ,Colisão lateral                                                                                                                                                                                         ,Com Vítimas Feridas,Plena Noite         ,Céu Claro           ,Dupla               ,Não       ,Automóvel           ,Lesões Leves        ,14.0,Masculino           
52817,2017-07-08,RN,304.0,MOSSORO                                                     ,Falta de Atenção do Pedestre                                                                        ,Atropelamento de Pedestre                                                                                                                                                                               ,Com Vítimas Feridas,Plena Noite         ,Nublado             ,Dupla               ,Sim       ,Outros              ,Não Informado       ,,Não Informado       
52817,2017-07-08,RN,304.0,MOSSORO                                                     ,Falta de Atenção do Pedestre                                                                        ,Atropelamento de Pedestre                                                                                                                                                                               ,Com Vítimas Feridas,Plena Noite         ,Nublado             ,Dupla               ,Sim       ,Outros              ,Lesões Graves       ,66.0,Masculino           
53130,2017-07-09,RN,226.0,TANGARA                                                     ,Ingestão de Álcool                                                                                  ,Colisão traseira                                                                                                                                                                                        ,Com Vítimas Fatais,Plena Noite         ,Garoa/Chuvisco      ,Simples             ,Sim       ,Automóvel           ,Óbito               ,17.0,Masculino           
53130,2017-07-09,RN,226.0,TANGARA                                                     ,Ingestão de Álcool                                                                                  ,Colisão traseira                                                                                                                                                                                        ,Com Vítimas Fatais,Plena Noite         ,Garoa/Chuvisco      ,Simples             ,Sim       ,Automóvel           ,Lesões Graves       ,39.0,Feminino            
53130,2017-07-09,RN,226.0,TANGARA                                                     ,Ingestão de Álcool                                                                                  ,Colisão traseira                                                                                                                                                                                        ,Com Vítimas Fatais,Plena Noite         ,Garoa/Chuvisco      ,Simples             ,Sim       ,Automóvel           ,Óbito               ,33.0,Masculino           
53130,2017-07-09,RN,226.0,TANGARA                                                     ,Ingestão de Álcool                                                                                  ,Colisão traseira                                                                                                                                                                                        ,Com Vítimas Fatais,Plena Noite         ,Garoa/Chuvisco      ,Simples             ,Sim       ,Caminhão            ,Ileso               ,42.0,Masculino           
53339,2017-07-10,RN,427.0,CAICO                                                       ,Falta de Atenção à Condução                                                                         ,Engavetamento                                                                                                                                                                                           ,Sem Vítimas,Pleno dia           ,Céu Claro           ,Simples             ,Sim       ,Automóvel           ,Ileso               ,33.0,Masculino           
53339,2017-07-10,RN,427.0,CAICO                                                       ,Falta de Atenção à Condução                                                                         ,Engavetamento                                                                                                                                                                                           ,Sem Vítimas,Pleno dia           ,Céu Claro           ,Simples             ,Sim       ,Automóvel           ,Ileso               ,25.0,Feminino            
53339,2017-07-10,RN,427.0,CAICO                                                       ,Falta de Atenção à Condução                                                                         ,Engavetamento                                                                                                                                                                                           ,Sem Vítimas,Pleno dia           ,Céu Claro           ,Simples             ,Sim       ,Automóvel           ,Ileso               ,45.0,Masculino           
53342,2017-07-10,RN,304.0,MOSSORO                                                     ,Defeito Mecânico no Veículo                                                                         ,Incêndio                                                                                                                                                                                                ,Sem Vítimas,Anoitecer           ,Nublado             ,Dupla               ,Sim       ,Caminhão-trator     ,Ileso               ,61.0,Masculino           
53410,2017-07-10,RN,304.0,ACU                                                         ,Falta de Atenção do Pedestre                                                                        ,Atropelamento de Pedestre                                                                                                                                                                               ,Com Vítimas Fatais,Plena Noite         ,Céu Claro           ,Simples             ,Não       ,Caminhão            ,Ileso               ,,Ignorado            
53410,2017-07-10,RN,304.0,ACU                                                         ,Falta de Atenção do Pedestre                                                                        ,Atropelamento de Pedestre                                                                                                                                                                               ,Com Vítimas Fatais,Plena Noite         ,Céu Claro           ,Simples             ,Não       ,Caminhão            ,Óbito               ,,Masculino           
53514,2017-07-11,RN,101.0,GOIANINHA                                                   ,Ingestão de Álcool                                                                                  ,Colisão transversal                                                                                                                                                                                     ,Com Vítimas Feridas,Pleno dia           ,Nublado             ,Múltipla            ,Sim       ,Automóvel           ,Ileso               ,56.0,Masculino           
53514,2017-07-11,RN,101.0,GOIANINHA                                                   ,Ingestão de Álcool                                                                                  ,Colisão transversal                                                                                                                                                                                     ,Com Vítimas Feridas,Pleno dia           ,Nublado             ,Múltipla            ,Sim       ,Bicicleta           ,Lesões Leves        ,31.0,Masculino           
53619,2017-07-12,RN,406.0,SAO GONCALO DO AMARANTE                                     ,Animais na Pista                                                                                    ,Atropelamento de Animal                                                                                                                                                                                 ,Com Vítimas Feridas,Plena Noite         ,Céu Claro           ,Dupla               ,Sim       ,Motocicleta         ,Lesões Leves        ,31.0,Masculino           
53791,2017-07-12,RN,101.0,ARES                                                        ,Defeito na Via                                                                                      ,Tombamento                                                                                                                                                                                              ,Com Vítimas Feridas,Pleno dia           ,Garoa/Chuvisco      ,Dupla               ,Não       ,Automóvel           ,Lesões Leves        ,3.0,Masculino           