id,data_inversa,uf,br,municipio,causa_acidente,tipo_acidente,classificacao_acidente,fase_dia,condicao_metereologica,tipo_pista,uso_solo,tipo_veiculo,estado_fisico,idade,sexo
53791,2017-07-12,RN,101.0,ARES                                                        ,Defeito na Via                                                                                      ,Tombamento                                                                                                                                                                                              ,Com Vítimas Feridas,Pleno dia           ,Garoa/Chuvisco      ,Dupla               ,Não       ,Automóvel           ,Lesões Leves        ,39.0,Feminino            
53791,2017-07-12,RN,101.0,ARES                                                        ,Defeito na Via                                                                                      ,Tombamento                                                                                                                                                                                              ,Com Vítimas Feridas,Pleno dia           ,Garoa/Chuvisco      ,Dupla               ,Não       ,Automóvel           ,Ileso               ,6.0,Masculino           
53791,2017-07-12,RN,101.0,ARES                                                        ,Defeito na Via                                                                                      ,Tombamento                                                                                                                                                                                              ,Com Vítimas Feridas,Pleno dia           ,Garoa/Chuvisco      ,Dupla               ,Não       ,Automóvel           ,Ileso               ,39.0,Feminino            
53860,2017-07-13,RN,226.0,CAMPO REDONDO                                               ,Falta de Atenção à Condução                                                                         ,Colisão traseira                                                                                                                                                                                        ,Com Vítimas Feridas,Plena Noite         ,Céu Claro           ,Simples             ,Não       ,Caminhão            ,Ileso               ,58.0,Masculino           
53860,2017-07-13,RN,226.0,CAMPO REDONDO                                               ,Falta de Atenção à Condução                                                                         ,Colisão traseira                                                                                                                                                                                        ,Com Vítimas Feridas,Plena Noite         ,Céu Claro           ,Simples             ,Não       ,Caminhonete         ,Lesões Graves       ,44.0,Feminino            
53860,2017-07-13,RN,226.0,CAMPO REDONDO                                               ,Falta de Atenção à Condução                                                                         ,Colisão traseira                                                                                                                                                                                        ,Com Vítimas Feridas,Plena Noite         ,Céu Claro           ,Simples             ,Não       ,Caminhonete         ,Ileso               ,46.0,Masculino           
53860,2017-07-13,RN,226.0,CAMPO REDONDO                                               ,Falta de Atenção à Condução                                                                         ,Colisão traseira                                                                                                                                                                                        ,Com Vítimas Feridas,Plena Noite         ,Céu Claro           ,Simples             ,Não       ,Caminhonete         ,Lesões Graves       ,30.0,Masculino           
53895,2017-07-13,RN,101.0,SAO GONCALO DO AMARANTE                                     ,Falta de Atenção à Condução                                                                         ,Colisão lateral                                                                                                                                                                                         ,Sem Vítimas,Pleno dia           ,Céu Claro           ,Múltipla            ,Não       ,Automóvel           ,Ileso               ,27.0,Masculino           
53895,2017-07-13,RN,101.0,SAO GONCALO DO AMARANTE                                     ,Falta de Atenção à Condução                                                                         ,Colisão lateral                                                                                                                                                                                         ,Sem Vítimas,Pleno dia           ,Céu Claro           ,Múltipla            ,Não       ,Ônibus              ,Ileso               ,54.0,Masculino           
53961,2017-07-12,RN,226.0,ANTONIO MARTINS                                             ,Animais na Pista                                                                                    ,Atropelamento de Animal                                                                                                                                                                                 ,Sem Vítimas,Plena Noite         ,Céu Claro           ,Simples             ,Não       ,Automóvel           ,Ileso               ,37.0,Masculino           
54013,2017-07-13,RN,304.0,LAJES                                                       ,Mal Súbito                                                                                          ,Colisão com objeto estático                                                                                                                                                                             ,Com Vítimas Feridas,Pleno dia           ,Céu Claro           ,Simples             ,Não       ,Motocicleta         ,Lesões Graves       ,,Masculino           
54013,2017-07-13,RN,304.0,LAJES                                                       ,Mal Súbito                                                                                          ,Colisão com objeto estático                                                                                                                                                                             ,Com Vítimas Feridas,Pleno dia           ,Céu Claro           ,Simples             ,Não       ,Motocicleta         ,Lesões Graves       ,32.0,Masculino           
54106,2017-07-14,RN,101.0,GOIANINHA                                                   ,Animais na Pista                                                                                    ,Atropelamento de Animal                                                                                                                                                                                 ,Com Vítimas Fatais,Plena Noite         ,Céu Claro           ,Simples             ,Sim       ,Motocicleta         ,Óbito               ,35.0,Masculino           
54365,2017-07-15,RN,101.0,SAO JOSE DE MIPIBU                                          ,Animais na Pista                                                                                    ,Atropelamento de Animal                                                                                                                                                                                 ,Sem Vítimas,Plena Noite         ,Céu Claro           ,Dupla               ,Não       ,Camioneta           ,Ileso               ,38.0,Masculino           
54471,2017-07-15,RN,304.0,ANGICOS                                                     ,Ultrapassagem Indevida                                                                              ,Colisão frontal                                                                                                                                                                                         ,Com Vítimas Fatais,Pleno dia           ,Céu Claro           ,Simples             ,Não       ,Motocicleta         ,Óbito               ,31.0,Masculino           
54471,2017-07-15,RN,304.0,ANGICOS                                                     ,Ultrapassagem Indevida                                                                              ,Colisão frontal                                                                                                                                                                                         ,Com Vítimas Fatais,Pleno dia           ,Céu Claro           ,Simples             ,Não       ,Automóvel           ,Lesões Leves        ,36.0,Feminino            
54471,2017-07-15,RN,304.0,ANGICOS                                                     ,Ultrapassagem Indevida                                                                              ,Colisão frontal                                                                                                                                                                                         ,Com Vítimas Fatais,Pleno dia           ,Céu Claro           ,Simples             ,Não       ,Automóvel           ,Lesões Leves        ,37.0,Masculino           
54471,2017-07-15,RN,304.0,ANGICOS                                                     ,Ultrapassagem Indevida                                                                              ,Colisão frontal                                                                                                                                                                                         ,Com Vítimas Fatais,Pleno dia           ,Céu Claro           ,Simples             ,Não       ,Automóvel           ,Lesões Leves        ,4.0,Masculino           
54471,2017-07-15,RN,304.0,ANGICOS                                                     ,Ultrapassagem Indevida                                                                              ,Colisão frontal                                                                                                                                                                                         ,Com Vítimas Fatais,Pleno dia           ,Céu Claro           ,Simples             ,Não       ,Automóvel           ,Lesões Leves        ,63.0,Masculino           
54471,2017-07-15,RN,304.0,ANGICOS                                                     ,Ultrapassagem Indevida                                                                              ,Colisão frontal                                                                                                                                                                                         ,Com Vítimas Fatais,Pleno dia           ,Céu Claro           ,Simples             ,Não       ,Automóvel           ,Lesões Leves        ,58.0,Feminino            
54496,2017-07-15,RN,427.0,CAICO                                                       ,Ingestão de Álcool                                                                                  ,Colisão lateral                                                                                                                                                                                         ,Com Vítimas Feridas,Pleno dia           ,Céu Claro           ,Simples             ,Sim       ,Automóvel           ,Ileso               ,45.0,Feminino            
54496,2017-07-15,RN,427.0,CAICO                                                       ,Ingestão de Álcool                                                                                  ,Colisão lateral                                                                                                                                                                                         ,Com Vítimas Feridas,Pleno dia           ,Céu Claro           ,Simples             ,Sim       ,Motocicleta         ,Lesões Leves        ,36.0,Masculino           
54557,2017-07-15,RN,101.0,CANGUARETAMA                                                ,Falta de Atenção à Condução                                                                         ,Colisão transversal                                                                                                                                                                                     ,Com Vítimas Fatais,Plena Noite         ,Céu Claro           ,Dupla               ,Sim       ,Semireboque         ,Não Informado       ,,Não Informado       
54557,2017-07-15,RN,101.0,CANGUARETAMA                                                ,Falta de Atenção à Condução                                                                         ,Colisão transversal                                                                                                                                                                                     ,Com Vítimas Fatais,Plena Noite         ,Céu Claro           ,Dupla               ,Sim       ,Automóvel           ,Lesões Graves       ,59.0,Masculino           
54557,2017-07-15,RN,101.0,CANGUARETAMA                                                ,Falta de Atenção à Condução                                                                         ,Colisão transversal                                                                                                                                                                                     ,Com Vítimas Fatais,Plena Noite         ,Céu Claro           ,Dupla               ,Sim       ,Automóvel           ,Óbito               ,53.0,Feminino            
54557,2017-07-15,RN,101.0,CANGUARETAMA                                                ,Falta de Atenção à Condução                                                                         ,Colisão transversal                                                                                                                                                                                     ,Com Vítimas Fatais,Plena Noite         ,Céu Claro           ,Dupla               ,Sim       ,Caminhão-trator     ,Ileso               ,43.0,Masculino           
54595,2017-07-15,RN,304.0,ITAJA                                                       ,Animais na Pista                                                                                    ,Atropelamento de Animal                                                                                                                                                                                 ,Sem Vítimas,Anoitecer           ,Céu Claro           ,Simples             ,Não       ,Caminhonete         ,Ileso               ,41.0,Masculino           
54595,2017-07-15,RN,304.0,ITAJA                                                       ,Animais na Pista                                                                                    ,Atropelamento de Animal                                                                                                                                                                                 ,Sem Vítimas,Anoitecer           ,Céu Claro           ,Simples             ,Não       ,Caminhonete         ,Ileso               ,40.0,Masculino           
54729,2017-07-16,RN,406.0,JOAO CAMARA                                                 ,Ingestão de Álcool                                                                                  ,Colisão transversal                                                                                                                                                                                     ,Com Vítimas Feridas,Pleno dia           ,Céu Claro           ,Simples             ,Sim       ,Motocicleta         ,Lesões Graves       ,45.0,Masculino           
54729,2017-07-16,RN,406.0,JOAO CAMARA                                                 ,Ingestão de Álcool                                                                                  ,Colisão transversal                                                                                                                                                                                     ,Com Vítimas Feridas,Pleno dia           ,Céu Claro           ,Simples             ,Sim       ,Motocicleta         ,Lesões Graves       ,39.0,Masculino           
54729,2017-07-16,RN,406.0,JOAO CAMARA                                                 ,Ingestão de Álcool                                                                                  ,Colisão transversal                                                                                                                                                                                     ,Com Vítimas Feridas,Pleno dia           ,Céu Claro           ,Simples             ,Sim       ,Caminhonete         ,Ileso               ,48.0,Masculino           
54733,2017-07-16,RN,110.0,MOSSORO                                                     ,Ingestão de Álcool                                                                                  ,Colisão lateral                                                                                                                                                                                         ,Sem Vítimas,Pleno dia           ,Céu Claro           ,Simples             ,Não       ,Automóvel           ,Ileso               ,35.0,Masculino           
54733,2017-07-16,RN,110.0,MOSSORO                                                     ,Ingestão de Álcool                                                                                  ,Colisão lateral                                                                                                                                                                                         ,Sem Vítimas,Pleno dia           ,Céu Claro           ,Simples             ,Não       ,Automóvel           ,Ileso               ,45.0,Masculino           
54775,2017-07-16,RN,427.0,JARDIM DO SERIDO                                            ,Ingestão de Álcool                                                                                  ,Capotamento                                                                                                                                                                                             ,Com Vítimas Feridas,Pleno dia           ,Céu Claro           ,Simples             ,Não       ,Caminhonete         ,Lesões Graves       ,36.0,Masculino           
54775,2017-07-16,RN,427.0,JARDIM DO SERIDO                                            ,Ingestão de Álcool                                                                                  ,Capotamento                                                                                                                                                                                             ,Com Vítimas Feridas,Pleno dia           ,Céu Claro           ,Simples             ,Não       ,Caminhonete         ,Lesões Leves        ,46.0,Masculino           
54775,2017-07-16,RN,427.0,JARDIM DO SERIDO                                            ,Ingestão de Álcool                                                                                  ,Capotamento                                                                                                                                                                                             ,Com Vítimas Feridas,Pleno dia           ,Céu Claro           ,Simples             ,Não       ,Caminhonete         ,Lesões Leves        ,52.0,Masculino           
54937,2017-07-17,RN,406.0,POCO BRANCO                                                 ,Falta de Atenção à Condução                                                                         ,Colisão transversal                                                                                                                                                                                     ,Com Vítimas Fatais,Plena Noite         ,Céu Claro           ,Simples             ,Não       ,Motocicleta         ,Óbito               ,20.0,Masculino           
54937,2017-07-17,RN,406.0,POCO BRANCO                                                 ,Falta de Atenção à Condução                                                                         ,Colisão transversal                                                                                                                                                                                     ,Com Vítimas Fatais,Plena Noite         ,Céu Claro           ,Simples             ,Não       ,Caminhão            ,Ileso               ,26.0,Masculino           
54954,2017-07-17,RN,304.0,ANGICOS                                                     ,Falta de Atenção à Condução                                                                         ,Colisão transversal                                                                                                                                                                                     ,Sem Vítimas,Plena Noite         ,Céu Claro           ,Simples             ,Sim       ,Caminhão            ,Ileso               ,41.0,Masculino           
54954,2017-07-17,RN,304.0,ANGICOS                                                     ,Falta de Atenção à Condução                                                                         ,Colisão transversal                                                                                                                                                                                     ,Sem Vítimas,Plena Noite         ,Céu Claro           ,Simples             ,Sim       ,Ônibus              ,Ileso               ,50.0,Masculino           
55105,2017-07-17,RN,304.0,MOSSORO                                                     ,Falta de Atenção à Condução                                                                         ,Colisão transversal                                                                                                                                                                                     ,Com Vítimas Feridas,Pleno dia           ,Céu Claro           ,Simples             ,Sim       ,Ciclomotor          ,Lesões Leves        ,68.0,Masculino           
55105,2017-07-17,RN,304.0,MOSSORO                                                     ,Falta de Atenção à Condução                                                                         ,Colisão transversal                                                                                                                                                                                     ,Com Vítimas Feridas,Pleno dia           ,Céu Claro           ,Simples             ,Sim       ,Automóvel           ,Ileso               ,24.0,Masculino           
55203,2017-07-17,RN,101.0,NATAL                                                       ,Velocidade Incompatível                                                                             ,Atropelamento de Pedestre                                                                                                                                                                               ,Com Vítimas Feridas,Plena Noite         ,Céu Claro           ,Dupla               ,Sim       ,Motocicleta         ,Lesões Graves       ,33.0,Masculino           
55203,2017-07-17,RN,101.0,NATAL                                                       ,Velocidade Incompatível                                                                             ,Atropelamento de Pedestre                                                                                                                                                                               ,Com Vítimas Feridas,Plena Noite         ,Céu Claro           ,Dupla               ,Sim       ,Motocicleta         ,Lesões Graves       ,34.0,Masculino           
55231,2017-07-18,RN,226.0,MACAIBA                                                     ,Animais na Pista                                                                                    ,Atropelamento de Animal                                                                                                                                                                                 ,Com Vítimas Feridas,Amanhecer           ,Céu Claro           ,Simples             ,Não       ,Ciclomotor          ,Lesões Graves       ,67.0,Masculino           
55318,2017-07-18,RN,101.0,NATAL                                                       ,Falta de Atenção à Condução                                                                         ,Colisão transversal                                                                                                                                                                                     ,Com Vítimas Feridas,Pleno dia           ,Nublado             ,Simples             ,Sim       ,Automóvel           ,Ileso               ,39.0,Masculino           
55318,2017-07-18,RN,101.0,NATAL                                                       ,Falta de Atenção à Condução                                                                         ,Colisão transversal                                                                                                                                                                                     ,Com Vítimas Feridas,Pleno dia           ,Nublado             ,Simples             ,Sim       ,Motocicleta         ,Lesões Graves       ,26.0,Masculino           
55343,2017-07-18,RN,101.0,NATAL                                                       ,Falta de Atenção à Condução                                                                         ,Colisão frontal                                                                                                                                                                                         ,Com Vítimas Feridas,Pleno dia           ,Céu Claro           ,Simples             ,Sim       ,Bicicleta           ,Lesões Graves       ,27.0,Masculino           
55343,2017-07-18,RN,101.0,NATAL                                                       ,Falta de Atenção à Condução                                                                         ,Colisão frontal                                                                                                                                                                                         ,Com Vítimas Feridas,Pleno dia           ,Céu Claro           ,Simples             ,Sim       ,Caminhão            ,Ileso               ,36.0,Masculino           
55345,2017-07-18,RN,226.0,TRIUNFO POTIGUAR                                            ,Falta de Atenção à Condução                                                                         ,Colisão frontal                                                                                                                                                                                         ,Com Vítimas Fatais,Pleno dia           ,Céu Claro           ,Simples             ,Não       ,Caminhonete         ,Ileso               ,29.0,Masculino           
55345,2017-07-18,RN,226.0,TRIUNFO POTIGUAR                                            ,Falta de Atenção à Condução                                                                         ,Colisão frontal                                                                                                                                                                                         ,Com Vítimas Fatais,Pleno dia           ,Céu Claro           ,Simples             ,Não       ,Motocicleta         ,Óbito               ,17.0,Masculino           
55346,2017-07-18,RN,226.0,PATU                                                        ,Falta de Atenção à Condução                                                                         ,Capotamento                                                                                                                                                                                             ,Com Vítimas Feridas,Pleno dia           ,Céu Claro           ,Simples             ,Não       ,Automóvel           ,Lesões Leves        ,38.0,Feminino            
55380,2017-07-18,RN,226.0,NATAL                                                       ,Falta de Atenção à Condução                                                                         ,Colisão transversal                                                                                                                                                                                     ,Com Vítimas Feridas,Plena Noite         ,Céu Claro           ,Simples             ,Sim       ,Motocicleta         ,Lesões Leves        ,48.0,Masculino           
55380,2017-07-18,RN,226.0,NATAL                                                       ,Falta de Atenção à Condução                                                                         ,Colisão transversal                                                                                                                                                                                     ,Com Vítimas Feridas,Plena Noite         ,Céu Claro           ,Simples             ,Sim       ,Utilitário          ,Ileso               ,42.0,Masculino           
55390,2017-07-18,RN,406.0,CEARA-MIRIM                                                 ,Falta de Atenção à Condução                                                                         ,Colisão traseira                                                                                                                                                                                        ,Com Vítimas Feridas,Plena Noite         ,Céu Claro           ,Simples             ,Não       ,Motocicleta         ,Lesões Leves        ,21.0,Feminino            
55390,2017-07-18,RN,406.0,CEARA-MIRIM                                                 ,Falta de Atenção à Condução                                                                         ,Colisão traseira                                                                                                                                                                                        ,Com Vítimas Feridas,Plena Noite         ,Céu Claro           ,Simples             ,Não       ,Motocicleta         ,Ileso               ,45.0,Masculino           
55390,2017-07-18,RN,406.0,CEARA-MIRIM                                                 ,Falta de Atenção à Condução                                                                         ,Colisão traseira                                                                                                                                                                                        ,Com Vítimas Feridas,Plena Noite         ,Céu Claro           ,Simples             ,Não       ,Automóvel           ,Ileso               ,30.0,Feminino            
55450,2017-07-19,RN,101.0,NATAL                                                       ,Falta de Atenção do Pedestre                                                                        ,Atropelamento de Pedestre                                                                                                                                                                               ,Com Vítimas Feridas,Pleno dia           ,Céu Claro           ,Múltipla            ,Sim       ,Automóvel           ,Lesões Leves        ,28.0,Masculino           
55450,2017-07-19,RN,101.0,NATAL                                                       ,Falta de Atenção do Pedestre                                                                        ,Atropelamento de Pedestre                                                                                                                                                                               ,Com Vítimas Feridas,Pleno dia           ,Céu Claro           ,Múltipla            ,Sim       ,Automóvel           ,Ileso               ,26.0,Feminino            
55585,2017-07-19,RN,304.0,MOSSORO                                                     ,Desobediência às normas de trânsito pelo condutor                                                   ,Colisão transversal                                                                                                                                                                                     ,Com Vítimas Feridas,Plena Noite         ,Céu Claro           ,Dupla               ,Sim       ,Motoneta            ,Ileso               ,43.0,Masculino           
55585,2017-07-19,RN,304.0,MOSSORO                                                     ,Desobediência às normas de trânsito pelo condutor                                                   ,Colisão transversal                                                                                                                                                                                     ,Com Vítimas Feridas,Plena Noite         ,Céu Claro           ,Dupla               ,Sim       ,Motocicleta         ,Lesões Leves        ,34.0,Masculino           
55639,2017-07-19,RN,101.0,SAO GONCALO DO AMARANTE                                     ,Falta de Atenção à Condução                                                                         ,Colisão traseira                                                                                                                                                                                        ,Com Vítimas Feridas,Plena Noite         ,Chuva               ,Dupla               ,Sim       ,Automóvel           ,Ileso               ,24.0,Masculino           
55639,2017-07-19,RN,101.0,SAO GONCALO DO AMARANTE                                     ,Falta de Atenção à Condução                                                                         ,Colisão traseira                                                                                                                                                                                        ,Com Vítimas Feridas,Plena Noite         ,Chuva               ,Dupla               ,Sim       ,Micro-ônibus        ,Ileso               ,45.0,Masculino           
55639,2017-07-19,RN,101.0,SAO GONCALO DO AMARANTE                                     ,Falta de Atenção à Condução                                                                         ,Colisão traseira                                                                                                                                                                                        ,Com Vítimas Feridas,Plena Noite         ,Chuva               ,Dupla               ,Sim       ,Automóvel           ,Ileso               ,33.0,Masculino           
55639,2017-07-19,RN,101.0,SAO GONCALO DO AMARANTE                                     ,Falta de Atenção à Condução                                                                         ,Colisão traseira                                                                                                                                                                                        ,Com Vítimas Feridas,Plena Noite         ,Chuva               ,Dupla               ,Sim       ,Automóvel           ,Lesões Leves        ,32.0,Feminino            
55715,2017-07-20,RN,226.0,TANGARA                                                     ,Falta de Atenção à Condução                                                                         ,Colisão traseira                                                                                                                                                                                        ,Com Vítimas Feridas,Pleno dia           ,Nublado             ,Simples             ,Não       ,Caminhão            ,Ileso               ,37.0,Masculino           
55715,2017-07-20,RN,226.0,TANGARA                                                     ,Falta de Atenção à Condução                                                                         ,Colisão traseira                                                                                                                                                                                        ,Com Vítimas Feridas,Pleno dia           ,Nublado             ,Simples             ,Não       ,Automóvel           ,Ileso               ,72.0,Masculino           
55715,2017-07-20,RN,226.0,TANGARA                                                     ,Falta de Atenção à Condução                                                                         ,Colisão traseira                                                                                                                                                                                        ,Com Vítimas Feridas,Pleno dia           ,Nublado             ,Simples             ,Não       ,Automóvel           ,Lesões Leves        ,64.0,Feminino            
55738,2017-07-20,RN,304.0,LAJES                                                       ,Velocidade Incompatível                                                                             ,Colisão frontal                                                                                                                                                                                         ,Com Vítimas Fatais,Pleno dia           ,Chuva               ,Simples             ,Não       ,Automóvel           ,Lesões Leves        ,55.0,Masculino           
55738,2017-07-20,RN,304.0,LAJES                                                       ,Velocidade Incompatível                                                                             ,Colisão frontal                                                                                                                                                                                         ,Com Vítimas Fatais,Pleno dia           ,Chuva               ,Simples             ,Não       ,Automóvel           ,Óbito               ,40.0,Masculino           
55738,2017-07-20,RN,304.0,LAJES                                                       ,Velocidade Incompatível                                                                             ,Colisão frontal                                                                                                                                                                                         ,Com Vítimas Fatais,Pleno dia           ,Chuva               ,Simples             ,Não       ,Caminhonete         ,Óbito               ,53.0,Masculino           
55742,2017-07-20,RN,110.0,MOSSORO                                                     ,Pista Escorregadia                                                                                  ,Queda de ocupante de veículo                                                                                                                                                                            ,Com Vítimas Feridas,Pleno dia           ,Chuva               ,Simples             ,Não       ,Motocicleta         ,Lesões Leves        ,23.0,Masculino           
55742,2017-07-20,RN,110.0,MOSSORO                                                     ,Pista Escorregadia                                                                                  ,Queda de ocupante de veículo                                                                                                                                                                            ,Com Vítimas Feridas,Pleno dia           ,Chuva               ,Simples             ,Não       ,Automóvel           ,Ileso               ,46.0,Feminino            
55776,2017-07-20,RN,101.0,NATAL                                                       ,Falta de Atenção do Pedestre                                                                        ,Atropelamento de Pedestre                                                                                                                                                                               ,Com Vítimas Feridas,Anoitecer           ,Nublado             ,Dupla               ,Sim       ,Motocicleta         ,Lesões Leves        ,33.0,Masculino           
55776,2017-07-20,RN,101.0,NATAL                                                       ,Falta de Atenção do Pedestre                                                                        ,Atropelamento de Pedestre                                                                                                                                                                               ,Com Vítimas Feridas,Anoitecer           ,Nublado             ,Dupla               ,Sim       ,Motocicleta         ,Lesões Leves        ,,Masculino           
55903,2017-07-21,RN,304.0,ACU                                                         ,Mal Súbito                                                                                          ,Colisão transversal                                                                                                                                                                                     ,Com Vítimas Feridas,Pleno dia           ,Chuva               ,Simples             ,Não       ,Caminhão            ,Ileso               ,66.0,Masculino           
55903,2017-07-21,RN,304.0,ACU                                                         ,Mal Súbito                                                                                          ,Colisão transversal                                                                                                                                                                                     ,Com Vítimas Feridas,Pleno dia           ,Chuva               ,Simples             ,Não       ,Caminhonete         ,Lesões Graves       ,68.0,Masculino           
55912,2017-07-21,RN,406.0,SAO GONCALO DO AMARANTE                                     ,Falta de Atenção à Condução                                                                         ,Colisão transversal                                                                                                                                                                                     ,Sem Vítimas,Pleno dia           ,Chuva               ,Dupla               ,Não       ,Automóvel           ,Ileso               ,45.0,Feminino            
55912,2017-07-21,RN,406.0,SAO GONCALO DO AMARANTE                                     ,Falta de Atenção à Condução                                                                         ,Colisão transversal                                                                                                                                                                                     ,Sem Vítimas,Pleno dia           ,Chuva               ,Dupla               ,Não       ,Automóvel           ,Ileso               ,45.0,Masculino           
55926,2017-07-21,RN,304.0,FERNANDO PEDROZA                                            ,Falta de Atenção à Condução                                                                         ,Capotamento                                                                                                                                                                                             ,Com Vítimas Feridas,Pleno dia           ,Nublado             ,Simples             ,Não       ,Utilitário          ,Lesões Leves        ,39.0,Masculino           
55926,2017-07-21,RN,304.0,FERNANDO PEDROZA                                            ,Falta de Atenção à Condução                                                                         ,Capotamento                                                                                                                                                                                             ,Com Vítimas Feridas,Pleno dia           ,Nublado             ,Simples             ,Não       ,Utilitário          ,Lesões Leves        ,35.0,Feminino            
55926,2017-07-21,RN,304.0,FERNANDO PEDROZA                                            ,Falta de Atenção à Condução                                                                         ,Capotamento                                                                                                                                                                                             ,Com Vítimas Feridas,Pleno dia           ,Nublado             ,Simples             ,Não       ,Utilitário          ,Lesões Leves        ,3.0,Masculino           
55926,2017-07-21,RN,304.0,FERNANDO PEDROZA                                            ,Falta de Atenção à Condução                                                                         ,Capotamento                                                                                                                                                                                             ,Com Vítimas Feridas,Pleno dia           ,Nublado             ,Simples             ,Não       ,Utilitário          ,Lesões Graves       ,64.0,Feminino            
55926,2017-07-21,RN,304.0,FERNANDO PEDROZA                                            ,Falta de Atenção à Condução                                                                         ,Capotamento                                                                                                                                                                                             ,Com Vítimas Feridas,Pleno dia           ,Nublado             ,Simples             ,Não       ,Utilitário          ,Lesões Leves        ,10.0,Masculino           
55926,2017-07-21,RN,304.0,FERNANDO PEDROZA                                            ,Falta de Atenção à Condução                                                                         ,Capotamento                                                                                                                                                                                             ,Com Vítimas Feridas,Pleno dia           ,Nublado             ,Simples             ,Não       ,Utilitário          ,Lesões Leves        ,14.0,Feminino            
55933,2017-07-21,RN,304.0,MOSSORO                                                     ,Mal Súbito                                                                                          ,Colisão com objeto estático                                                                                                                                                                             ,Com Vítimas Feridas,Pleno dia           ,Nublado             ,Dupla               ,Sim       ,Automóvel           ,Lesões Leves        ,63.0,Masculino           
55964,2017-07-21,RN,304.0,ANGICOS                                                     ,Pista Escorregadia                                                                                  ,Capotamento                                                                                                                                                                                             ,Com Vítimas Feridas,Pleno dia           ,Chuva               ,Simples             ,Não       ,Automóvel           ,Lesões Leves        ,36.0,Masculino           
56057,2017-07-21,RN,101.0,SAO JOSE DE MIPIBU                                          ,Falta de Atenção à Condução                                                                         ,Colisão traseira                                                                                                                                                                                        ,Sem Vítimas,Plena Noite         ,Céu Claro           ,Dupla               ,Sim       ,Motocicleta         ,Ileso               ,75.0,Masculino           
56057,2017-07-21,RN,101.0,SAO JOSE DE MIPIBU                                          ,Falta de Atenção à Condução                                                                         ,Colisão traseira                                                                                                                                                                                        ,Sem Vítimas,Plena Noite         ,Céu Claro           ,Dupla               ,Sim       ,Automóvel           ,Não Informado       ,,Não Informado       
56139,2017-07-22,RN,304.0,RIACHUELO                                                   ,Desobediência às normas de trânsito pelo condutor                                                   ,Colisão transversal                                                                                                                                                                                     ,Com Vítimas Fatais,Plena Noite         ,Chuva               ,Simples             ,Sim       ,Ônibus              ,Ileso               ,41.0,Masculino           
56139,2017-07-22,RN,304.0,RIACHUELO                                                   ,Desobediência às normas de trânsito pelo condutor                                                   ,Colisão transversal                                                                                                                                                                                     ,Com Vítimas Fatais,Plena Noite         ,Chuva               ,Simples             ,Sim       ,Motocicleta         ,Óbito               ,0.0,Masculino           
56141,2017-07-22,RN,406.0,CEARA-MIRIM                                                 ,Defeito Mecânico no Veículo                                                                         ,Colisão traseira                                                                                                                                                                                        ,Com Vítimas Feridas,Amanhecer           ,Nublado             ,Simples             ,Não       ,Automóvel           ,Ileso               ,39.0,Masculino           
56141,2017-07-22,RN,406.0,CEARA-MIRIM                                                 ,Defeito Mecânico no Veículo                                                                         ,Colisão traseira                                                                                                                                                                                        ,Com Vítimas Feridas,Amanhecer           ,Nublado             ,Simples             ,Não       ,Automóvel           ,Ileso               ,30.0,Masculino           
56141,2017-07-22,RN,406.0,CEARA-MIRIM                                                 ,Defeito Mecânico no Veículo                                                                         ,Colisão traseira                                                                                                                                                                                        ,Com Vítimas Feridas,Amanhecer           ,Nublado             ,Simples             ,Não       ,Caminhonete         ,Ileso               ,56.0,Masculino           
56141,2017-07-22,RN,406.0,CEARA-MIRIM                                                 ,Defeito Mecânico no Veículo                                                                         ,Colisão traseira                                                                                                                                                                                        ,Com Vítimas Feridas,Amanhecer           ,Nublado             ,Simples             ,Não       ,Caminhonete         ,Lesões Leves        ,36.0,Feminino            
56247,2017-07-22,RN,101.0,NATAL                                                       ,Não guardar distância de segurança                                                                  ,Colisão lateral                                                                                                                                                                                         ,Com Vítimas Feridas,Pleno dia           ,Céu Claro           ,Dupla               ,Sim       ,Motocicleta         ,Lesões Leves        ,22.0,Masculino           
56247,2017-07-22,RN,101.0,NATAL                                                       ,Não guardar distância de segurança                                                                  ,Colisão lateral                                                                                                                                                                                         ,Com Vítimas Feridas,Pleno dia           ,Céu Claro           ,Dupla               ,Sim       ,Motocicleta         ,Lesões Leves        ,19.0,Feminino            
56247,2017-07-22,RN,101.0,NATAL                                                       ,Não guardar distância de segurança                                                                  ,Colisão lateral                                                                                                                                                                                         ,Com Vítimas Feridas,Pleno dia           ,Céu Claro           ,Dupla               ,Sim       ,Automóvel           ,Ileso               ,62.0,Feminino            