id,data_inversa,uf,br,municipio,causa_acidente,tipo_acidente,classificacao_acidente,fase_dia,condicao_metereologica,tipo_pista,uso_solo,tipo_veiculo,estado_fisico,idade,sexo
58751,2017-06-27,RN,110.0,AREIA BRANCA                                                ,Falta de Atenção à Condução                                                                         ,Colisão traseira                                                                                                                                                                                        ,Com Vítimas Feridas,Pleno dia           ,Ignorado            ,Simples             ,Sim       ,Motocicleta         ,Ileso               ,,Não Informado       
58776,2017-08-01,RN,101.0,NATAL                                                       ,Falta de Atenção à Condução                                                                         ,Atropelamento de Animal                                                                                                                                                                                 ,Com Vítimas Feridas,Pleno dia           ,Céu Claro           ,Dupla               ,Sim       ,Motocicleta         ,Lesões Leves        ,25.0,Feminino            
58776,2017-08-01,RN,101.0,NATAL                                                       ,Falta de Atenção à Condução                                                                         ,Atropelamento de Animal                                                                                                                                                                                 ,Com Vítimas Feridas,Pleno dia           ,Céu Claro           ,Dupla               ,Sim       ,Motocicleta         ,Ileso               ,24.0,Masculino           
58822,2017-08-01,RN,226.0,LAJES PINTADAS                                              ,Falta de Atenção à Condução                                                                         ,Colisão lateral                                                                                                                                                                                         ,Com Vítimas Feridas,Pleno dia           ,Céu Claro           ,Simples             ,Não       ,Automóvel           ,Lesões Graves       ,39.0,Feminino            
58822,2017-08-01,RN,226.0,LAJES PINTADAS                                              ,Falta de Atenção à Condução                                                                         ,Colisão lateral                                                                                                                                                                                         ,Com Vítimas Feridas,Pleno dia           ,Céu Claro           ,Simples             ,Não       ,Automóvel           ,Lesões Leves        ,35.0,Masculino           
58822,2017-08-01,RN,226.0,LAJES PINTADAS                                              ,Falta de Atenção à Condução                                                                         ,Colisão lateral                                                                                                                                                                                         ,Com Vítimas Feridas,Pleno dia           ,Céu Claro           ,Simples             ,Não       ,Caminhonete         ,Lesões Leves        ,33.0,Feminino            
58926,2017-08-01,RN,406.0,CEARA-MIRIM                                                 ,Ingestão de Álcool                                                                                  ,Colisão frontal                                                                                                                                                                                         ,Com Vítimas Feridas,Plena Noite         ,Céu Claro           ,Simples             ,Sim       ,Caminhão            ,Ileso               ,71.0,Masculino           
58926,2017-08-01,RN,406.0,CEARA-MIRIM                                                 ,Ingestão de Álcool                                                                                  ,Colisão frontal                                                                                                                                                                                         ,Com Vítimas Feridas,Plena Noite         ,Céu Claro           ,Simples             ,Sim       ,Motocicleta         ,Lesões Leves        ,26.0,Masculino           
58926,2017-08-01,RN,406.0,CEARA-MIRIM                                                 ,Ingestão de Álcool                                                                                  ,Colisão frontal                                                                                                                                                                                         ,Com Vítimas Feridas,Plena Noite         ,Céu Claro           ,Simples             ,Sim       ,Motocicleta         ,Lesões Leves        ,29.0,Masculino           
59052,2017-08-02,RN,226.0,PATU                                                        ,Ingestão de Álcool                                                                                  ,Saída de leito carroçável                                                                                                                                                                               ,Com Vítimas Feridas,Pleno dia           ,Sol                 ,Simples             ,Não       ,Automóvel           ,Lesões Leves        ,44.0,Masculino           
59223,2017-08-03,RN,304.0,MOSSORO                                                     ,Não guardar distância de segurança                                                                  ,Colisão traseira                                                                                                                                                                                        ,Com Vítimas Feridas,Pleno dia           ,Sol                 ,Dupla               ,Não       ,Ciclomotor          ,Lesões Leves        ,25.0,Masculino           
59223,2017-08-03,RN,304.0,MOSSORO                                                     ,Não guardar distância de segurança                                                                  ,Colisão traseira                                                                                                                                                                                        ,Com Vítimas Feridas,Pleno dia           ,Sol                 ,Dupla               ,Não       ,Ciclomotor          ,Lesões Leves        ,32.0,Masculino           
59223,2017-08-03,RN,304.0,MOSSORO                                                     ,Não guardar distância de segurança                                                                  ,Colisão traseira                                                                                                                                                                                        ,Com Vítimas Feridas,Pleno dia           ,Sol                 ,Dupla               ,Não       ,Motocicleta         ,Lesões Leves        ,32.0,Masculino           
59396,2017-08-04,RN,101.0,NATAL                                                       ,Não guardar distância de segurança                                                                  ,Colisão traseira                                                                                                                                                                                        ,Com Vítimas Feridas,Pleno dia           ,Céu Claro           ,Dupla               ,Sim       ,Motocicleta         ,Lesões Leves        ,26.0,Masculino           
59396,2017-08-04,RN,101.0,NATAL                                                       ,Não guardar distância de segurança                                                                  ,Colisão traseira                                                                                                                                                                                        ,Com Vítimas Feridas,Pleno dia           ,Céu Claro           ,Dupla               ,Sim       ,Automóvel           ,Ileso               ,55.0,Masculino           
59406,2017-08-04,RN,101.0,PARNAMIRIM                                                  ,Falta de Atenção à Condução                                                                         ,Colisão lateral                                                                                                                                                                                         ,Com Vítimas Feridas,Pleno dia           ,Sol                 ,Dupla               ,Sim       ,Motocicleta         ,Lesões Leves        ,50.0,Masculino           
59406,2017-08-04,RN,101.0,PARNAMIRIM                                                  ,Falta de Atenção à Condução                                                                         ,Colisão lateral                                                                                                                                                                                         ,Com Vítimas Feridas,Pleno dia           ,Sol                 ,Dupla               ,Sim       ,Caminhonete         ,Ileso               ,32.0,Masculino           
59425,2017-08-04,RN,101.0,NATAL                                                       ,Falta de Atenção à Condução                                                                         ,Colisão transversal                                                                                                                                                                                     ,Com Vítimas Feridas,Pleno dia           ,Céu Claro           ,Dupla               ,Sim       ,Automóvel           ,Ileso               ,36.0,Masculino           
59425,2017-08-04,RN,101.0,NATAL                                                       ,Falta de Atenção à Condução                                                                         ,Colisão transversal                                                                                                                                                                                     ,Com Vítimas Feridas,Pleno dia           ,Céu Claro           ,Dupla               ,Sim       ,Automóvel           ,Não Informado       ,,Não Informado       
59425,2017-08-04,RN,101.0,NATAL                                                       ,Falta de Atenção à Condução                                                                         ,Colisão transversal                                                                                                                                                                                     ,Com Vítimas Feridas,Pleno dia           ,Céu Claro           ,Dupla               ,Sim       ,Automóvel           ,Lesões Leves        ,54.0,Masculino           
59446,2017-08-04,RN,226.0,NATAL                                                       ,Falta de Atenção à Condução                                                                         ,Colisão transversal                                                                                                                                                                                     ,Com Vítimas Feridas,Pleno dia           ,Céu Claro           ,Simples             ,Sim       ,Camioneta           ,Ileso               ,29.0,Feminino            
59446,2017-08-04,RN,226.0,NATAL                                                       ,Falta de Atenção à Condução                                                                         ,Colisão transversal                                                                                                                                                                                     ,Com Vítimas Feridas,Pleno dia           ,Céu Claro           ,Simples             ,Sim       ,Motocicleta         ,Lesões Leves        ,43.0,Masculino           
59452,2017-08-04,RN,406.0,SAO GONCALO DO AMARANTE                                     ,Falta de Atenção à Condução                                                                         ,Colisão transversal                                                                                                                                                                                     ,Com Vítimas Feridas,Pleno dia           ,Céu Claro           ,Simples             ,Não       ,Automóvel           ,Lesões Leves        ,51.0,Masculino           
59452,2017-08-04,RN,406.0,SAO GONCALO DO AMARANTE                                     ,Falta de Atenção à Condução                                                                         ,Colisão transversal                                                                                                                                                                                     ,Com Vítimas Feridas,Pleno dia           ,Céu Claro           ,Simples             ,Não       ,Automóvel           ,Ileso               ,38.0,Masculino           
59566,2017-08-04,RN,101.0,NATAL                                                       ,Falta de Atenção do Pedestre                                                                        ,Atropelamento de Pedestre                                                                                                                                                                               ,Com Vítimas Feridas,Plena Noite         ,Céu Claro           ,Múltipla            ,Sim       ,Motocicleta         ,Lesões Graves       ,44.0,Feminino            
59566,2017-08-04,RN,101.0,NATAL                                                       ,Falta de Atenção do Pedestre                                                                        ,Atropelamento de Pedestre                                                                                                                                                                               ,Com Vítimas Feridas,Plena Noite         ,Céu Claro           ,Múltipla            ,Sim       ,Motocicleta         ,Não Informado       ,,Não Informado       
59593,2017-08-04,RN,406.0,CEARA-MIRIM                                                 ,Falta de Atenção do Pedestre                                                                        ,Atropelamento de Pedestre                                                                                                                                                                               ,Com Vítimas Feridas,Plena Noite         ,Céu Claro           ,Simples             ,Sim       ,Motocicleta         ,Lesões Leves        ,30.0,Masculino           
59593,2017-08-04,RN,406.0,CEARA-MIRIM                                                 ,Falta de Atenção do Pedestre                                                                        ,Atropelamento de Pedestre                                                                                                                                                                               ,Com Vítimas Feridas,Plena Noite         ,Céu Claro           ,Simples             ,Sim       ,Motocicleta         ,Ileso               ,,Ignorado            
59733,2017-08-05,RN,101.0,PARNAMIRIM                                                  ,Não guardar distância de segurança                                                                  ,Tombamento                                                                                                                                                                                              ,Com Vítimas Feridas,Pleno dia           ,Céu Claro           ,Dupla               ,Sim       ,Motocicleta         ,Lesões Leves        ,35.0,Masculino           
59790,2017-08-05,RN,405.0,SAO FRANCISCO DO OESTE                                      ,Falta de Atenção à Condução                                                                         ,Colisão com objeto estático                                                                                                                                                                             ,Com Vítimas Feridas,Pleno dia           ,Céu Claro           ,Simples             ,Não       ,Caminhonete         ,Lesões Leves        ,40.0,Masculino           
59790,2017-08-05,RN,405.0,SAO FRANCISCO DO OESTE                                      ,Falta de Atenção à Condução                                                                         ,Colisão com objeto estático                                                                                                                                                                             ,Com Vítimas Feridas,Pleno dia           ,Céu Claro           ,Simples             ,Não       ,Caminhonete         ,Lesões Leves        ,22.0,Masculino           
59883,2017-08-05,RN,226.0,MACAIBA                                                     ,Desobediência às normas de trânsito pelo condutor                                                   ,Colisão traseira                                                                                                                                                                                        ,Com Vítimas Feridas,Pleno dia           ,Céu Claro           ,Simples             ,Sim       ,Automóvel           ,Lesões Leves        ,29.0,Masculino           
59883,2017-08-05,RN,226.0,MACAIBA                                                     ,Desobediência às normas de trânsito pelo condutor                                                   ,Colisão traseira                                                                                                                                                                                        ,Com Vítimas Feridas,Pleno dia           ,Céu Claro           ,Simples             ,Sim       ,Automóvel           ,Lesões Leves        ,26.0,Masculino           
59883,2017-08-05,RN,226.0,MACAIBA                                                     ,Desobediência às normas de trânsito pelo condutor                                                   ,Colisão traseira                                                                                                                                                                                        ,Com Vítimas Feridas,Pleno dia           ,Céu Claro           ,Simples             ,Sim       ,Automóvel           ,Ileso               ,22.0,Masculino           
60021,2017-08-06,RN,304.0,MOSSORO                                                     ,Ingestão de Álcool                                                                                  ,Colisão com objeto em movimento                                                                                                                                                                         ,Com Vítimas Feridas,Pleno dia           ,Céu Claro           ,Dupla               ,Sim       ,Bicicleta           ,Lesões Graves       ,,Masculino           
60021,2017-08-06,RN,304.0,MOSSORO                                                     ,Ingestão de Álcool                                                                                  ,Colisão com objeto em movimento                                                                                                                                                                         ,Com Vítimas Feridas,Pleno dia           ,Céu Claro           ,Dupla               ,Sim       ,Utilitário          ,Ileso               ,54.0,Masculino           
60191,2017-08-07,RN,110.0,MOSSORO                                                     ,Ingestão de Álcool                                                                                  ,Colisão com objeto estático                                                                                                                                                                             ,Com Vítimas Feridas,Plena Noite         ,Nublado             ,Dupla               ,Sim       ,Ciclomotor          ,Lesões Leves        ,24.0,Feminino            
60247,2017-08-07,RN,101.0,NATAL                                                       ,Falta de Atenção à Condução                                                                         ,Colisão lateral                                                                                                                                                                                         ,Sem Vítimas,Pleno dia           ,Céu Claro           ,Dupla               ,Sim       ,Automóvel           ,Ileso               ,42.0,Masculino           
60247,2017-08-07,RN,101.0,NATAL                                                       ,Falta de Atenção à Condução                                                                         ,Colisão lateral                                                                                                                                                                                         ,Sem Vítimas,Pleno dia           ,Céu Claro           ,Dupla               ,Sim       ,Automóvel           ,Ileso               ,42.0,Masculino           
60307,2017-08-07,RN,405.0,APODI                                                       ,Falta de Atenção à Condução                                                                         ,Colisão lateral                                                                                                                                                                                         ,Com Vítimas Feridas,Pleno dia           ,Céu Claro           ,Simples             ,Não       ,Automóvel           ,Lesões Graves       ,42.0,Masculino           
60307,2017-08-07,RN,405.0,APODI                                                       ,Falta de Atenção à Condução                                                                         ,Colisão lateral                                                                                                                                                                                         ,Com Vítimas Feridas,Pleno dia           ,Céu Claro           ,Simples             ,Não       ,Caminhão-trator     ,Ileso               ,44.0,Masculino           
60370,2017-08-07,RN,101.0,PARNAMIRIM                                                  ,Ingestão de Álcool                                                                                  ,Colisão traseira                                                                                                                                                                                        ,Sem Vítimas,Plena Noite         ,Nublado             ,Dupla               ,Sim       ,Automóvel           ,Ileso               ,35.0,Feminino            
60370,2017-08-07,RN,101.0,PARNAMIRIM                                                  ,Ingestão de Álcool                                                                                  ,Colisão traseira                                                                                                                                                                                        ,Sem Vítimas,Plena Noite         ,Nublado             ,Dupla               ,Sim       ,Automóvel           ,Ileso               ,53.0,Masculino           
60395,2017-08-07,RN,226.0,NATAL                                                       ,Velocidade Incompatível                                                                             ,Colisão traseira                                                                                                                                                                                        ,Sem Vítimas,Plena Noite         ,Céu Claro           ,Dupla               ,Sim       ,Motocicleta         ,Ileso               ,21.0,Masculino           
60395,2017-08-07,RN,226.0,NATAL                                                       ,Velocidade Incompatível                                                                             ,Colisão traseira                                                                                                                                                                                        ,Sem Vítimas,Plena Noite         ,Céu Claro           ,Dupla               ,Sim       ,Motocicleta         ,Ileso               ,19.0,Masculino           
60395,2017-08-07,RN,226.0,NATAL                                                       ,Velocidade Incompatível                                                                             ,Colisão traseira                                                                                                                                                                                        ,Sem Vítimas,Plena Noite         ,Céu Claro           ,Dupla               ,Sim       ,Automóvel           ,Ileso               ,35.0,Masculino           
60395,2017-08-07,RN,226.0,NATAL                                                       ,Velocidade Incompatível                                                                             ,Colisão traseira                                                                                                                                                                                        ,Sem Vítimas,Plena Noite         ,Céu Claro           ,Dupla               ,Sim       ,Camioneta           ,Ileso               ,37.0,Masculino           
60579,2017-06-23,RN,101.0,SAO JOSE DE MIPIBU                                          ,Não guardar distância de segurança                                                                  ,Colisão traseira                                                                                                                                                                                        ,Com Vítimas Feridas,Pleno dia           ,Céu Claro           ,Dupla               ,Sim       ,Automóvel           ,Ileso               ,,Masculino           
60579,2017-06-23,RN,101.0,SAO JOSE DE MIPIBU                                          ,Não guardar distância de segurança                                                                  ,Colisão traseira                                                                                                                                                                                        ,Com Vítimas Feridas,Pleno dia           ,Céu Claro           ,Dupla               ,Sim       ,Motocicleta         ,Lesões Graves       ,,Masculino           
60628,2017-08-08,RN,110.0,UPANEMA                                                     ,Animais na Pista                                                                                    ,Atropelamento de Animal                                                                                                                                                                                 ,Sem Vítimas,Plena Noite         ,Céu Claro           ,Simples             ,Não       ,Automóvel           ,Não Informado       ,,Não Informado       
60639,2017-08-08,RN,110.0,MOSSORO                                                     ,Falta de Atenção à Condução                                                                         ,Colisão com objeto estático                                                                                                                                                                             ,Com Vítimas Fatais,Plena Noite         ,Ignorado            ,Dupla               ,Sim       ,Motocicleta         ,Óbito               ,32.0,Masculino           
60681,2017-01-17,RN,101.0,NATAL                                                       ,Falta de Atenção à Condução                                                                         ,Colisão traseira                                                                                                                                                                                        ,Com Vítimas Feridas,Pleno dia           ,Céu Claro           ,Dupla               ,Sim       ,Motocicleta         ,Lesões Leves        ,38.0,Feminino            
60681,2017-01-17,RN,101.0,NATAL                                                       ,Falta de Atenção à Condução                                                                         ,Colisão traseira                                                                                                                                                                                        ,Com Vítimas Feridas,Pleno dia           ,Céu Claro           ,Dupla               ,Sim       ,Motocicleta         ,Ileso               ,32.0,Masculino           
60681,2017-01-17,RN,101.0,NATAL                                                       ,Falta de Atenção à Condução                                                                         ,Colisão traseira                                                                                                                                                                                        ,Com Vítimas Feridas,Pleno dia           ,Céu Claro           ,Dupla               ,Sim       ,Motocicleta         ,Não Informado       ,,Não Informado       
60681,2017-01-17,RN,101.0,NATAL                                                       ,Falta de Atenção à Condução                                                                         ,Colisão traseira                                                                                                                                                                                        ,Com Vítimas Feridas,Pleno dia           ,Céu Claro           ,Dupla               ,Sim       ,Automóvel           ,Ileso               ,33.0,Masculino           
60714,2017-08-09,RN,226.0,MESSIAS TARGINO                                             ,Falta de Atenção à Condução                                                                         ,Capotamento                                                                                                                                                                                             ,Com Vítimas Feridas,Pleno dia           ,Céu Claro           ,Simples             ,Não       ,Automóvel           ,Lesões Graves       ,77.0,Masculino           
60714,2017-08-09,RN,226.0,MESSIAS TARGINO                                             ,Falta de Atenção à Condução                                                                         ,Capotamento                                                                                                                                                                                             ,Com Vítimas Feridas,Pleno dia           ,Céu Claro           ,Simples             ,Não       ,Automóvel           ,Lesões Leves        ,49.0,Feminino            
60714,2017-08-09,RN,226.0,MESSIAS TARGINO                                             ,Falta de Atenção à Condução                                                                         ,Capotamento                                                                                                                                                                                             ,Com Vítimas Feridas,Pleno dia           ,Céu Claro           ,Simples             ,Não       ,Automóvel           ,Lesões Leves        ,24.0,Feminino            
60715,2017-08-09,RN,304.0,MOSSORO                                                     ,Falta de Atenção à Condução                                                                         ,Colisão transversal                                                                                                                                                                                     ,Com Vítimas Feridas,Pleno dia           ,Céu Claro           ,Dupla               ,Não       ,Automóvel           ,Ileso               ,49.0,Masculino           
60715,2017-08-09,RN,304.0,MOSSORO                                                     ,Falta de Atenção à Condução                                                                         ,Colisão transversal                                                                                                                                                                                     ,Com Vítimas Feridas,Pleno dia           ,Céu Claro           ,Dupla               ,Não       ,Motoneta            ,Lesões Graves       ,28.0,Feminino            
60715,2017-08-09,RN,304.0,MOSSORO                                                     ,Falta de Atenção à Condução                                                                         ,Colisão transversal                                                                                                                                                                                     ,Com Vítimas Feridas,Pleno dia           ,Céu Claro           ,Dupla               ,Não       ,Caminhão            ,Não Informado       ,,Não Informado       
60749,2017-08-09,RN,101.0,NATAL                                                       ,Não guardar distância de segurança                                                                  ,Colisão traseira                                                                                                                                                                                        ,Com Vítimas Feridas,Pleno dia           ,Céu Claro           ,Dupla               ,Sim       ,Motocicleta         ,Lesões Leves        ,37.0,Masculino           
60749,2017-08-09,RN,101.0,NATAL                                                       ,Não guardar distância de segurança                                                                  ,Colisão traseira                                                                                                                                                                                        ,Com Vítimas Feridas,Pleno dia           ,Céu Claro           ,Dupla               ,Sim       ,Automóvel           ,Ileso               ,42.0,Masculino           
60749,2017-08-09,RN,101.0,NATAL                                                       ,Não guardar distância de segurança                                                                  ,Colisão traseira                                                                                                                                                                                        ,Com Vítimas Feridas,Pleno dia           ,Céu Claro           ,Dupla               ,Sim       ,Automóvel           ,Ileso               ,38.0,Masculino           
60958,2017-08-10,RN,406.0,SAO GONCALO DO AMARANTE                                     ,Falta de Atenção do Pedestre                                                                        ,Atropelamento de Pedestre                                                                                                                                                                               ,Com Vítimas Feridas,Pleno dia           ,Céu Claro           ,Dupla               ,Não       ,Motocicleta         ,Lesões Graves       ,16.0,Masculino           
60958,2017-08-10,RN,406.0,SAO GONCALO DO AMARANTE                                     ,Falta de Atenção do Pedestre                                                                        ,Atropelamento de Pedestre                                                                                                                                                                               ,Com Vítimas Feridas,Pleno dia           ,Céu Claro           ,Dupla               ,Não       ,Motocicleta         ,Ileso               ,,Masculino           
61312,2017-08-11,RN,406.0,JOAO CAMARA                                                 ,Ingestão de Álcool                                                                                  ,Colisão traseira                                                                                                                                                                                        ,Sem Vítimas,Plena Noite         ,Céu Claro           ,Simples             ,Sim       ,Automóvel           ,Ileso               ,26.0,Masculino           
61312,2017-08-11,RN,406.0,JOAO CAMARA                                                 ,Ingestão de Álcool                                                                                  ,Colisão traseira                                                                                                                                                                                        ,Sem Vítimas,Plena Noite         ,Céu Claro           ,Simples             ,Sim       ,Automóvel           ,Ileso               ,35.0,Masculino           
61315,2017-08-11,RN,226.0,CURRAIS NOVOS                                               ,Falta de Atenção à Condução                                                                         ,Colisão lateral                                                                                                                                                                                         ,Sem Vítimas,Plena Noite         ,Céu Claro           ,Simples             ,Não       ,Automóvel           ,Não Informado       ,,Não Informado       
61315,2017-08-11,RN,226.0,CURRAIS NOVOS                                               ,Falta de Atenção à Condução                                                                         ,Colisão lateral                                                                                                                                                                                         ,Sem Vítimas,Plena Noite         ,Céu Claro           ,Simples             ,Não       ,Caminhonete         ,Ileso               ,62.0,Masculino           
61316,2017-08-11,RN,226.0,CURRAIS NOVOS                                               ,Falta de Atenção à Condução                                                                         ,Danos eventuais                                                                                                                                                                                         ,Com Vítimas Feridas,Plena Noite         ,Céu Claro           ,Simples             ,Não       ,Bicicleta           ,Lesões Leves        ,34.0,Masculino           
61324,2017-08-11,RN,405.0,MOSSORO                                                     ,Ingestão de Álcool                                                                                  ,Colisão traseira                                                                                                                                                                                        ,Com Vítimas Feridas,Plena Noite         ,Céu Claro           ,Dupla               ,Sim       ,Automóvel           ,Lesões Leves        ,48.0,Masculino           
61324,2017-08-11,RN,405.0,MOSSORO                                                     ,Ingestão de Álcool                                                                                  ,Colisão traseira                                                                                                                                                                                        ,Com Vítimas Feridas,Plena Noite         ,Céu Claro           ,Dupla               ,Sim       ,Caminhonete         ,Ileso               ,27.0,Masculino           
61324,2017-08-11,RN,405.0,MOSSORO                                                     ,Ingestão de Álcool                                                                                  ,Colisão traseira                                                                                                                                                                                        ,Com Vítimas Feridas,Plena Noite         ,Céu Claro           ,Dupla               ,Sim       ,Automóvel           ,Lesões Leves        ,49.0,Masculino           
61327,2017-08-11,RN,304.0,MOSSORO                                                     ,Não guardar distância de segurança                                                                  ,Colisão lateral                                                                                                                                                                                         ,Com Vítimas Feridas,Plena Noite         ,Céu Claro           ,Dupla               ,Sim       ,Motocicleta         ,Lesões Graves       ,28.0,Feminino            
61327,2017-08-11,RN,304.0,MOSSORO                                                     ,Não guardar distância de segurança                                                                  ,Colisão lateral                                                                                                                                                                                         ,Com Vítimas Feridas,Plena Noite         ,Céu Claro           ,Dupla               ,Sim       ,Ônibus              ,Ileso               ,,Ignorado            
61335,2017-08-11,RN,406.0,SAO GONCALO DO AMARANTE                                     ,Falta de Atenção à Condução                                                                         ,Colisão traseira                                                                                                                                                                                        ,Com Vítimas Fatais,Plena Noite         ,Céu Claro           ,Simples             ,Não       ,Ciclomotor          ,Óbito               ,23.0,Masculino           
61335,2017-08-11,RN,406.0,SAO GONCALO DO AMARANTE                                     ,Falta de Atenção à Condução                                                                         ,Colisão traseira                                                                                                                                                                                        ,Com Vítimas Fatais,Plena Noite         ,Céu Claro           ,Simples             ,Não       ,Outros              ,Não Informado       ,,Não Informado       
61445,2017-08-12,RN,101.0,NATAL                                                       ,Mal Súbito                                                                                          ,Colisão com objeto estático                                                                                                                                                                             ,Com Vítimas Feridas,Pleno dia           ,Sol                 ,Dupla               ,Sim       ,Automóvel           ,Lesões Leves        ,22.0,Masculino           
61492,2017-08-12,RN,101.0,NATAL                                                       ,Velocidade Incompatível                                                                             ,Colisão com objeto estático                                                                                                                                                                             ,Com Vítimas Feridas,Pleno dia           ,Céu Claro           ,Dupla               ,Sim       ,Motocicleta         ,Lesões Graves       ,27.0,Masculino           
61495,2017-08-12,RN,101.0,PARNAMIRIM                                                  ,Não guardar distância de segurança                                                                  ,Colisão traseira                                                                                                                                                                                        ,Com Vítimas Feridas,Pleno dia           ,Sol                 ,Dupla               ,Sim       ,Motocicleta         ,Lesões Graves       ,28.0,Feminino            
61495,2017-08-12,RN,101.0,PARNAMIRIM                                                  ,Não guardar distância de segurança                                                                  ,Colisão traseira                                                                                                                                                                                        ,Com Vítimas Feridas,Pleno dia           ,Sol                 ,Dupla               ,Sim       ,Motocicleta         ,Lesões Leves        ,29.0,Masculino           
61495,2017-08-12,RN,101.0,PARNAMIRIM                                                  ,Não guardar distância de segurança                                                                  ,Colisão traseira                                                                                                                                                                                        ,Com Vítimas Feridas,Pleno dia           ,Sol                 ,Dupla               ,Sim       ,Camioneta           ,Ileso               ,38.0,Masculino           
61601,2017-08-12,RN,101.0,NATAL                                                       ,Pista Escorregadia                                                                                  ,Colisão com objeto estático                                                                                                                                                                             ,Com Vítimas Fatais,Plena Noite         ,Céu Claro           ,Múltipla            ,Sim       ,Motocicleta         ,Óbito               ,23.0,Masculino           
61603,2017-08-12,RN,226.0,CURRAIS NOVOS                                               ,Animais na Pista                                                                                    ,Atropelamento de Animal                                                                                                                                                                                 ,Com Vítimas Feridas,Plena Noite         ,Céu Claro           ,Simples             ,Não       ,Motocicleta         ,Lesões Graves       ,25.0,Masculino           
61870,2017-08-13,RN,406.0,CEARA-MIRIM                                                 ,Animais na Pista                                                                                    ,Colisão traseira                                                                                                                                                                                        ,Com Vítimas Feridas,Pleno dia           ,Céu Claro           ,Simples             ,Não       ,Automóvel           ,Lesões Leves        ,22.0,Feminino            
61870,2017-08-13,RN,406.0,CEARA-MIRIM                                                 ,Animais na Pista                                                                                    ,Colisão traseira                                                                                                                                                                                        ,Com Vítimas Feridas,Pleno dia           ,Céu Claro           ,Simples             ,Não       ,Automóvel           ,Ileso               ,39.0,Masculino           
61870,2017-08-13,RN,406.0,CEARA-MIRIM                                                 ,Animais na Pista                                                                                    ,Colisão traseira                                                                                                                                                                                        ,Com Vítimas Feridas,Pleno dia           ,Céu Claro           ,Simples             ,Não       ,Automóvel           ,Ileso               ,,Masculino           
61906,2017-08-13,RN,101.0,SAO JOSE DE MIPIBU                                          ,Ingestão de Álcool                                                                                  ,Colisão lateral                                                                                                                                                                                         ,Com Vítimas Feridas,Plena Noite         ,Céu Claro           ,Dupla               ,Não       ,Automóvel           ,Ileso               ,27.0,Masculino           
61906,2017-08-13,RN,101.0,SAO JOSE DE MIPIBU                                          ,Ingestão de Álcool                                                                                  ,Colisão lateral                                                                                                                                                                                         ,Com Vítimas Feridas,Plena Noite         ,Céu Claro           ,Dupla               ,Não       ,Automóvel           ,Ileso               ,51.0,Feminino            
61906,2017-08-13,RN,101.0,SAO JOSE DE MIPIBU                                          ,Ingestão de Álcool                                                                                  ,Colisão lateral                                                                                                                                                                                         ,Com Vítimas Feridas,Plena Noite         ,Céu Claro           ,Dupla               ,Não       ,Automóvel           ,Ileso               ,54.0,Masculino           
61906,2017-08-13,RN,101.0,SAO JOSE DE MIPIBU                                          ,Ingestão de Álcool                                                                                  ,Colisão lateral                                                                                                                                                                                         ,Com Vítimas Feridas,Plena Noite         ,Céu Claro           ,Dupla               ,Não       ,Automóvel           ,Ileso               ,27.0,Masculino           
61906,2017-08-13,RN,101.0,SAO JOSE DE MIPIBU                                          ,Ingestão de Álcool                                                                                  ,Colisão lateral                                                                                                                                                                                         ,Com Vítimas Feridas,Plena Noite         ,Céu Claro           ,Dupla               ,Não       ,Ciclomotor          ,Lesões Graves       ,26.0,Masculino           
61947,2017-08-13,RN,304.0,MOSSORO                                                     ,Ingestão de Álcool                                                                                  ,Colisão transversal                                                                                                                                                                                     ,Com Vítimas Feridas,Plena Noite         ,Céu Claro           ,Dupla               ,Sim       ,Bicicleta           ,Não Informado       ,,Não Informado       
61947,2017-08-13,RN,304.0,MOSSORO                                                     ,Ingestão de Álcool                                                                                  ,Colisão transversal                                                                                                                                                                                     ,Com Vítimas Feridas,Plena Noite         ,Céu Claro           ,Dupla               ,Sim       ,Motocicleta         ,Lesões Graves       ,30.0,Masculino           
62007,2017-08-13,RN,405.0,APODI                                                       ,Ingestão de Álcool                                                                                  ,Colisão frontal                                                                                                                                                                                         ,Com Vítimas Feridas,Plena Noite         ,Céu Claro           ,Dupla               ,Sim       ,Motoneta            ,Lesões Graves       ,16.0,Masculino           
62007,2017-08-13,RN,405.0,APODI                                                       ,Ingestão de Álcool                                                                                  ,Colisão frontal                                                                                                                                                                                         ,Com Vítimas Feridas,Plena Noite         ,Céu Claro           ,Dupla               ,Sim       ,Caminhonete         ,Ileso               ,45.0,Masculino           
62081,2017-08-14,RN,226.0,NATAL                                                       ,Animais na Pista                                                                                    ,Atropelamento de Animal                                                                                                                                                                                 ,Com Vítimas Feridas,Amanhecer           ,Céu Claro           ,Dupla               ,Sim       ,Motocicleta         ,Lesões Graves       ,46.0,Masculino           