id,data_inversa,uf,br,municipio,causa_acidente,tipo_acidente,classificacao_acidente,fase_dia,condicao_metereologica,tipo_pista,uso_solo,tipo_veiculo,estado_fisico,idade,sexo
68348,2017-09-07,RN,101.0,PARNAMIRIM                                                  ,Falta de Atenção à Condução                                                                         ,Colisão traseira                                                                                                                                                                                        ,Com Vítimas Feridas,Pleno dia           ,Nublado             ,Múltipla            ,Sim       ,Ônibus              ,Ileso               ,32.0,Masculino           
68348,2017-09-07,RN,101.0,PARNAMIRIM                                                  ,Falta de Atenção à Condução                                                                         ,Colisão traseira                                                                                                                                                                                        ,Com Vítimas Feridas,Pleno dia           ,Nublado             ,Múltipla            ,Sim       ,Motocicleta         ,Lesões Graves       ,29.0,Masculino           
68459,2017-09-07,RN,226.0,NATAL                                                       ,Animais na Pista                                                                                    ,Atropelamento de Animal                                                                                                                                                                                 ,Com Vítimas Feridas,Anoitecer           ,Céu Claro           ,Simples             ,Sim       ,Motocicleta         ,Lesões Leves        ,53.0,Masculino           
68473,2017-09-07,RN,110.0,MOSSORO                                                     ,Falta de Atenção à Condução                                                                         ,Queda de ocupante de veículo                                                                                                                                                                            ,Com Vítimas Feridas,Plena Noite         ,Céu Claro           ,Simples             ,Sim       ,Motocicleta         ,Ileso               ,28.0,Masculino           
68473,2017-09-07,RN,110.0,MOSSORO                                                     ,Falta de Atenção à Condução                                                                         ,Queda de ocupante de veículo                                                                                                                                                                            ,Com Vítimas Feridas,Plena Noite         ,Céu Claro           ,Simples             ,Sim       ,Motocicleta         ,Lesões Leves        ,29.0,Feminino            
68603,2017-09-08,RN,226.0,CURRAIS NOVOS                                               ,Falta de Atenção à Condução                                                                         ,Colisão lateral                                                                                                                                                                                         ,Com Vítimas Feridas,Pleno dia           ,Céu Claro           ,Simples             ,Sim       ,Automóvel           ,Lesões Leves        ,64.0,Feminino            
68603,2017-09-08,RN,226.0,CURRAIS NOVOS                                               ,Falta de Atenção à Condução                                                                         ,Colisão lateral                                                                                                                                                                                         ,Com Vítimas Feridas,Pleno dia           ,Céu Claro           ,Simples             ,Sim       ,Automóvel           ,Ileso               ,49.0,Masculino           
68603,2017-09-08,RN,226.0,CURRAIS NOVOS                                               ,Falta de Atenção à Condução                                                                         ,Colisão lateral                                                                                                                                                                                         ,Com Vítimas Feridas,Pleno dia           ,Céu Claro           ,Simples             ,Sim       ,Automóvel           ,Ileso               ,52.0,Masculino           
68704,2017-09-08,RN,110.0,GOVERNADOR DIX-SEPT ROSADO                                  ,Falta de Atenção à Condução                                                                         ,Capotamento                                                                                                                                                                                             ,Com Vítimas Fatais,Plena Noite         ,Céu Claro           ,Simples             ,Não       ,Automóvel           ,Lesões Graves       ,25.0,Masculino           
68704,2017-09-08,RN,110.0,GOVERNADOR DIX-SEPT ROSADO                                  ,Falta de Atenção à Condução                                                                         ,Capotamento                                                                                                                                                                                             ,Com Vítimas Fatais,Plena Noite         ,Céu Claro           ,Simples             ,Não       ,Automóvel           ,Óbito               ,22.0,Masculino           
68704,2017-09-08,RN,110.0,GOVERNADOR DIX-SEPT ROSADO                                  ,Falta de Atenção à Condução                                                                         ,Capotamento                                                                                                                                                                                             ,Com Vítimas Fatais,Plena Noite         ,Céu Claro           ,Simples             ,Não       ,Automóvel           ,Lesões Leves        ,28.0,Masculino           
68704,2017-09-08,RN,110.0,GOVERNADOR DIX-SEPT ROSADO                                  ,Falta de Atenção à Condução                                                                         ,Capotamento                                                                                                                                                                                             ,Com Vítimas Fatais,Plena Noite         ,Céu Claro           ,Simples             ,Não       ,Automóvel           ,Lesões Graves       ,30.0,Masculino           
68704,2017-09-08,RN,110.0,GOVERNADOR DIX-SEPT ROSADO                                  ,Falta de Atenção à Condução                                                                         ,Capotamento                                                                                                                                                                                             ,Com Vítimas Fatais,Plena Noite         ,Céu Claro           ,Simples             ,Não       ,Automóvel           ,Lesões Graves       ,33.0,Masculino           
68704,2017-09-08,RN,110.0,GOVERNADOR DIX-SEPT ROSADO                                  ,Falta de Atenção à Condução                                                                         ,Capotamento                                                                                                                                                                                             ,Com Vítimas Fatais,Plena Noite         ,Céu Claro           ,Simples             ,Não       ,Motocicleta         ,Não Informado       ,,Não Informado       
68746,2017-09-08,RN,226.0,NATAL                                                       ,Falta de Atenção à Condução                                                                         ,Colisão transversal                                                                                                                                                                                     ,Com Vítimas Feridas,Plena Noite         ,Céu Claro           ,Simples             ,Sim       ,Motocicleta         ,Lesões Leves        ,24.0,Masculino           
68746,2017-09-08,RN,226.0,NATAL                                                       ,Falta de Atenção à Condução                                                                         ,Colisão transversal                                                                                                                                                                                     ,Com Vítimas Feridas,Plena Noite         ,Céu Claro           ,Simples             ,Sim       ,Automóvel           ,Ileso               ,55.0,Masculino           
68775,2017-09-08,RN,101.0,NATAL                                                       ,Falta de Atenção à Condução                                                                         ,Tombamento                                                                                                                                                                                              ,Com Vítimas Feridas,Plena Noite         ,Garoa/Chuvisco      ,Dupla               ,Sim       ,Motocicleta         ,Lesões Leves        ,21.0,Feminino            
68775,2017-09-08,RN,101.0,NATAL                                                       ,Falta de Atenção à Condução                                                                         ,Tombamento                                                                                                                                                                                              ,Com Vítimas Feridas,Plena Noite         ,Garoa/Chuvisco      ,Dupla               ,Sim       ,Motocicleta         ,Não Informado       ,,Não Informado       
68775,2017-09-08,RN,101.0,NATAL                                                       ,Falta de Atenção à Condução                                                                         ,Tombamento                                                                                                                                                                                              ,Com Vítimas Feridas,Plena Noite         ,Garoa/Chuvisco      ,Dupla               ,Sim       ,Automóvel           ,Não Informado       ,,Não Informado       
68911,2017-09-09,RN,101.0,PARNAMIRIM                                                  ,Falta de Atenção à Condução                                                                         ,Colisão lateral                                                                                                                                                                                         ,Sem Vítimas,Pleno dia           ,Céu Claro           ,Dupla               ,Sim       ,Automóvel           ,Ileso               ,58.0,Masculino           
68911,2017-09-09,RN,101.0,PARNAMIRIM                                                  ,Falta de Atenção à Condução                                                                         ,Colisão lateral                                                                                                                                                                                         ,Sem Vítimas,Pleno dia           ,Céu Claro           ,Dupla               ,Sim       ,Motoneta            ,Ileso               ,15.0,Masculino           
68924,2017-09-09,RN,304.0,MOSSORO                                                     ,Falta de Atenção à Condução                                                                         ,Tombamento                                                                                                                                                                                              ,Com Vítimas Feridas,Pleno dia           ,Céu Claro           ,Simples             ,Sim       ,Motocicleta         ,Lesões Leves        ,32.0,Feminino            
68924,2017-09-09,RN,304.0,MOSSORO                                                     ,Falta de Atenção à Condução                                                                         ,Tombamento                                                                                                                                                                                              ,Com Vítimas Feridas,Pleno dia           ,Céu Claro           ,Simples             ,Sim       ,Motocicleta         ,Ileso               ,32.0,Masculino           
68960,2017-09-09,RN,304.0,ACU                                                         ,Ingestão de Álcool                                                                                  ,Colisão lateral                                                                                                                                                                                         ,Sem Vítimas,Anoitecer           ,Céu Claro           ,Simples             ,Sim       ,Motocicleta         ,Ileso               ,18.0,Masculino           
68960,2017-09-09,RN,304.0,ACU                                                         ,Ingestão de Álcool                                                                                  ,Colisão lateral                                                                                                                                                                                         ,Sem Vítimas,Anoitecer           ,Céu Claro           ,Simples             ,Sim       ,Automóvel           ,Ileso               ,36.0,Masculino           
69042,2017-09-10,RN,101.0,EXTREMOZ                                                    ,Animais na Pista                                                                                    ,Atropelamento de Animal                                                                                                                                                                                 ,Com Vítimas Feridas,Plena Noite         ,Céu Claro           ,Simples             ,Não       ,Automóvel           ,Não Informado       ,,Não Informado       
69042,2017-09-10,RN,101.0,EXTREMOZ                                                    ,Animais na Pista                                                                                    ,Atropelamento de Animal                                                                                                                                                                                 ,Com Vítimas Feridas,Plena Noite         ,Céu Claro           ,Simples             ,Não       ,Automóvel           ,Não Informado       ,,Não Informado       
69042,2017-09-10,RN,101.0,EXTREMOZ                                                    ,Animais na Pista                                                                                    ,Atropelamento de Animal                                                                                                                                                                                 ,Com Vítimas Feridas,Plena Noite         ,Céu Claro           ,Simples             ,Não       ,Motocicleta         ,Lesões Graves       ,,Masculino           
69042,2017-09-10,RN,101.0,EXTREMOZ                                                    ,Animais na Pista                                                                                    ,Atropelamento de Animal                                                                                                                                                                                 ,Com Vítimas Feridas,Plena Noite         ,Céu Claro           ,Simples             ,Não       ,Motocicleta         ,Ileso               ,25.0,Masculino           
69095,2017-09-10,RN,101.0,SAO JOSE DE MIPIBU                                          ,Falta de Atenção à Condução                                                                         ,Colisão transversal                                                                                                                                                                                     ,Com Vítimas Feridas,Pleno dia           ,Nublado             ,Dupla               ,Não       ,Motocicleta         ,Lesões Leves        ,24.0,Masculino           
69095,2017-09-10,RN,101.0,SAO JOSE DE MIPIBU                                          ,Falta de Atenção à Condução                                                                         ,Colisão transversal                                                                                                                                                                                     ,Com Vítimas Feridas,Pleno dia           ,Nublado             ,Dupla               ,Não       ,Automóvel           ,Ileso               ,,Masculino           
69197,2017-09-10,RN,101.0,PARNAMIRIM                                                  ,Falta de Atenção à Condução                                                                         ,Colisão lateral                                                                                                                                                                                         ,Com Vítimas Feridas,Pleno dia           ,Céu Claro           ,Dupla               ,Sim       ,Automóvel           ,Ileso               ,30.0,Masculino           
69197,2017-09-10,RN,101.0,PARNAMIRIM                                                  ,Falta de Atenção à Condução                                                                         ,Colisão lateral                                                                                                                                                                                         ,Com Vítimas Feridas,Pleno dia           ,Céu Claro           ,Dupla               ,Sim       ,Automóvel           ,Lesões Leves        ,55.0,Feminino            
69197,2017-09-10,RN,101.0,PARNAMIRIM                                                  ,Falta de Atenção à Condução                                                                         ,Colisão lateral                                                                                                                                                                                         ,Com Vítimas Feridas,Pleno dia           ,Céu Claro           ,Dupla               ,Sim       ,Automóvel           ,Ileso               ,28.0,Masculino           
69229,2017-09-10,RN,101.0,RIO DO FOGO                                                 ,Defeito Mecânico no Veículo                                                                         ,Capotamento                                                                                                                                                                                             ,Com Vítimas Feridas,Pleno dia           ,Céu Claro           ,Simples             ,Não       ,Automóvel           ,Lesões Leves        ,,Feminino            
69259,2017-09-10,RN,406.0,SAO GONCALO DO AMARANTE                                     ,Ingestão de Álcool                                                                                  ,Colisão traseira                                                                                                                                                                                        ,Com Vítimas Feridas,Plena Noite         ,Céu Claro           ,Dupla               ,Sim       ,Caminhonete         ,Ileso               ,58.0,Masculino           
69259,2017-09-10,RN,406.0,SAO GONCALO DO AMARANTE                                     ,Ingestão de Álcool                                                                                  ,Colisão traseira                                                                                                                                                                                        ,Com Vítimas Feridas,Plena Noite         ,Céu Claro           ,Dupla               ,Sim       ,Caminhonete         ,Ileso               ,,Masculino           
69259,2017-09-10,RN,406.0,SAO GONCALO DO AMARANTE                                     ,Ingestão de Álcool                                                                                  ,Colisão traseira                                                                                                                                                                                        ,Com Vítimas Feridas,Plena Noite         ,Céu Claro           ,Dupla               ,Sim       ,Automóvel           ,Ileso               ,36.0,Masculino           
69259,2017-09-10,RN,406.0,SAO GONCALO DO AMARANTE                                     ,Ingestão de Álcool                                                                                  ,Colisão traseira                                                                                                                                                                                        ,Com Vítimas Feridas,Plena Noite         ,Céu Claro           ,Dupla               ,Sim       ,Automóvel           ,Lesões Leves        ,,Feminino            
69344,2017-09-11,RN,101.0,NATAL                                                       ,Ingestão de Álcool                                                                                  ,Colisão traseira                                                                                                                                                                                        ,Com Vítimas Feridas,Plena Noite         ,Chuva               ,Dupla               ,Sim       ,Automóvel           ,Ileso               ,23.0,Masculino           
69344,2017-09-11,RN,101.0,NATAL                                                       ,Ingestão de Álcool                                                                                  ,Colisão traseira                                                                                                                                                                                        ,Com Vítimas Feridas,Plena Noite         ,Chuva               ,Dupla               ,Sim       ,Ciclomotor          ,Lesões Leves        ,43.0,Masculino           
69357,2017-09-11,RN,406.0,TAIPU                                                       ,Fenômenos da Natureza                                                                               ,Saída de leito carroçável                                                                                                                                                                               ,Com Vítimas Fatais,Pleno dia           ,Céu Claro           ,Simples             ,Não       ,Motocicleta         ,Óbito               ,25.0,Masculino           
69385,2017-09-11,RN,427.0,CAICO                                                       ,Falta de Atenção à Condução                                                                         ,Colisão lateral                                                                                                                                                                                         ,Com Vítimas Feridas,Pleno dia           ,Sol                 ,Dupla               ,Sim       ,Automóvel           ,Ileso               ,32.0,Feminino            
69385,2017-09-11,RN,427.0,CAICO                                                       ,Falta de Atenção à Condução                                                                         ,Colisão lateral                                                                                                                                                                                         ,Com Vítimas Feridas,Pleno dia           ,Sol                 ,Dupla               ,Sim       ,Motocicleta         ,Lesões Leves        ,53.0,Masculino           
69427,2017-03-26,RN,304.0,ANGICOS                                                     ,Animais na Pista                                                                                    ,Atropelamento de Animal                                                                                                                                                                                 ,Com Vítimas Feridas,Plena Noite         ,Céu Claro           ,Simples             ,Não       ,Automóvel           ,Lesões Leves        ,14.0,Masculino           
69427,2017-03-26,RN,304.0,ANGICOS                                                     ,Animais na Pista                                                                                    ,Atropelamento de Animal                                                                                                                                                                                 ,Com Vítimas Feridas,Plena Noite         ,Céu Claro           ,Simples             ,Não       ,Automóvel           ,Lesões Leves        ,35.0,Feminino            
69427,2017-03-26,RN,304.0,ANGICOS                                                     ,Animais na Pista                                                                                    ,Atropelamento de Animal                                                                                                                                                                                 ,Com Vítimas Feridas,Plena Noite         ,Céu Claro           ,Simples             ,Não       ,Automóvel           ,Lesões Leves        ,26.0,Masculino           
69427,2017-03-26,RN,304.0,ANGICOS                                                     ,Animais na Pista                                                                                    ,Atropelamento de Animal                                                                                                                                                                                 ,Com Vítimas Feridas,Plena Noite         ,Céu Claro           ,Simples             ,Não       ,Automóvel           ,Lesões Leves        ,26.0,Feminino            
69471,2017-09-11,RN,226.0,JANDUIS                                                     ,Falta de Atenção à Condução                                                                         ,Colisão transversal                                                                                                                                                                                     ,Com Vítimas Feridas,Anoitecer           ,Céu Claro           ,Simples             ,Sim       ,Motocicleta         ,Lesões Graves       ,60.0,Masculino           
69471,2017-09-11,RN,226.0,JANDUIS                                                     ,Falta de Atenção à Condução                                                                         ,Colisão transversal                                                                                                                                                                                     ,Com Vítimas Feridas,Anoitecer           ,Céu Claro           ,Simples             ,Sim       ,Automóvel           ,Lesões Leves        ,44.0,Feminino            
69472,2017-09-11,RN,304.0,ANGICOS                                                     ,Desobediência às normas de trânsito pelo condutor                                                   ,Colisão frontal                                                                                                                                                                                         ,Com Vítimas Fatais,Pleno dia           ,Céu Claro           ,Simples             ,Não       ,Automóvel           ,Ileso               ,60.0,Masculino           
69472,2017-09-11,RN,304.0,ANGICOS                                                     ,Desobediência às normas de trânsito pelo condutor                                                   ,Colisão frontal                                                                                                                                                                                         ,Com Vítimas Fatais,Pleno dia           ,Céu Claro           ,Simples             ,Não       ,Caminhão            ,Ileso               ,33.0,Masculino           
69472,2017-09-11,RN,304.0,ANGICOS                                                     ,Desobediência às normas de trânsito pelo condutor                                                   ,Colisão frontal                                                                                                                                                                                         ,Com Vítimas Fatais,Pleno dia           ,Céu Claro           ,Simples             ,Não       ,Motocicleta         ,Óbito               ,30.0,Masculino           
69492,2017-09-11,RN,226.0,NATAL                                                       ,Falta de Atenção à Condução                                                                         ,Colisão transversal                                                                                                                                                                                     ,Com Vítimas Feridas,Anoitecer           ,Céu Claro           ,Dupla               ,Sim       ,Motocicleta         ,Lesões Graves       ,21.0,Masculino           
69492,2017-09-11,RN,226.0,NATAL                                                       ,Falta de Atenção à Condução                                                                         ,Colisão transversal                                                                                                                                                                                     ,Com Vítimas Feridas,Anoitecer           ,Céu Claro           ,Dupla               ,Sim       ,Automóvel           ,Ileso               ,37.0,Masculino           
69598,2017-09-12,RN,110.0,MOSSORO                                                     ,Falta de Atenção à Condução                                                                         ,Colisão lateral                                                                                                                                                                                         ,Com Vítimas Feridas,Pleno dia           ,Céu Claro           ,Dupla               ,Sim       ,Ciclomotor          ,Ileso               ,42.0,Masculino           
69598,2017-09-12,RN,110.0,MOSSORO                                                     ,Falta de Atenção à Condução                                                                         ,Colisão lateral                                                                                                                                                                                         ,Com Vítimas Feridas,Pleno dia           ,Céu Claro           ,Dupla               ,Sim       ,Motocicleta         ,Lesões Leves        ,21.0,Masculino           
69746,2017-09-12,RN,101.0,ARES                                                        ,Animais na Pista                                                                                    ,Atropelamento de Animal                                                                                                                                                                                 ,Sem Vítimas,Plena Noite         ,Nublado             ,Dupla               ,Não       ,Caminhonete         ,Ileso               ,38.0,Masculino           
69780,2017-02-19,RN,101.0,NATAL                                                       ,Falta de Atenção à Condução                                                                         ,Engavetamento                                                                                                                                                                                           ,Com Vítimas Feridas,Pleno dia           ,Céu Claro           ,Simples             ,Não       ,Automóvel           ,Ileso               ,32.0,Masculino           
69780,2017-02-19,RN,101.0,NATAL                                                       ,Falta de Atenção à Condução                                                                         ,Engavetamento                                                                                                                                                                                           ,Com Vítimas Feridas,Pleno dia           ,Céu Claro           ,Simples             ,Não       ,Caminhonete         ,Ileso               ,60.0,Masculino           
69780,2017-02-19,RN,101.0,NATAL                                                       ,Falta de Atenção à Condução                                                                         ,Engavetamento                                                                                                                                                                                           ,Com Vítimas Feridas,Pleno dia           ,Céu Claro           ,Simples             ,Não       ,Automóvel           ,Ileso               ,30.0,Masculino           
69780,2017-02-19,RN,101.0,NATAL                                                       ,Falta de Atenção à Condução                                                                         ,Engavetamento                                                                                                                                                                                           ,Com Vítimas Feridas,Pleno dia           ,Céu Claro           ,Simples             ,Não       ,Automóvel           ,Ileso               ,25.0,Masculino           
69780,2017-02-19,RN,101.0,NATAL                                                       ,Falta de Atenção à Condução                                                                         ,Engavetamento                                                                                                                                                                                           ,Com Vítimas Feridas,Pleno dia           ,Céu Claro           ,Simples             ,Não       ,Motocicleta         ,Lesões Graves       ,25.0,Masculino           
69780,2017-02-19,RN,101.0,NATAL                                                       ,Falta de Atenção à Condução                                                                         ,Engavetamento                                                                                                                                                                                           ,Com Vítimas Feridas,Pleno dia           ,Céu Claro           ,Simples             ,Não       ,Motocicleta         ,Lesões Graves       ,40.0,Masculino           
69780,2017-02-19,RN,101.0,NATAL                                                       ,Falta de Atenção à Condução                                                                         ,Engavetamento                                                                                                                                                                                           ,Com Vítimas Feridas,Pleno dia           ,Céu Claro           ,Simples             ,Não       ,Automóvel           ,Não Informado       ,,Não Informado       
69947,2017-09-13,RN,406.0,JOAO CAMARA                                                 ,Animais na Pista                                                                                    ,Capotamento                                                                                                                                                                                             ,Sem Vítimas,Anoitecer           ,Céu Claro           ,Simples             ,Não       ,Automóvel           ,Ileso               ,41.0,Masculino           
69951,2017-09-13,RN,101.0,PARNAMIRIM                                                  ,Defeito na Via                                                                                      ,Queda de ocupante de veículo                                                                                                                                                                            ,Com Vítimas Feridas,Plena Noite         ,Céu Claro           ,Múltipla            ,Não       ,Motocicleta         ,Lesões Graves       ,22.0,Feminino            
70028,2017-09-14,RN,226.0,AUGUSTO SEVERO                                              ,Defeito na Via                                                                                      ,Tombamento                                                                                                                                                                                              ,Com Vítimas Feridas,Pleno dia           ,Céu Claro           ,Simples             ,Não       ,Caminhão-trator     ,Lesões Leves        ,52.0,Masculino           
70159,2017-09-14,RN,110.0,AREIA BRANCA                                                ,Falta de Atenção do Pedestre                                                                        ,Atropelamento de Pedestre                                                                                                                                                                               ,Com Vítimas Feridas,Anoitecer           ,Céu Claro           ,Simples             ,Sim       ,Automóvel           ,Ileso               ,31.0,Masculino           
70159,2017-09-14,RN,110.0,AREIA BRANCA                                                ,Falta de Atenção do Pedestre                                                                        ,Atropelamento de Pedestre                                                                                                                                                                               ,Com Vítimas Feridas,Anoitecer           ,Céu Claro           ,Simples             ,Sim       ,Automóvel           ,Lesões Graves       ,29.0,Masculino           
70182,2017-03-04,RN,406.0,JANDAIRA                                                    ,Animais na Pista                                                                                    ,Atropelamento de Animal                                                                                                                                                                                 ,Com Vítimas Fatais,Plena Noite         ,Ignorado            ,Simples             ,Não       ,Motocicleta         ,Óbito               ,,Masculino           
70207,2017-09-14,RN,406.0,SAO GONCALO DO AMARANTE                                     ,Falta de Atenção do Pedestre                                                                        ,Atropelamento de Pedestre                                                                                                                                                                               ,Com Vítimas Fatais,Plena Noite         ,Céu Claro           ,Dupla               ,Sim       ,Automóvel           ,Óbito               ,56.0,Masculino           
70207,2017-09-14,RN,406.0,SAO GONCALO DO AMARANTE                                     ,Falta de Atenção do Pedestre                                                                        ,Atropelamento de Pedestre                                                                                                                                                                               ,Com Vítimas Fatais,Plena Noite         ,Céu Claro           ,Dupla               ,Sim       ,Automóvel           ,Não Informado       ,,Não Informado       
70207,2017-09-14,RN,406.0,SAO GONCALO DO AMARANTE                                     ,Falta de Atenção do Pedestre                                                                        ,Atropelamento de Pedestre                                                                                                                                                                               ,Com Vítimas Fatais,Plena Noite         ,Céu Claro           ,Dupla               ,Sim       ,Automóvel           ,Ileso               ,28.0,Masculino           
70207,2017-09-14,RN,406.0,SAO GONCALO DO AMARANTE                                     ,Falta de Atenção do Pedestre                                                                        ,Atropelamento de Pedestre                                                                                                                                                                               ,Com Vítimas Fatais,Plena Noite         ,Céu Claro           ,Dupla               ,Sim       ,Automóvel           ,Não Informado       ,,Não Informado       
70254,2017-09-15,RN,101.0,PARNAMIRIM                                                  ,Falta de Atenção à Condução                                                                         ,Colisão com objeto estático                                                                                                                                                                             ,Com Vítimas Feridas,Plena Noite         ,Céu Claro           ,Múltipla            ,Sim       ,Automóvel           ,Lesões Leves        ,35.0,Masculino           
70254,2017-09-15,RN,101.0,PARNAMIRIM                                                  ,Falta de Atenção à Condução                                                                         ,Colisão com objeto estático                                                                                                                                                                             ,Com Vítimas Feridas,Plena Noite         ,Céu Claro           ,Múltipla            ,Sim       ,Automóvel           ,Ileso               ,41.0,Feminino            
70303,2017-09-11,RN,101.0,PARNAMIRIM                                                  ,Não guardar distância de segurança                                                                  ,Colisão traseira                                                                                                                                                                                        ,Sem Vítimas,Pleno dia           ,Céu Claro           ,Múltipla            ,Sim       ,Micro-ônibus        ,Ileso               ,,Masculino           
70303,2017-09-11,RN,101.0,PARNAMIRIM                                                  ,Não guardar distância de segurança                                                                  ,Colisão traseira                                                                                                                                                                                        ,Sem Vítimas,Pleno dia           ,Céu Claro           ,Múltipla            ,Sim       ,Automóvel           ,Ileso               ,57.0,Masculino           
70303,2017-09-11,RN,101.0,PARNAMIRIM                                                  ,Não guardar distância de segurança                                                                  ,Colisão traseira                                                                                                                                                                                        ,Sem Vítimas,Pleno dia           ,Céu Claro           ,Múltipla            ,Sim       ,Automóvel           ,Ileso               ,50.0,Masculino           
70348,2017-09-15,RN,101.0,PARNAMIRIM                                                  ,Falta de Atenção à Condução                                                                         ,Colisão com objeto estático                                                                                                                                                                             ,Com Vítimas Feridas,Pleno dia           ,Céu Claro           ,Dupla               ,Não       ,Automóvel           ,Lesões Leves        ,30.0,Feminino            
70368,2017-09-15,RN,101.0,NATAL                                                       ,Desobediência às normas de trânsito pelo condutor                                                   ,Colisão lateral                                                                                                                                                                                         ,Com Vítimas Feridas,Pleno dia           ,Céu Claro           ,Dupla               ,Sim       ,Automóvel           ,Ileso               ,33.0,Masculino           
70368,2017-09-15,RN,101.0,NATAL                                                       ,Desobediência às normas de trânsito pelo condutor                                                   ,Colisão lateral                                                                                                                                                                                         ,Com Vítimas Feridas,Pleno dia           ,Céu Claro           ,Dupla               ,Sim       ,Motocicleta         ,Lesões Leves        ,34.0,Masculino           
70377,2017-09-15,RN,101.0,SAO GONCALO DO AMARANTE                                     ,Ingestão de Álcool                                                                                  ,Colisão lateral                                                                                                                                                                                         ,Sem Vítimas,Pleno dia           ,Céu Claro           ,Dupla               ,Não       ,Caminhonete         ,Ileso               ,33.0,Masculino           
70377,2017-09-15,RN,101.0,SAO GONCALO DO AMARANTE                                     ,Ingestão de Álcool                                                                                  ,Colisão lateral                                                                                                                                                                                         ,Sem Vítimas,Pleno dia           ,Céu Claro           ,Dupla               ,Não       ,Automóvel           ,Ileso               ,30.0,Masculino           
70736,2017-09-16,RN,226.0,MACAIBA                                                     ,Deficiência ou não Acionamento do Sistema de Iluminação/Sinalização do Veículo                      ,Colisão traseira                                                                                                                                                                                        ,Com Vítimas Fatais,Plena Noite         ,Céu Claro           ,Simples             ,Sim       ,Automóvel           ,Ileso               ,25.0,Feminino            
70736,2017-09-16,RN,226.0,MACAIBA                                                     ,Deficiência ou não Acionamento do Sistema de Iluminação/Sinalização do Veículo                      ,Colisão traseira                                                                                                                                                                                        ,Com Vítimas Fatais,Plena Noite         ,Céu Claro           ,Simples             ,Sim       ,Ciclomotor          ,Ileso               ,24.0,Feminino            
70736,2017-09-16,RN,226.0,MACAIBA                                                     ,Deficiência ou não Acionamento do Sistema de Iluminação/Sinalização do Veículo                      ,Colisão traseira                                                                                                                                                                                        ,Com Vítimas Fatais,Plena Noite         ,Céu Claro           ,Simples             ,Sim       ,Ciclomotor          ,Óbito               ,19.0,Feminino            
70785,2017-09-16,RN,110.0,MOSSORO                                                     ,Falta de Atenção à Condução                                                                         ,Colisão traseira                                                                                                                                                                                        ,Com Vítimas Feridas,Plena Noite         ,Céu Claro           ,Simples             ,Sim       ,Motocicleta         ,Lesões Graves       ,50.0,Masculino           
70785,2017-09-16,RN,110.0,MOSSORO                                                     ,Falta de Atenção à Condução                                                                         ,Colisão traseira                                                                                                                                                                                        ,Com Vítimas Feridas,Plena Noite         ,Céu Claro           ,Simples             ,Sim       ,Automóvel           ,Ileso               ,51.0,Feminino            
70875,2017-09-17,RN,226.0,SANTA CRUZ                                                  ,Ingestão de Álcool                                                                                  ,Colisão com objeto estático                                                                                                                                                                             ,Com Vítimas Feridas,Pleno dia           ,Céu Claro           ,Simples             ,Não       ,Motoneta            ,Lesões Graves       ,29.0,Masculino           
70875,2017-09-17,RN,226.0,SANTA CRUZ                                                  ,Ingestão de Álcool                                                                                  ,Colisão com objeto estático                                                                                                                                                                             ,Com Vítimas Feridas,Pleno dia           ,Céu Claro           ,Simples             ,Não       ,Automóvel           ,Ileso               ,18.0,Masculino           
70875,2017-09-17,RN,226.0,SANTA CRUZ                                                  ,Ingestão de Álcool                                                                                  ,Colisão com objeto estático                                                                                                                                                                             ,Com Vítimas Feridas,Pleno dia           ,Céu Claro           ,Simples             ,Não       ,Automóvel           ,Ileso               ,43.0,Feminino            
70875,2017-09-17,RN,226.0,SANTA CRUZ                                                  ,Ingestão de Álcool                                                                                  ,Colisão com objeto estático                                                                                                                                                                             ,Com Vítimas Feridas,Pleno dia           ,Céu Claro           ,Simples             ,Não       ,Automóvel           ,Ileso               ,70.0,Masculino           
70875,2017-09-17,RN,226.0,SANTA CRUZ                                                  ,Ingestão de Álcool                                                                                  ,Colisão com objeto estático                                                                                                                                                                             ,Com Vítimas Feridas,Pleno dia           ,Céu Claro           ,Simples             ,Não       ,Automóvel           ,Ileso               ,40.0,Masculino           
70875,2017-09-17,RN,226.0,SANTA CRUZ                                                  ,Ingestão de Álcool                                                                                  ,Colisão com objeto estático                                                                                                                                                                             ,Com Vítimas Feridas,Pleno dia           ,Céu Claro           ,Simples             ,Não       ,Automóvel           ,Ileso               ,57.0,Masculino           
70976,2017-09-17,RN,226.0,NATAL                                                       ,Desobediência às normas de trânsito pelo condutor                                                   ,Colisão transversal                                                                                                                                                                                     ,Com Vítimas Feridas,Pleno dia           ,Céu Claro           ,Simples             ,Sim       ,Automóvel           ,Ileso               ,41.0,Masculino           
70976,2017-09-17,RN,226.0,NATAL                                                       ,Desobediência às normas de trânsito pelo condutor                                                   ,Colisão transversal                                                                                                                                                                                     ,Com Vítimas Feridas,Pleno dia           ,Céu Claro           ,Simples             ,Sim       ,Motocicleta         ,Lesões Leves        ,42.0,Masculino           