id,data_inversa,uf,br,municipio,causa_acidente,tipo_acidente,classificacao_acidente,fase_dia,condicao_metereologica,tipo_pista,uso_solo,tipo_veiculo,estado_fisico,idade,sexo
71059,2017-09-17,RN,406.0,SAO GONCALO DO AMARANTE                                     ,Falta de Atenção do Pedestre                                                                        ,Atropelamento de Pedestre                                                                                                                                                                               ,Com Vítimas Feridas,Plena Noite         ,Céu Claro           ,Dupla               ,Sim       ,Motocicleta         ,Lesões Graves       ,30.0,Masculino           
71059,2017-09-17,RN,406.0,SAO GONCALO DO AMARANTE                                     ,Falta de Atenção do Pedestre                                                                        ,Atropelamento de Pedestre                                                                                                                                                                               ,Com Vítimas Feridas,Plena Noite         ,Céu Claro           ,Dupla               ,Sim       ,Motocicleta         ,Ileso               ,25.0,Masculino           
71061,2017-09-17,RN,304.0,MACAIBA                                                     ,Falta de Atenção à Condução                                                                         ,Colisão transversal                                                                                                                                                                                     ,Com Vítimas Feridas,Plena Noite         ,Céu Claro           ,Simples             ,Sim       ,Motocicleta         ,Lesões Graves       ,33.0,Masculino           
71061,2017-09-17,RN,304.0,MACAIBA                                                     ,Falta de Atenção à Condução                                                                         ,Colisão transversal                                                                                                                                                                                     ,Com Vítimas Feridas,Plena Noite         ,Céu Claro           ,Simples             ,Sim       ,Motocicleta         ,Ileso               ,,Masculino           
71154,2017-09-18,RN,101.0,PARNAMIRIM                                                  ,Falta de Atenção à Condução                                                                         ,Colisão transversal                                                                                                                                                                                     ,Com Vítimas Feridas,Pleno dia           ,Sol                 ,Dupla               ,Sim       ,Motocicleta         ,Lesões Leves        ,25.0,Masculino           
71154,2017-09-18,RN,101.0,PARNAMIRIM                                                  ,Falta de Atenção à Condução                                                                         ,Colisão transversal                                                                                                                                                                                     ,Com Vítimas Feridas,Pleno dia           ,Sol                 ,Dupla               ,Sim       ,Bicicleta           ,Lesões Leves        ,42.0,Feminino            
71154,2017-09-18,RN,101.0,PARNAMIRIM                                                  ,Falta de Atenção à Condução                                                                         ,Colisão transversal                                                                                                                                                                                     ,Com Vítimas Feridas,Pleno dia           ,Sol                 ,Dupla               ,Sim       ,Caminhonete         ,Ileso               ,59.0,Masculino           
71211,2017-09-18,RN,101.0,NATAL                                                       ,Falta de Atenção à Condução                                                                         ,Colisão transversal                                                                                                                                                                                     ,Sem Vítimas,Pleno dia           ,Céu Claro           ,Dupla               ,Sim       ,Automóvel           ,Ileso               ,25.0,Masculino           
71211,2017-09-18,RN,101.0,NATAL                                                       ,Falta de Atenção à Condução                                                                         ,Colisão transversal                                                                                                                                                                                     ,Sem Vítimas,Pleno dia           ,Céu Claro           ,Dupla               ,Sim       ,Ônibus              ,Ileso               ,53.0,Masculino           
71231,2017-08-29,RN,304.0,MOSSORO                                                     ,Objeto estático sobre o leito carroçável                                                            ,Tombamento                                                                                                                                                                                              ,Com Vítimas Feridas,Anoitecer           ,Céu Claro           ,Dupla               ,Sim       ,Motocicleta         ,Lesões Leves        ,,Masculino           
71322,2017-09-18,RN,110.0,UPANEMA                                                     ,Falta de Atenção à Condução                                                                         ,Danos eventuais                                                                                                                                                                                         ,Com Vítimas Feridas,Plena Noite         ,Céu Claro           ,Múltipla            ,Sim       ,Automóvel           ,Não Informado       ,,Não Informado       
71322,2017-09-18,RN,110.0,UPANEMA                                                     ,Falta de Atenção à Condução                                                                         ,Danos eventuais                                                                                                                                                                                         ,Com Vítimas Feridas,Plena Noite         ,Céu Claro           ,Múltipla            ,Sim       ,Motocicleta         ,Lesões Leves        ,23.0,Masculino           
71489,2017-09-19,RN,427.0,CAICO                                                       ,Desobediência às normas de trânsito pelo condutor                                                   ,Colisão transversal                                                                                                                                                                                     ,Com Vítimas Feridas,Pleno dia           ,Céu Claro           ,Simples             ,Sim       ,Utilitário          ,Ileso               ,32.0,Masculino           
71489,2017-09-19,RN,427.0,CAICO                                                       ,Desobediência às normas de trânsito pelo condutor                                                   ,Colisão transversal                                                                                                                                                                                     ,Com Vítimas Feridas,Pleno dia           ,Céu Claro           ,Simples             ,Sim       ,Motocicleta         ,Lesões Leves        ,39.0,Masculino           
71540,2017-09-19,RN,226.0,SANTA CRUZ                                                  ,Falta de Atenção à Condução                                                                         ,Colisão transversal                                                                                                                                                                                     ,Com Vítimas Fatais,Plena Noite         ,Céu Claro           ,Simples             ,Sim       ,Motocicleta         ,Lesões Graves       ,25.0,Masculino           
71540,2017-09-19,RN,226.0,SANTA CRUZ                                                  ,Falta de Atenção à Condução                                                                         ,Colisão transversal                                                                                                                                                                                     ,Com Vítimas Fatais,Plena Noite         ,Céu Claro           ,Simples             ,Sim       ,Motocicleta         ,Lesões Graves       ,19.0,Masculino           
71540,2017-09-19,RN,226.0,SANTA CRUZ                                                  ,Falta de Atenção à Condução                                                                         ,Colisão transversal                                                                                                                                                                                     ,Com Vítimas Fatais,Plena Noite         ,Céu Claro           ,Simples             ,Sim       ,Motocicleta         ,Lesões Graves       ,45.0,Feminino            
71540,2017-09-19,RN,226.0,SANTA CRUZ                                                  ,Falta de Atenção à Condução                                                                         ,Colisão transversal                                                                                                                                                                                     ,Com Vítimas Fatais,Plena Noite         ,Céu Claro           ,Simples             ,Sim       ,Motocicleta         ,Óbito               ,39.0,Masculino           
71549,2017-09-19,RN,101.0,NATAL                                                       ,Falta de Atenção à Condução                                                                         ,Colisão lateral                                                                                                                                                                                         ,Com Vítimas Feridas,Plena Noite         ,Garoa/Chuvisco      ,Dupla               ,Sim       ,Automóvel           ,Ileso               ,64.0,Masculino           
71549,2017-09-19,RN,101.0,NATAL                                                       ,Falta de Atenção à Condução                                                                         ,Colisão lateral                                                                                                                                                                                         ,Com Vítimas Feridas,Plena Noite         ,Garoa/Chuvisco      ,Dupla               ,Sim       ,Automóvel           ,Não Informado       ,,Não Informado       
71549,2017-09-19,RN,101.0,NATAL                                                       ,Falta de Atenção à Condução                                                                         ,Colisão lateral                                                                                                                                                                                         ,Com Vítimas Feridas,Plena Noite         ,Garoa/Chuvisco      ,Dupla               ,Sim       ,Motocicleta         ,Lesões Leves        ,22.0,Masculino           
71617,2017-09-20,RN,304.0,MOSSORO                                                     ,Objeto estático sobre o leito carroçável                                                            ,Tombamento                                                                                                                                                                                              ,Com Vítimas Feridas,Pleno dia           ,Céu Claro           ,Dupla               ,Sim       ,Automóvel           ,Lesões Leves        ,59.0,Masculino           
71760,2017-09-20,RN,101.0,NATAL                                                       ,Não guardar distância de segurança                                                                  ,Colisão traseira                                                                                                                                                                                        ,Com Vítimas Feridas,Plena Noite         ,Céu Claro           ,Múltipla            ,Sim       ,Motocicleta         ,Lesões Graves       ,38.0,Masculino           
71760,2017-09-20,RN,101.0,NATAL                                                       ,Não guardar distância de segurança                                                                  ,Colisão traseira                                                                                                                                                                                        ,Com Vítimas Feridas,Plena Noite         ,Céu Claro           ,Múltipla            ,Sim       ,Motocicleta         ,Não Informado       ,,Não Informado       
71760,2017-09-20,RN,101.0,NATAL                                                       ,Não guardar distância de segurança                                                                  ,Colisão traseira                                                                                                                                                                                        ,Com Vítimas Feridas,Plena Noite         ,Céu Claro           ,Múltipla            ,Sim       ,Camioneta           ,Ileso               ,48.0,Masculino           
71800,2017-09-21,RN,304.0,MACAIBA                                                     ,Falta de Atenção à Condução                                                                         ,Tombamento                                                                                                                                                                                              ,Com Vítimas Feridas,Amanhecer           ,Céu Claro           ,Simples             ,Sim       ,Caminhão            ,Lesões Leves        ,48.0,Masculino           
71874,2017-09-21,RN,405.0,MOSSORO                                                     ,Desobediência às normas de trânsito pelo condutor                                                   ,Colisão transversal                                                                                                                                                                                     ,Com Vítimas Feridas,Pleno dia           ,Sol                 ,Dupla               ,Sim       ,Automóvel           ,Ileso               ,39.0,Masculino           
71874,2017-09-21,RN,405.0,MOSSORO                                                     ,Desobediência às normas de trânsito pelo condutor                                                   ,Colisão transversal                                                                                                                                                                                     ,Com Vítimas Feridas,Pleno dia           ,Sol                 ,Dupla               ,Sim       ,Motocicleta         ,Lesões Leves        ,38.0,Masculino           
71893,2017-09-21,RN,101.0,CEARA-MIRIM                                                 ,Falta de Atenção à Condução                                                                         ,Colisão transversal                                                                                                                                                                                     ,Com Vítimas Feridas,Pleno dia           ,Céu Claro           ,Simples             ,Não       ,Automóvel           ,Lesões Leves        ,66.0,Masculino           
71893,2017-09-21,RN,101.0,CEARA-MIRIM                                                 ,Falta de Atenção à Condução                                                                         ,Colisão transversal                                                                                                                                                                                     ,Com Vítimas Feridas,Pleno dia           ,Céu Claro           ,Simples             ,Não       ,Automóvel           ,Lesões Leves        ,60.0,Feminino            
71893,2017-09-21,RN,101.0,CEARA-MIRIM                                                 ,Falta de Atenção à Condução                                                                         ,Colisão transversal                                                                                                                                                                                     ,Com Vítimas Feridas,Pleno dia           ,Céu Claro           ,Simples             ,Não       ,Caminhão-trator     ,Ileso               ,42.0,Masculino           
71931,2017-09-21,RN,406.0,SAO GONCALO DO AMARANTE                                     ,Falta de Atenção à Condução                                                                         ,Tombamento                                                                                                                                                                                              ,Com Vítimas Feridas,Pleno dia           ,Céu Claro           ,Dupla               ,Não       ,Motocicleta         ,Lesões Leves        ,46.0,Masculino           
71947,2017-09-21,RN,101.0,NATAL                                                       ,Defeito na Via                                                                                      ,Atropelamento de Pedestre                                                                                                                                                                               ,Com Vítimas Feridas,Plena Noite         ,Céu Claro           ,Dupla               ,Sim       ,Motocicleta         ,Lesões Leves        ,71.0,Feminino            
71947,2017-09-21,RN,101.0,NATAL                                                       ,Defeito na Via                                                                                      ,Atropelamento de Pedestre                                                                                                                                                                               ,Com Vítimas Feridas,Plena Noite         ,Céu Claro           ,Dupla               ,Sim       ,Motocicleta         ,Não Informado       ,,Não Informado       
72018,2017-09-21,RN,406.0,SAO GONCALO DO AMARANTE                                     ,Animais na Pista                                                                                    ,Atropelamento de Animal                                                                                                                                                                                 ,Com Vítimas Feridas,Plena Noite         ,Céu Claro           ,Simples             ,Não       ,Motocicleta         ,Lesões Graves       ,35.0,Masculino           
72100,2017-09-22,RN,226.0,NATAL                                                       ,Falta de Atenção à Condução                                                                         ,Colisão transversal                                                                                                                                                                                     ,Com Vítimas Feridas,Pleno dia           ,Céu Claro           ,Simples             ,Sim       ,Motocicleta         ,Lesões Leves        ,18.0,Masculino           
72100,2017-09-22,RN,226.0,NATAL                                                       ,Falta de Atenção à Condução                                                                         ,Colisão transversal                                                                                                                                                                                     ,Com Vítimas Feridas,Pleno dia           ,Céu Claro           ,Simples             ,Sim       ,Motocicleta         ,Lesões Leves        ,30.0,Masculino           
72100,2017-09-22,RN,226.0,NATAL                                                       ,Falta de Atenção à Condução                                                                         ,Colisão transversal                                                                                                                                                                                     ,Com Vítimas Feridas,Pleno dia           ,Céu Claro           ,Simples             ,Sim       ,Automóvel           ,Ileso               ,27.0,Feminino            
72233,2017-09-22,RN,304.0,MACAIBA                                                     ,Defeito na Via                                                                                      ,Tombamento                                                                                                                                                                                              ,Com Vítimas Feridas,Plena Noite         ,Céu Claro           ,Simples             ,Não       ,Motocicleta         ,Lesões Leves        ,62.0,Masculino           
72517,2017-09-23,RN,110.0,MOSSORO                                                     ,Não guardar distância de segurança                                                                  ,Colisão traseira                                                                                                                                                                                        ,Com Vítimas Feridas,Plena Noite         ,Céu Claro           ,Simples             ,Sim       ,Motocicleta         ,Lesões Leves        ,34.0,Masculino           
72517,2017-09-23,RN,110.0,MOSSORO                                                     ,Não guardar distância de segurança                                                                  ,Colisão traseira                                                                                                                                                                                        ,Com Vítimas Feridas,Plena Noite         ,Céu Claro           ,Simples             ,Sim       ,Motocicleta         ,Lesões Leves        ,37.0,Feminino            
72517,2017-09-23,RN,110.0,MOSSORO                                                     ,Não guardar distância de segurança                                                                  ,Colisão traseira                                                                                                                                                                                        ,Com Vítimas Feridas,Plena Noite         ,Céu Claro           ,Simples             ,Sim       ,Automóvel           ,Não Informado       ,,Não Informado       
72821,2017-09-24,RN,101.0,CANGUARETAMA                                                ,Defeito na Via                                                                                      ,Tombamento                                                                                                                                                                                              ,Com Vítimas Feridas,Plena Noite         ,Céu Claro           ,Dupla               ,Não       ,Motocicleta         ,Não Informado       ,,Não Informado       
72821,2017-09-24,RN,101.0,CANGUARETAMA                                                ,Defeito na Via                                                                                      ,Tombamento                                                                                                                                                                                              ,Com Vítimas Feridas,Plena Noite         ,Céu Claro           ,Dupla               ,Não       ,Motocicleta         ,Lesões Graves       ,32.0,Masculino           
72913,2017-09-25,RN,427.0,CAICO                                                       ,Defeito Mecânico no Veículo                                                                         ,Colisão transversal                                                                                                                                                                                     ,Com Vítimas Feridas,Pleno dia           ,Céu Claro           ,Simples             ,Sim       ,Motocicleta         ,Lesões Graves       ,45.0,Masculino           
72913,2017-09-25,RN,427.0,CAICO                                                       ,Defeito Mecânico no Veículo                                                                         ,Colisão transversal                                                                                                                                                                                     ,Com Vítimas Feridas,Pleno dia           ,Céu Claro           ,Simples             ,Sim       ,Motocicleta         ,Lesões Graves       ,37.0,Masculino           
73021,2017-09-09,RN,110.0,AREIA BRANCA                                                ,Ingestão de Álcool                                                                                  ,Colisão frontal                                                                                                                                                                                         ,Com Vítimas Feridas,Plena Noite         ,Céu Claro           ,Simples             ,Não       ,Motoneta            ,Não Informado       ,,Não Informado       
73021,2017-09-09,RN,110.0,AREIA BRANCA                                                ,Ingestão de Álcool                                                                                  ,Colisão frontal                                                                                                                                                                                         ,Com Vítimas Feridas,Plena Noite         ,Céu Claro           ,Simples             ,Não       ,Motoneta            ,Lesões Graves       ,27.0,Masculino           
73021,2017-09-09,RN,110.0,AREIA BRANCA                                                ,Ingestão de Álcool                                                                                  ,Colisão frontal                                                                                                                                                                                         ,Com Vítimas Feridas,Plena Noite         ,Céu Claro           ,Simples             ,Não       ,Automóvel           ,Não Informado       ,,Não Informado       
73173,2017-09-26,RN,101.0,CANGUARETAMA                                                ,Não guardar distância de segurança                                                                  ,Colisão traseira                                                                                                                                                                                        ,Sem Vítimas,Pleno dia           ,Céu Claro           ,Dupla               ,Não       ,Caminhão            ,Ileso               ,43.0,Masculino           
73173,2017-09-26,RN,101.0,CANGUARETAMA                                                ,Não guardar distância de segurança                                                                  ,Colisão traseira                                                                                                                                                                                        ,Sem Vítimas,Pleno dia           ,Céu Claro           ,Dupla               ,Não       ,Caminhão-trator     ,Ileso               ,36.0,Masculino           
73177,2017-09-26,RN,101.0,SAO JOSE DE MIPIBU                                          ,Falta de Atenção à Condução                                                                         ,Colisão traseira                                                                                                                                                                                        ,Com Vítimas Feridas,Pleno dia           ,Sol                 ,Dupla               ,Não       ,Automóvel           ,Ileso               ,33.0,Masculino           
73177,2017-09-26,RN,101.0,SAO JOSE DE MIPIBU                                          ,Falta de Atenção à Condução                                                                         ,Colisão traseira                                                                                                                                                                                        ,Com Vítimas Feridas,Pleno dia           ,Sol                 ,Dupla               ,Não       ,Motocicleta         ,Lesões Leves        ,59.0,Masculino           
73267,2017-09-26,RN,406.0,SAO GONCALO DO AMARANTE                                     ,Falta de Atenção à Condução                                                                         ,Colisão lateral                                                                                                                                                                                         ,Com Vítimas Feridas,Plena Noite         ,Céu Claro           ,Dupla               ,Não       ,Motocicleta         ,Lesões Leves        ,49.0,Masculino           
73341,2017-09-27,RN,101.0,NATAL                                                       ,Falta de Atenção à Condução                                                                         ,Colisão lateral                                                                                                                                                                                         ,Com Vítimas Feridas,Pleno dia           ,Nublado             ,Dupla               ,Sim       ,Automóvel           ,Ileso               ,37.0,Masculino           
73341,2017-09-27,RN,101.0,NATAL                                                       ,Falta de Atenção à Condução                                                                         ,Colisão lateral                                                                                                                                                                                         ,Com Vítimas Feridas,Pleno dia           ,Nublado             ,Dupla               ,Sim       ,Motocicleta         ,Lesões Leves        ,28.0,Masculino           
73345,2017-09-27,RN,226.0,NATAL                                                       ,Desobediência às normas de trânsito pelo condutor                                                   ,Colisão transversal                                                                                                                                                                                     ,Com Vítimas Feridas,Pleno dia           ,Céu Claro           ,Simples             ,Sim       ,Caminhonete         ,Ileso               ,51.0,Masculino           
73345,2017-09-27,RN,226.0,NATAL                                                       ,Desobediência às normas de trânsito pelo condutor                                                   ,Colisão transversal                                                                                                                                                                                     ,Com Vítimas Feridas,Pleno dia           ,Céu Claro           ,Simples             ,Sim       ,Motocicleta         ,Lesões Graves       ,22.0,Masculino           
73465,2017-09-27,RN,101.0,GOIANINHA                                                   ,Falta de Atenção do Pedestre                                                                        ,Atropelamento de Pedestre                                                                                                                                                                               ,Com Vítimas Fatais,Plena Noite         ,Céu Claro           ,Múltipla            ,Sim       ,Automóvel           ,Ileso               ,57.0,Masculino           
73465,2017-09-27,RN,101.0,GOIANINHA                                                   ,Falta de Atenção do Pedestre                                                                        ,Atropelamento de Pedestre                                                                                                                                                                               ,Com Vítimas Fatais,Plena Noite         ,Céu Claro           ,Múltipla            ,Sim       ,Automóvel           ,Óbito               ,61.0,Feminino            
73594,2017-09-28,RN,406.0,JOAO CAMARA                                                 ,Ultrapassagem Indevida                                                                              ,Colisão lateral                                                                                                                                                                                         ,Com Vítimas Feridas,Pleno dia           ,Sol                 ,Simples             ,Sim       ,Ciclomotor          ,Lesões Graves       ,52.0,Masculino           
73594,2017-09-28,RN,406.0,JOAO CAMARA                                                 ,Ultrapassagem Indevida                                                                              ,Colisão lateral                                                                                                                                                                                         ,Com Vítimas Feridas,Pleno dia           ,Sol                 ,Simples             ,Sim       ,Ciclomotor          ,Lesões Graves       ,15.0,Feminino            
73594,2017-09-28,RN,406.0,JOAO CAMARA                                                 ,Ultrapassagem Indevida                                                                              ,Colisão lateral                                                                                                                                                                                         ,Com Vítimas Feridas,Pleno dia           ,Sol                 ,Simples             ,Sim       ,Ônibus              ,Ileso               ,66.0,Masculino           
73621,2017-09-28,RN,304.0,ACU                                                         ,Falta de Atenção à Condução                                                                         ,Colisão transversal                                                                                                                                                                                     ,Com Vítimas Feridas,Pleno dia           ,Céu Claro           ,Simples             ,Não       ,Automóvel           ,Lesões Leves        ,41.0,Masculino           
73621,2017-09-28,RN,304.0,ACU                                                         ,Falta de Atenção à Condução                                                                         ,Colisão transversal                                                                                                                                                                                     ,Com Vítimas Feridas,Pleno dia           ,Céu Claro           ,Simples             ,Não       ,Automóvel           ,Lesões Leves        ,38.0,Masculino           
73666,2017-09-28,RN,101.0,NATAL                                                       ,Falta de Atenção do Pedestre                                                                        ,Atropelamento de Pedestre                                                                                                                                                                               ,Com Vítimas Feridas,Pleno dia           ,Céu Claro           ,Dupla               ,Sim       ,Motocicleta         ,Lesões Leves        ,62.0,Feminino            
73666,2017-09-28,RN,101.0,NATAL                                                       ,Falta de Atenção do Pedestre                                                                        ,Atropelamento de Pedestre                                                                                                                                                                               ,Com Vítimas Feridas,Pleno dia           ,Céu Claro           ,Dupla               ,Sim       ,Motocicleta         ,Ileso               ,29.0,Masculino           
73942,2017-09-29,RN,101.0,NATAL                                                       ,Falta de Atenção à Condução                                                                         ,Colisão lateral                                                                                                                                                                                         ,Sem Vítimas,Pleno dia           ,Céu Claro           ,Simples             ,Sim       ,Camioneta           ,Ileso               ,41.0,Masculino           
73942,2017-09-29,RN,101.0,NATAL                                                       ,Falta de Atenção à Condução                                                                         ,Colisão lateral                                                                                                                                                                                         ,Sem Vítimas,Pleno dia           ,Céu Claro           ,Simples             ,Sim       ,Automóvel           ,Ileso               ,33.0,Masculino           
73955,2017-09-29,RN,226.0,SERRA CAIADA                                                ,Desobediência às normas de trânsito pelo condutor                                                   ,Colisão frontal                                                                                                                                                                                         ,Sem Vítimas,Pleno dia           ,Céu Claro           ,Simples             ,Não       ,Automóvel           ,Ileso               ,37.0,Masculino           
73955,2017-09-29,RN,226.0,SERRA CAIADA                                                ,Desobediência às normas de trânsito pelo condutor                                                   ,Colisão frontal                                                                                                                                                                                         ,Sem Vítimas,Pleno dia           ,Céu Claro           ,Simples             ,Não       ,Automóvel           ,Ileso               ,40.0,Masculino           
73955,2017-09-29,RN,226.0,SERRA CAIADA                                                ,Desobediência às normas de trânsito pelo condutor                                                   ,Colisão frontal                                                                                                                                                                                         ,Sem Vítimas,Pleno dia           ,Céu Claro           ,Simples             ,Não       ,Automóvel           ,Ileso               ,38.0,Masculino           
73955,2017-09-29,RN,226.0,SERRA CAIADA                                                ,Desobediência às normas de trânsito pelo condutor                                                   ,Colisão frontal                                                                                                                                                                                         ,Sem Vítimas,Pleno dia           ,Céu Claro           ,Simples             ,Não       ,Automóvel           ,Ileso               ,38.0,Masculino           
73960,2017-09-29,RN,101.0,PARNAMIRIM                                                  ,Não guardar distância de segurança                                                                  ,Colisão traseira                                                                                                                                                                                        ,Com Vítimas Feridas,Pleno dia           ,Céu Claro           ,Dupla               ,Sim       ,Caminhonete         ,Ileso               ,44.0,Masculino           
73960,2017-09-29,RN,101.0,PARNAMIRIM                                                  ,Não guardar distância de segurança                                                                  ,Colisão traseira                                                                                                                                                                                        ,Com Vítimas Feridas,Pleno dia           ,Céu Claro           ,Dupla               ,Sim       ,Motocicleta         ,Lesões Graves       ,36.0,Masculino           
73976,2017-09-29,RN,304.0,MACAIBA                                                     ,Velocidade Incompatível                                                                             ,Capotamento                                                                                                                                                                                             ,Sem Vítimas,Pleno dia           ,Céu Claro           ,Simples             ,Não       ,Automóvel           ,Não Informado       ,,Não Informado       
73979,2017-09-29,RN,304.0,MACAIBA                                                     ,Falta de Atenção à Condução                                                                         ,Colisão transversal                                                                                                                                                                                     ,Com Vítimas Feridas,Pleno dia           ,Céu Claro           ,Simples             ,Sim       ,Motocicleta         ,Lesões Graves       ,30.0,Masculino           
73979,2017-09-29,RN,304.0,MACAIBA                                                     ,Falta de Atenção à Condução                                                                         ,Colisão transversal                                                                                                                                                                                     ,Com Vítimas Feridas,Pleno dia           ,Céu Claro           ,Simples             ,Sim       ,Motocicleta         ,Lesões Graves       ,17.0,Feminino            
73979,2017-09-29,RN,304.0,MACAIBA                                                     ,Falta de Atenção à Condução                                                                         ,Colisão transversal                                                                                                                                                                                     ,Com Vítimas Feridas,Pleno dia           ,Céu Claro           ,Simples             ,Sim       ,Caminhão            ,Ileso               ,42.0,Masculino           
74079,2017-09-29,RN,304.0,CAICARA DO RIO DO VENTO                                     ,Ingestão de Álcool                                                                                  ,Colisão frontal                                                                                                                                                                                         ,Com Vítimas Feridas,Plena Noite         ,Céu Claro           ,Simples             ,Não       ,Caminhão-trator     ,Ileso               ,64.0,Masculino           
74079,2017-09-29,RN,304.0,CAICARA DO RIO DO VENTO                                     ,Ingestão de Álcool                                                                                  ,Colisão frontal                                                                                                                                                                                         ,Com Vítimas Feridas,Plena Noite         ,Céu Claro           ,Simples             ,Não       ,Caminhonete         ,Lesões Leves        ,59.0,Masculino           
74099,2017-09-29,RN,304.0,MOSSORO                                                     ,Deficiência ou não Acionamento do Sistema de Iluminação/Sinalização do Veículo                      ,Colisão com objeto estático                                                                                                                                                                             ,Com Vítimas Feridas,Plena Noite         ,Ignorado            ,Dupla               ,Sim       ,Automóvel           ,Lesões Leves        ,25.0,Feminino            
74099,2017-09-29,RN,304.0,MOSSORO                                                     ,Deficiência ou não Acionamento do Sistema de Iluminação/Sinalização do Veículo                      ,Colisão com objeto estático                                                                                                                                                                             ,Com Vítimas Feridas,Plena Noite         ,Ignorado            ,Dupla               ,Sim       ,Automóvel           ,Ileso               ,30.0,Masculino           
74238,2017-09-30,RN,101.0,NATAL                                                       ,Avarias e/ou desgaste excessivo no pneu                                                             ,Colisão lateral                                                                                                                                                                                         ,Com Vítimas Feridas,Pleno dia           ,Céu Claro           ,Dupla               ,Sim       ,Automóvel           ,Ileso               ,32.0,Masculino           
74238,2017-09-30,RN,101.0,NATAL                                                       ,Avarias e/ou desgaste excessivo no pneu                                                             ,Colisão lateral                                                                                                                                                                                         ,Com Vítimas Feridas,Pleno dia           ,Céu Claro           ,Dupla               ,Sim       ,Motocicleta         ,Lesões Leves        ,45.0,Masculino           
74364,2017-09-30,RN,304.0,MACAIBA                                                     ,Falta de Atenção à Condução                                                                         ,Colisão lateral                                                                                                                                                                                         ,Com Vítimas Feridas,Pleno dia           ,Céu Claro           ,Dupla               ,Sim       ,Automóvel           ,Ileso               ,23.0,Masculino           
74364,2017-09-30,RN,304.0,MACAIBA                                                     ,Falta de Atenção à Condução                                                                         ,Colisão lateral                                                                                                                                                                                         ,Com Vítimas Feridas,Pleno dia           ,Céu Claro           ,Dupla               ,Sim       ,Motocicleta         ,Lesões Leves        ,62.0,Masculino           
74512,2017-09-30,RN,101.0,PARNAMIRIM                                                  ,Falta de Atenção à Condução                                                                         ,Colisão transversal                                                                                                                                                                                     ,Com Vítimas Feridas,Plena Noite         ,Céu Claro           ,Dupla               ,Sim       ,Motocicleta         ,Lesões Leves        ,,Feminino            
74512,2017-09-30,RN,101.0,PARNAMIRIM                                                  ,Falta de Atenção à Condução                                                                         ,Colisão transversal                                                                                                                                                                                     ,Com Vítimas Feridas,Plena Noite         ,Céu Claro           ,Dupla               ,Sim       ,Motocicleta         ,Lesões Leves        ,75.0,Masculino           
74512,2017-09-30,RN,101.0,PARNAMIRIM                                                  ,Falta de Atenção à Condução                                                                         ,Colisão transversal                                                                                                                                                                                     ,Com Vítimas Feridas,Plena Noite         ,Céu Claro           ,Dupla               ,Sim       ,Automóvel           ,Não Informado       ,,Não Informado       
74530,2017-09-30,RN,101.0,NATAL                                                       ,Falta de Atenção à Condução                                                                         ,Capotamento                                                                                                                                                                                             ,Com Vítimas Feridas,Plena Noite         ,Céu Claro           ,Dupla               ,Sim       ,Automóvel           ,Lesões Leves        ,35.0,Masculino           
74530,2017-09-30,RN,101.0,NATAL                                                       ,Falta de Atenção à Condução                                                                         ,Capotamento                                                                                                                                                                                             ,Com Vítimas Feridas,Plena Noite         ,Céu Claro           ,Dupla               ,Sim       ,Automóvel           ,Não Informado       ,,Não Informado       
74559,2017-10-01,RN,406.0,JANDAIRA                                                    ,Ingestão de Álcool                                                                                  ,Capotamento                                                                                                                                                                                             ,Com Vítimas Feridas,Plena Noite         ,Céu Claro           ,Simples             ,Não       ,Automóvel           ,Lesões Leves        ,32.0,Masculino           
74599,2017-10-01,RN,406.0,CEARA-MIRIM                                                 ,Animais na Pista                                                                                    ,Atropelamento de Animal                                                                                                                                                                                 ,Com Vítimas Feridas,Pleno dia           ,Céu Claro           ,Simples             ,Não       ,Automóvel           ,Ileso               ,51.0,Masculino           
74599,2017-10-01,RN,406.0,CEARA-MIRIM                                                 ,Animais na Pista                                                                                    ,Atropelamento de Animal                                                                                                                                                                                 ,Com Vítimas Feridas,Pleno dia           ,Céu Claro           ,Simples             ,Não       ,Automóvel           ,Lesões Leves        ,51.0,Masculino           
74726,2017-10-01,RN,101.0,PARNAMIRIM                                                  ,Ingestão de Álcool                                                                                  ,Atropelamento de Pedestre                                                                                                                                                                               ,Com Vítimas Fatais,Plena Noite         ,Céu Claro           ,Dupla               ,Sim       ,Motocicleta         ,Óbito               ,45.0,Masculino           
74726,2017-10-01,RN,101.0,PARNAMIRIM                                                  ,Ingestão de Álcool                                                                                  ,Atropelamento de Pedestre                                                                                                                                                                               ,Com Vítimas Fatais,Plena Noite         ,Céu Claro           ,Dupla               ,Sim       ,Motocicleta         ,Lesões Leves        ,,Não Informado       
74773,2017-10-01,RN,304.0,MACAIBA                                                     ,Falta de Atenção à Condução                                                                         ,Colisão com objeto estático                                                                                                                                                                             ,Com Vítimas Feridas,Plena Noite         ,Céu Claro           ,Simples             ,Sim       ,Automóvel           ,Lesões Graves       ,,Masculino           