id,data_inversa,uf,br,municipio,causa_acidente,tipo_acidente,classificacao_acidente,fase_dia,condicao_metereologica,tipo_pista,uso_solo,tipo_veiculo,estado_fisico,idade,sexo
82692,2017-10-31,RN,101.0,NATAL                                                       ,Falta de Atenção à Condução                                                                         ,Colisão transversal                                                                                                                                                                                     ,Com Vítimas Feridas,Plena Noite         ,Céu Claro           ,Múltipla            ,Sim       ,Automóvel           ,Ileso               ,54.0,Masculino           
82889,2017-11-01,RN,304.0,MOSSORO                                                     ,Falta de Atenção à Condução                                                                         ,Colisão transversal                                                                                                                                                                                     ,Com Vítimas Feridas,Pleno dia           ,Céu Claro           ,Simples             ,Sim       ,Motoneta            ,Lesões Leves        ,34.0,Feminino            
82889,2017-11-01,RN,304.0,MOSSORO                                                     ,Falta de Atenção à Condução                                                                         ,Colisão transversal                                                                                                                                                                                     ,Com Vítimas Feridas,Pleno dia           ,Céu Claro           ,Simples             ,Sim       ,Automóvel           ,Ileso               ,31.0,Feminino            
82943,2017-11-01,RN,405.0,APODI                                                       ,Ingestão de Álcool                                                                                  ,Queda de ocupante de veículo                                                                                                                                                                            ,Com Vítimas Feridas,Plena Noite         ,Céu Claro           ,Simples             ,Não       ,Caminhão            ,Ileso               ,35.0,Masculino           
82943,2017-11-01,RN,405.0,APODI                                                       ,Ingestão de Álcool                                                                                  ,Queda de ocupante de veículo                                                                                                                                                                            ,Com Vítimas Feridas,Plena Noite         ,Céu Claro           ,Simples             ,Não       ,Motocicleta         ,Ileso               ,36.0,Feminino            
82943,2017-11-01,RN,405.0,APODI                                                       ,Ingestão de Álcool                                                                                  ,Queda de ocupante de veículo                                                                                                                                                                            ,Com Vítimas Feridas,Plena Noite         ,Céu Claro           ,Simples             ,Não       ,Motocicleta         ,Lesões Leves        ,39.0,Masculino           
83032,2017-11-02,RN,405.0,RAFAEL FERNANDES                                            ,Velocidade Incompatível                                                                             ,Capotamento                                                                                                                                                                                             ,Com Vítimas Feridas,Pleno dia           ,Céu Claro           ,Simples             ,Não       ,Automóvel           ,Lesões Leves        ,,Feminino            
83032,2017-11-02,RN,405.0,RAFAEL FERNANDES                                            ,Velocidade Incompatível                                                                             ,Capotamento                                                                                                                                                                                             ,Com Vítimas Feridas,Pleno dia           ,Céu Claro           ,Simples             ,Não       ,Automóvel           ,Ileso               ,,Masculino           
83032,2017-11-02,RN,405.0,RAFAEL FERNANDES                                            ,Velocidade Incompatível                                                                             ,Capotamento                                                                                                                                                                                             ,Com Vítimas Feridas,Pleno dia           ,Céu Claro           ,Simples             ,Não       ,Automóvel           ,Lesões Leves        ,,Feminino            
83032,2017-11-02,RN,405.0,RAFAEL FERNANDES                                            ,Velocidade Incompatível                                                                             ,Capotamento                                                                                                                                                                                             ,Com Vítimas Feridas,Pleno dia           ,Céu Claro           ,Simples             ,Não       ,Automóvel           ,Lesões Leves        ,1.0,Feminino            
83080,2017-08-18,RN,304.0,ANGICOS                                                     ,Avarias e/ou desgaste excessivo no pneu                                                             ,Saída de leito carroçável                                                                                                                                                                               ,Com Vítimas Feridas,Pleno dia           ,Ignorado            ,Simples             ,Não       ,Automóvel           ,Lesões Leves        ,,Feminino            
83080,2017-08-18,RN,304.0,ANGICOS                                                     ,Avarias e/ou desgaste excessivo no pneu                                                             ,Saída de leito carroçável                                                                                                                                                                               ,Com Vítimas Feridas,Pleno dia           ,Ignorado            ,Simples             ,Não       ,Automóvel           ,Ileso               ,,Masculino           
83134,2017-11-02,RN,304.0,MACAIBA                                                     ,Desobediência às normas de trânsito pelo condutor                                                   ,Colisão transversal                                                                                                                                                                                     ,Com Vítimas Feridas,Anoitecer           ,Céu Claro           ,Simples             ,Sim       ,Automóvel           ,Ileso               ,40.0,Feminino            
83134,2017-11-02,RN,304.0,MACAIBA                                                     ,Desobediência às normas de trânsito pelo condutor                                                   ,Colisão transversal                                                                                                                                                                                     ,Com Vítimas Feridas,Anoitecer           ,Céu Claro           ,Simples             ,Sim       ,Ciclomotor          ,Lesões Graves       ,64.0,Masculino           
83162,2017-11-02,RN,405.0,FELIPE GUERRA                                               ,Ingestão de Álcool                                                                                  ,Tombamento                                                                                                                                                                                              ,Sem Vítimas,Plena Noite         ,Céu Claro           ,Simples             ,Não       ,Caminhonete         ,Ileso               ,34.0,Masculino           
83266,2017-11-03,RN,405.0,JOSE DA PENHA                                               ,Falta de Atenção à Condução                                                                         ,Colisão transversal                                                                                                                                                                                     ,Com Vítimas Feridas,Pleno dia           ,Céu Claro           ,Simples             ,Não       ,Motocicleta         ,Lesões Leves        ,58.0,Masculino           
83266,2017-11-03,RN,405.0,JOSE DA PENHA                                               ,Falta de Atenção à Condução                                                                         ,Colisão transversal                                                                                                                                                                                     ,Com Vítimas Feridas,Pleno dia           ,Céu Claro           ,Simples             ,Não       ,Motocicleta         ,Lesões Leves        ,39.0,Masculino           
83280,2017-11-03,RN,304.0,IELMO MARINHO                                               ,Falta de Atenção à Condução                                                                         ,Capotamento                                                                                                                                                                                             ,Com Vítimas Feridas,Pleno dia           ,Céu Claro           ,Simples             ,Não       ,Automóvel           ,Lesões Leves        ,35.0,Masculino           
83371,2017-11-03,RN,304.0,ACU                                                         ,Falta de Atenção à Condução                                                                         ,Colisão transversal                                                                                                                                                                                     ,Com Vítimas Feridas,Plena Noite         ,Céu Claro           ,Simples             ,Não       ,Motocicleta         ,Lesões Graves       ,24.0,Feminino            
83371,2017-11-03,RN,304.0,ACU                                                         ,Falta de Atenção à Condução                                                                         ,Colisão transversal                                                                                                                                                                                     ,Com Vítimas Feridas,Plena Noite         ,Céu Claro           ,Simples             ,Não       ,Automóvel           ,Ileso               ,23.0,Masculino           
83382,2017-11-03,RN,226.0,BOM JESUS                                                   ,Falta de Atenção à Condução                                                                         ,Colisão traseira                                                                                                                                                                                        ,Com Vítimas Feridas,Plena Noite         ,Céu Claro           ,Simples             ,Não       ,Caminhão            ,Ileso               ,52.0,Masculino           
83382,2017-11-03,RN,226.0,BOM JESUS                                                   ,Falta de Atenção à Condução                                                                         ,Colisão traseira                                                                                                                                                                                        ,Com Vítimas Feridas,Plena Noite         ,Céu Claro           ,Simples             ,Não       ,Motocicleta         ,Lesões Leves        ,40.0,Masculino           
83382,2017-11-03,RN,226.0,BOM JESUS                                                   ,Falta de Atenção à Condução                                                                         ,Colisão traseira                                                                                                                                                                                        ,Com Vítimas Feridas,Plena Noite         ,Céu Claro           ,Simples             ,Não       ,Motocicleta         ,Lesões Leves        ,46.0,Feminino            
83382,2017-11-03,RN,226.0,BOM JESUS                                                   ,Falta de Atenção à Condução                                                                         ,Colisão traseira                                                                                                                                                                                        ,Com Vítimas Feridas,Plena Noite         ,Céu Claro           ,Simples             ,Não       ,Automóvel           ,Não Informado       ,,Não Informado       
83593,2017-11-04,RN,101.0,PARNAMIRIM                                                  ,Desobediência às normas de trânsito pelo condutor                                                   ,Colisão transversal                                                                                                                                                                                     ,Com Vítimas Feridas,Plena Noite         ,Céu Claro           ,Múltipla            ,Sim       ,Automóvel           ,Ileso               ,58.0,Masculino           
83593,2017-11-04,RN,101.0,PARNAMIRIM                                                  ,Desobediência às normas de trânsito pelo condutor                                                   ,Colisão transversal                                                                                                                                                                                     ,Com Vítimas Feridas,Plena Noite         ,Céu Claro           ,Múltipla            ,Sim       ,Automóvel           ,Lesões Leves        ,42.0,Masculino           
83714,2017-11-05,RN,101.0,NATAL                                                       ,Ingestão de Álcool                                                                                  ,Colisão traseira                                                                                                                                                                                        ,Com Vítimas Feridas,Amanhecer           ,Céu Claro           ,Dupla               ,Sim       ,Automóvel           ,Ileso               ,26.0,Masculino           
83714,2017-11-05,RN,101.0,NATAL                                                       ,Ingestão de Álcool                                                                                  ,Colisão traseira                                                                                                                                                                                        ,Com Vítimas Feridas,Amanhecer           ,Céu Claro           ,Dupla               ,Sim       ,Automóvel           ,Ileso               ,49.0,Masculino           
83714,2017-11-05,RN,101.0,NATAL                                                       ,Ingestão de Álcool                                                                                  ,Colisão traseira                                                                                                                                                                                        ,Com Vítimas Feridas,Amanhecer           ,Céu Claro           ,Dupla               ,Sim       ,Motocicleta         ,Lesões Graves       ,,Masculino           
83922,2017-11-05,RN,101.0,TOUROS                                                      ,Animais na Pista                                                                                    ,Atropelamento de Animal                                                                                                                                                                                 ,Com Vítimas Feridas,Plena Noite         ,Céu Claro           ,Simples             ,Não       ,Automóvel           ,Lesões Graves       ,28.0,Masculino           
83922,2017-11-05,RN,101.0,TOUROS                                                      ,Animais na Pista                                                                                    ,Atropelamento de Animal                                                                                                                                                                                 ,Com Vítimas Feridas,Plena Noite         ,Céu Claro           ,Simples             ,Não       ,Automóvel           ,Ileso               ,30.0,Masculino           
83922,2017-11-05,RN,101.0,TOUROS                                                      ,Animais na Pista                                                                                    ,Atropelamento de Animal                                                                                                                                                                                 ,Com Vítimas Feridas,Plena Noite         ,Céu Claro           ,Simples             ,Não       ,Automóvel           ,Lesões Leves        ,29.0,Masculino           
83922,2017-11-05,RN,101.0,TOUROS                                                      ,Animais na Pista                                                                                    ,Atropelamento de Animal                                                                                                                                                                                 ,Com Vítimas Feridas,Plena Noite         ,Céu Claro           ,Simples             ,Não       ,Automóvel           ,Lesões Graves       ,30.0,Masculino           
83927,2017-11-05,RN,101.0,NATAL                                                       ,Não guardar distância de segurança                                                                  ,Colisão traseira                                                                                                                                                                                        ,Com Vítimas Feridas,Plena Noite         ,Céu Claro           ,Dupla               ,Sim       ,Motocicleta         ,Lesões Leves        ,25.0,Masculino           
83927,2017-11-05,RN,101.0,NATAL                                                       ,Não guardar distância de segurança                                                                  ,Colisão traseira                                                                                                                                                                                        ,Com Vítimas Feridas,Plena Noite         ,Céu Claro           ,Dupla               ,Sim       ,Motocicleta         ,Lesões Leves        ,26.0,Masculino           
83978,2017-11-06,RN,101.0,TOUROS                                                      ,Falta de Atenção do Pedestre                                                                        ,Atropelamento de Pedestre                                                                                                                                                                               ,Com Vítimas Fatais,Pleno dia           ,Céu Claro           ,Simples             ,Não       ,Automóvel           ,Óbito               ,,Não Informado       
83978,2017-11-06,RN,101.0,TOUROS                                                      ,Falta de Atenção do Pedestre                                                                        ,Atropelamento de Pedestre                                                                                                                                                                               ,Com Vítimas Fatais,Pleno dia           ,Céu Claro           ,Simples             ,Não       ,Automóvel           ,Ileso               ,,Ignorado            
84008,2017-11-06,RN,406.0,CEARA-MIRIM                                                 ,Falta de Atenção à Condução                                                                         ,Colisão traseira                                                                                                                                                                                        ,Com Vítimas Feridas,Pleno dia           ,Céu Claro           ,Simples             ,Sim       ,Motocicleta         ,Lesões Leves        ,27.0,Masculino           
84008,2017-11-06,RN,406.0,CEARA-MIRIM                                                 ,Falta de Atenção à Condução                                                                         ,Colisão traseira                                                                                                                                                                                        ,Com Vítimas Feridas,Pleno dia           ,Céu Claro           ,Simples             ,Sim       ,Automóvel           ,Ileso               ,31.0,Masculino           
84008,2017-11-06,RN,406.0,CEARA-MIRIM                                                 ,Falta de Atenção à Condução                                                                         ,Colisão traseira                                                                                                                                                                                        ,Com Vítimas Feridas,Pleno dia           ,Céu Claro           ,Simples             ,Sim       ,Caminhão            ,Ileso               ,35.0,Masculino           
84051,2017-11-06,RN,304.0,MACAIBA                                                     ,Desobediência às normas de trânsito pelo condutor                                                   ,Colisão transversal                                                                                                                                                                                     ,Com Vítimas Feridas,Pleno dia           ,Céu Claro           ,Múltipla            ,Não       ,Motocicleta         ,Lesões Graves       ,35.0,Masculino           
84051,2017-11-06,RN,304.0,MACAIBA                                                     ,Desobediência às normas de trânsito pelo condutor                                                   ,Colisão transversal                                                                                                                                                                                     ,Com Vítimas Feridas,Pleno dia           ,Céu Claro           ,Múltipla            ,Não       ,Automóvel           ,Ileso               ,29.0,Masculino           
84150,2017-11-06,RN,101.0,NATAL                                                       ,Falta de Atenção à Condução                                                                         ,Colisão lateral                                                                                                                                                                                         ,Com Vítimas Feridas,Plena Noite         ,Céu Claro           ,Simples             ,Sim       ,Motocicleta         ,Lesões Leves        ,23.0,Masculino           
84150,2017-11-06,RN,101.0,NATAL                                                       ,Falta de Atenção à Condução                                                                         ,Colisão lateral                                                                                                                                                                                         ,Com Vítimas Feridas,Plena Noite         ,Céu Claro           ,Simples             ,Sim       ,Automóvel           ,Ileso               ,34.0,Masculino           
84170,2017-11-06,RN,101.0,SAO GONCALO DO AMARANTE                                     ,Falta de Atenção à Condução                                                                         ,Colisão transversal                                                                                                                                                                                     ,Com Vítimas Feridas,Pleno dia           ,Céu Claro           ,Múltipla            ,Não       ,Automóvel           ,Ileso               ,44.0,Masculino           
84170,2017-11-06,RN,101.0,SAO GONCALO DO AMARANTE                                     ,Falta de Atenção à Condução                                                                         ,Colisão transversal                                                                                                                                                                                     ,Com Vítimas Feridas,Pleno dia           ,Céu Claro           ,Múltipla            ,Não       ,Motocicleta         ,Lesões Graves       ,27.0,Masculino           
84170,2017-11-06,RN,101.0,SAO GONCALO DO AMARANTE                                     ,Falta de Atenção à Condução                                                                         ,Colisão transversal                                                                                                                                                                                     ,Com Vítimas Feridas,Pleno dia           ,Céu Claro           ,Múltipla            ,Não       ,Motocicleta         ,Lesões Graves       ,24.0,Feminino            
84290,2017-11-07,RN,304.0,CAICARA DO RIO DO VENTO                                     ,Falta de Atenção à Condução                                                                         ,Colisão traseira                                                                                                                                                                                        ,Com Vítimas Feridas,Pleno dia           ,Céu Claro           ,Simples             ,Não       ,Motocicleta         ,Lesões Leves        ,39.0,Masculino           
84290,2017-11-07,RN,304.0,CAICARA DO RIO DO VENTO                                     ,Falta de Atenção à Condução                                                                         ,Colisão traseira                                                                                                                                                                                        ,Com Vítimas Feridas,Pleno dia           ,Céu Claro           ,Simples             ,Não       ,Automóvel           ,Ileso               ,66.0,Feminino            
84290,2017-11-07,RN,304.0,CAICARA DO RIO DO VENTO                                     ,Falta de Atenção à Condução                                                                         ,Colisão traseira                                                                                                                                                                                        ,Com Vítimas Feridas,Pleno dia           ,Céu Claro           ,Simples             ,Não       ,Automóvel           ,Ileso               ,57.0,Masculino           
84290,2017-11-07,RN,304.0,CAICARA DO RIO DO VENTO                                     ,Falta de Atenção à Condução                                                                         ,Colisão traseira                                                                                                                                                                                        ,Com Vítimas Feridas,Pleno dia           ,Céu Claro           ,Simples             ,Não       ,Automóvel           ,Ileso               ,66.0,Feminino            
84299,2017-11-07,RN,101.0,NATAL                                                       ,Não guardar distância de segurança                                                                  ,Colisão traseira                                                                                                                                                                                        ,Com Vítimas Feridas,Pleno dia           ,Céu Claro           ,Dupla               ,Sim       ,Automóvel           ,Lesões Leves        ,24.0,Masculino           
84299,2017-11-07,RN,101.0,NATAL                                                       ,Não guardar distância de segurança                                                                  ,Colisão traseira                                                                                                                                                                                        ,Com Vítimas Feridas,Pleno dia           ,Céu Claro           ,Dupla               ,Sim       ,Automóvel           ,Ileso               ,48.0,Masculino           
84299,2017-11-07,RN,101.0,NATAL                                                       ,Não guardar distância de segurança                                                                  ,Colisão traseira                                                                                                                                                                                        ,Com Vítimas Feridas,Pleno dia           ,Céu Claro           ,Dupla               ,Sim       ,Caminhonete         ,Ileso               ,59.0,Masculino           
84362,2017-11-07,RN,101.0,NATAL                                                       ,Falta de Atenção à Condução                                                                         ,Colisão lateral                                                                                                                                                                                         ,Com Vítimas Feridas,Plena Noite         ,Céu Claro           ,Múltipla            ,Sim       ,Motocicleta         ,Lesões Leves        ,49.0,Masculino           
84362,2017-11-07,RN,101.0,NATAL                                                       ,Falta de Atenção à Condução                                                                         ,Colisão lateral                                                                                                                                                                                         ,Com Vítimas Feridas,Plena Noite         ,Céu Claro           ,Múltipla            ,Sim       ,Motocicleta         ,Lesões Leves        ,41.0,Masculino           
84362,2017-11-07,RN,101.0,NATAL                                                       ,Falta de Atenção à Condução                                                                         ,Colisão lateral                                                                                                                                                                                         ,Com Vítimas Feridas,Plena Noite         ,Céu Claro           ,Múltipla            ,Sim       ,Automóvel           ,Ileso               ,40.0,Masculino           
84388,2017-11-07,RN,405.0,JOSE DA PENHA                                               ,Velocidade Incompatível                                                                             ,Colisão traseira                                                                                                                                                                                        ,Com Vítimas Feridas,Anoitecer           ,Céu Claro           ,Simples             ,Sim       ,Automóvel           ,Lesões Leves        ,29.0,Masculino           
84388,2017-11-07,RN,405.0,JOSE DA PENHA                                               ,Velocidade Incompatível                                                                             ,Colisão traseira                                                                                                                                                                                        ,Com Vítimas Feridas,Anoitecer           ,Céu Claro           ,Simples             ,Sim       ,Automóvel           ,Ileso               ,,Não Informado       
84506,2017-11-08,RN,101.0,NATAL                                                       ,Falta de Atenção do Pedestre                                                                        ,Atropelamento de Pedestre                                                                                                                                                                               ,Com Vítimas Feridas,Pleno dia           ,Céu Claro           ,Múltipla            ,Sim       ,Automóvel           ,Lesões Graves       ,24.0,Feminino            
84506,2017-11-08,RN,101.0,NATAL                                                       ,Falta de Atenção do Pedestre                                                                        ,Atropelamento de Pedestre                                                                                                                                                                               ,Com Vítimas Feridas,Pleno dia           ,Céu Claro           ,Múltipla            ,Sim       ,Automóvel           ,Não Informado       ,,Não Informado       
84506,2017-11-08,RN,101.0,NATAL                                                       ,Falta de Atenção do Pedestre                                                                        ,Atropelamento de Pedestre                                                                                                                                                                               ,Com Vítimas Feridas,Pleno dia           ,Céu Claro           ,Múltipla            ,Sim       ,Automóvel           ,Ileso               ,61.0,Masculino           
84763,2017-11-09,RN,101.0,PARNAMIRIM                                                  ,Falta de Atenção à Condução                                                                         ,Colisão traseira                                                                                                                                                                                        ,Com Vítimas Feridas,Pleno dia           ,Garoa/Chuvisco      ,Dupla               ,Sim       ,Micro-ônibus        ,Lesões Leves        ,32.0,Masculino           
84763,2017-11-09,RN,101.0,PARNAMIRIM                                                  ,Falta de Atenção à Condução                                                                         ,Colisão traseira                                                                                                                                                                                        ,Com Vítimas Feridas,Pleno dia           ,Garoa/Chuvisco      ,Dupla               ,Sim       ,Automóvel           ,Ileso               ,22.0,Feminino            
84763,2017-11-09,RN,101.0,PARNAMIRIM                                                  ,Falta de Atenção à Condução                                                                         ,Colisão traseira                                                                                                                                                                                        ,Com Vítimas Feridas,Pleno dia           ,Garoa/Chuvisco      ,Dupla               ,Sim       ,Automóvel           ,Lesões Leves        ,43.0,Feminino            
84829,2017-11-09,RN,304.0,MOSSORO                                                     ,Defeito na Via                                                                                      ,Queda de ocupante de veículo                                                                                                                                                                            ,Com Vítimas Feridas,Plena Noite         ,Céu Claro           ,Simples             ,Não       ,Motoneta            ,Lesões Leves        ,36.0,Feminino            
84829,2017-11-09,RN,304.0,MOSSORO                                                     ,Defeito na Via                                                                                      ,Queda de ocupante de veículo                                                                                                                                                                            ,Com Vítimas Feridas,Plena Noite         ,Céu Claro           ,Simples             ,Não       ,Motoneta            ,Ileso               ,40.0,Masculino           
84842,2017-11-09,RN,101.0,PARNAMIRIM                                                  ,Falta de Atenção do Pedestre                                                                        ,Atropelamento de Pedestre                                                                                                                                                                               ,Com Vítimas Feridas,Plena Noite         ,Céu Claro           ,Dupla               ,Sim       ,Automóvel           ,Lesões Graves       ,32.0,Masculino           
84842,2017-11-09,RN,101.0,PARNAMIRIM                                                  ,Falta de Atenção do Pedestre                                                                        ,Atropelamento de Pedestre                                                                                                                                                                               ,Com Vítimas Feridas,Plena Noite         ,Céu Claro           ,Dupla               ,Sim       ,Automóvel           ,Lesões Leves        ,21.0,Feminino            
84842,2017-11-09,RN,101.0,PARNAMIRIM                                                  ,Falta de Atenção do Pedestre                                                                        ,Atropelamento de Pedestre                                                                                                                                                                               ,Com Vítimas Feridas,Plena Noite         ,Céu Claro           ,Dupla               ,Sim       ,Automóvel           ,Ileso               ,24.0,Masculino           
84845,2017-11-09,RN,304.0,MOSSORO                                                     ,Falta de Atenção à Condução                                                                         ,Colisão traseira                                                                                                                                                                                        ,Com Vítimas Feridas,Plena Noite         ,Nublado             ,Simples             ,Não       ,Caminhão-trator     ,Lesões Graves       ,34.0,Masculino           
84845,2017-11-09,RN,304.0,MOSSORO                                                     ,Falta de Atenção à Condução                                                                         ,Colisão traseira                                                                                                                                                                                        ,Com Vítimas Feridas,Plena Noite         ,Nublado             ,Simples             ,Não       ,Ônibus              ,Lesões Leves        ,20.0,Masculino           
84845,2017-11-09,RN,304.0,MOSSORO                                                     ,Falta de Atenção à Condução                                                                         ,Colisão traseira                                                                                                                                                                                        ,Com Vítimas Feridas,Plena Noite         ,Nublado             ,Simples             ,Não       ,Ônibus              ,Lesões Leves        ,19.0,Feminino            
84845,2017-11-09,RN,304.0,MOSSORO                                                     ,Falta de Atenção à Condução                                                                         ,Colisão traseira                                                                                                                                                                                        ,Com Vítimas Feridas,Plena Noite         ,Nublado             ,Simples             ,Não       ,Ônibus              ,Ileso               ,48.0,Masculino           
84845,2017-11-09,RN,304.0,MOSSORO                                                     ,Falta de Atenção à Condução                                                                         ,Colisão traseira                                                                                                                                                                                        ,Com Vítimas Feridas,Plena Noite         ,Nublado             ,Simples             ,Não       ,Ônibus              ,Ileso               ,29.0,Masculino           
84845,2017-11-09,RN,304.0,MOSSORO                                                     ,Falta de Atenção à Condução                                                                         ,Colisão traseira                                                                                                                                                                                        ,Com Vítimas Feridas,Plena Noite         ,Nublado             ,Simples             ,Não       ,Ônibus              ,Lesões Leves        ,51.0,Masculino           
84845,2017-11-09,RN,304.0,MOSSORO                                                     ,Falta de Atenção à Condução                                                                         ,Colisão traseira                                                                                                                                                                                        ,Com Vítimas Feridas,Plena Noite         ,Nublado             ,Simples             ,Não       ,Ônibus              ,Ileso               ,31.0,Masculino           
84845,2017-11-09,RN,304.0,MOSSORO                                                     ,Falta de Atenção à Condução                                                                         ,Colisão traseira                                                                                                                                                                                        ,Com Vítimas Feridas,Plena Noite         ,Nublado             ,Simples             ,Não       ,Ônibus              ,Ileso               ,20.0,Feminino            
84845,2017-11-09,RN,304.0,MOSSORO                                                     ,Falta de Atenção à Condução                                                                         ,Colisão traseira                                                                                                                                                                                        ,Com Vítimas Feridas,Plena Noite         ,Nublado             ,Simples             ,Não       ,Ônibus              ,Ileso               ,18.0,Masculino           
84845,2017-11-09,RN,304.0,MOSSORO                                                     ,Falta de Atenção à Condução                                                                         ,Colisão traseira                                                                                                                                                                                        ,Com Vítimas Feridas,Plena Noite         ,Nublado             ,Simples             ,Não       ,Ônibus              ,Ileso               ,37.0,Masculino           
84845,2017-11-09,RN,304.0,MOSSORO                                                     ,Falta de Atenção à Condução                                                                         ,Colisão traseira                                                                                                                                                                                        ,Com Vítimas Feridas,Plena Noite         ,Nublado             ,Simples             ,Não       ,Ônibus              ,Ileso               ,25.0,Masculino           
84845,2017-11-09,RN,304.0,MOSSORO                                                     ,Falta de Atenção à Condução                                                                         ,Colisão traseira                                                                                                                                                                                        ,Com Vítimas Feridas,Plena Noite         ,Nublado             ,Simples             ,Não       ,Ônibus              ,Ileso               ,24.0,Feminino            
84845,2017-11-09,RN,304.0,MOSSORO                                                     ,Falta de Atenção à Condução                                                                         ,Colisão traseira                                                                                                                                                                                        ,Com Vítimas Feridas,Plena Noite         ,Nublado             ,Simples             ,Não       ,Ônibus              ,Ileso               ,20.0,Feminino            
84845,2017-11-09,RN,304.0,MOSSORO                                                     ,Falta de Atenção à Condução                                                                         ,Colisão traseira                                                                                                                                                                                        ,Com Vítimas Feridas,Plena Noite         ,Nublado             ,Simples             ,Não       ,Ônibus              ,Ileso               ,22.0,Feminino            
84845,2017-11-09,RN,304.0,MOSSORO                                                     ,Falta de Atenção à Condução                                                                         ,Colisão traseira                                                                                                                                                                                        ,Com Vítimas Feridas,Plena Noite         ,Nublado             ,Simples             ,Não       ,Ônibus              ,Ileso               ,,Masculino           
84845,2017-11-09,RN,304.0,MOSSORO                                                     ,Falta de Atenção à Condução                                                                         ,Colisão traseira                                                                                                                                                                                        ,Com Vítimas Feridas,Plena Noite         ,Nublado             ,Simples             ,Não       ,Ônibus              ,Ileso               ,46.0,Masculino           
84845,2017-11-09,RN,304.0,MOSSORO                                                     ,Falta de Atenção à Condução                                                                         ,Colisão traseira                                                                                                                                                                                        ,Com Vítimas Feridas,Plena Noite         ,Nublado             ,Simples             ,Não       ,Ônibus              ,Ileso               ,23.0,Masculino           
84845,2017-11-09,RN,304.0,MOSSORO                                                     ,Falta de Atenção à Condução                                                                         ,Colisão traseira                                                                                                                                                                                        ,Com Vítimas Feridas,Plena Noite         ,Nublado             ,Simples             ,Não       ,Ônibus              ,Lesões Leves        ,21.0,Feminino            
84845,2017-11-09,RN,304.0,MOSSORO                                                     ,Falta de Atenção à Condução                                                                         ,Colisão traseira                                                                                                                                                                                        ,Com Vítimas Feridas,Plena Noite         ,Nublado             ,Simples             ,Não       ,Ônibus              ,Ileso               ,23.0,Masculino           
84862,2017-11-09,RN,427.0,JARDIM DO SERIDO                                            ,Avarias e/ou desgaste excessivo no pneu                                                             ,Queda de ocupante de veículo                                                                                                                                                                            ,Com Vítimas Feridas,Plena Noite         ,Céu Claro           ,Simples             ,Não       ,Motocicleta         ,Lesões Graves       ,18.0,Masculino           
84862,2017-11-09,RN,427.0,JARDIM DO SERIDO                                            ,Avarias e/ou desgaste excessivo no pneu                                                             ,Queda de ocupante de veículo                                                                                                                                                                            ,Com Vítimas Feridas,Plena Noite         ,Céu Claro           ,Simples             ,Não       ,Motocicleta         ,Lesões Graves       ,17.0,Masculino           
84932,2017-11-10,RN,110.0,MOSSORO                                                     ,Falta de Atenção à Condução                                                                         ,Colisão lateral                                                                                                                                                                                         ,Com Vítimas Feridas,Pleno dia           ,Céu Claro           ,Dupla               ,Sim       ,Caminhonete         ,Ileso               ,,Ignorado            
84932,2017-11-10,RN,110.0,MOSSORO                                                     ,Falta de Atenção à Condução                                                                         ,Colisão lateral                                                                                                                                                                                         ,Com Vítimas Feridas,Pleno dia           ,Céu Claro           ,Dupla               ,Sim       ,Caminhonete         ,Não Informado       ,,Não Informado       
84932,2017-11-10,RN,110.0,MOSSORO                                                     ,Falta de Atenção à Condução                                                                         ,Colisão lateral                                                                                                                                                                                         ,Com Vítimas Feridas,Pleno dia           ,Céu Claro           ,Dupla               ,Sim       ,Motocicleta         ,Lesões Leves        ,23.0,Masculino           
84954,2017-09-16,RN,110.0,UPANEMA                                                     ,Velocidade Incompatível                                                                             ,Saída de leito carroçável                                                                                                                                                                               ,Com Vítimas Feridas,Amanhecer           ,Céu Claro           ,Simples             ,Não       ,Automóvel           ,Lesões Graves       ,,Feminino            
84954,2017-09-16,RN,110.0,UPANEMA                                                     ,Velocidade Incompatível                                                                             ,Saída de leito carroçável                                                                                                                                                                               ,Com Vítimas Feridas,Amanhecer           ,Céu Claro           ,Simples             ,Não       ,Automóvel           ,Lesões Graves       ,,Feminino            
84968,2017-11-10,RN,101.0,NATAL                                                       ,Animais na Pista                                                                                    ,Atropelamento de Animal                                                                                                                                                                                 ,Com Vítimas Feridas,Pleno dia           ,Céu Claro           ,Dupla               ,Não       ,Motocicleta         ,Lesões Leves        ,37.0,Masculino           
84985,2017-11-10,RN,101.0,PARNAMIRIM                                                  ,Falta de Atenção à Condução                                                                         ,Colisão traseira                                                                                                                                                                                        ,Sem Vítimas,Pleno dia           ,Céu Claro           ,Dupla               ,Sim       ,Automóvel           ,Ileso               ,32.0,Feminino            