id,data_inversa,uf,br,municipio,causa_acidente,tipo_acidente,classificacao_acidente,fase_dia,condicao_metereologica,tipo_pista,uso_solo,tipo_veiculo,estado_fisico,idade,sexo
91754,2017-12-05,RN,101.0,EXTREMOZ                                                    ,Falta de Atenção à Condução                                                                         ,Colisão traseira                                                                                                                                                                                        ,Com Vítimas Feridas,Amanhecer           ,Céu Claro           ,Dupla               ,Não       ,Automóvel           ,Ileso               ,41.0,Masculino           
91998,2017-12-06,RN,101.0,PARNAMIRIM                                                  ,Falta de Atenção à Condução                                                                         ,Colisão lateral                                                                                                                                                                                         ,Com Vítimas Feridas,Pleno dia           ,Céu Claro           ,Dupla               ,Sim       ,Motocicleta         ,Ileso               ,29.0,Masculino           
91998,2017-12-06,RN,101.0,PARNAMIRIM                                                  ,Falta de Atenção à Condução                                                                         ,Colisão lateral                                                                                                                                                                                         ,Com Vítimas Feridas,Pleno dia           ,Céu Claro           ,Dupla               ,Sim       ,Motocicleta         ,Lesões Leves        ,38.0,Feminino            
91998,2017-12-06,RN,101.0,PARNAMIRIM                                                  ,Falta de Atenção à Condução                                                                         ,Colisão lateral                                                                                                                                                                                         ,Com Vítimas Feridas,Pleno dia           ,Céu Claro           ,Dupla               ,Sim       ,Automóvel           ,Ileso               ,,Masculino           
92002,2017-12-06,RN,101.0,SAO JOSE DE MIPIBU                                          ,Falta de Atenção à Condução                                                                         ,Colisão transversal                                                                                                                                                                                     ,Com Vítimas Feridas,Pleno dia           ,Céu Claro           ,Dupla               ,Não       ,Automóvel           ,Ileso               ,28.0,Masculino           
92002,2017-12-06,RN,101.0,SAO JOSE DE MIPIBU                                          ,Falta de Atenção à Condução                                                                         ,Colisão transversal                                                                                                                                                                                     ,Com Vítimas Feridas,Pleno dia           ,Céu Claro           ,Dupla               ,Não       ,Automóvel           ,Lesões Leves        ,61.0,Feminino            
92026,2017-12-06,RN,406.0,CEARA-MIRIM                                                 ,Falta de Atenção à Condução                                                                         ,Colisão transversal                                                                                                                                                                                     ,Sem Vítimas,Pleno dia           ,Céu Claro           ,Simples             ,Sim       ,Automóvel           ,Ileso               ,46.0,Masculino           
92026,2017-12-06,RN,406.0,CEARA-MIRIM                                                 ,Falta de Atenção à Condução                                                                         ,Colisão transversal                                                                                                                                                                                     ,Sem Vítimas,Pleno dia           ,Céu Claro           ,Simples             ,Sim       ,Automóvel           ,Ileso               ,38.0,Masculino           
92039,2017-12-06,RN,226.0,TANGARA                                                     ,Falta de Atenção à Condução                                                                         ,Capotamento                                                                                                                                                                                             ,Sem Vítimas,Pleno dia           ,Céu Claro           ,Simples             ,Não       ,Caminhonete         ,Ileso               ,26.0,Masculino           
92082,2017-12-06,RN,110.0,MOSSORO                                                     ,Falta de Atenção do Pedestre                                                                        ,Atropelamento de Pedestre                                                                                                                                                                               ,Com Vítimas Feridas,Pleno dia           ,Céu Claro           ,Simples             ,Sim       ,Motocicleta         ,Lesões Graves       ,63.0,Masculino           
92082,2017-12-06,RN,110.0,MOSSORO                                                     ,Falta de Atenção do Pedestre                                                                        ,Atropelamento de Pedestre                                                                                                                                                                               ,Com Vítimas Feridas,Pleno dia           ,Céu Claro           ,Simples             ,Sim       ,Motocicleta         ,Não Informado       ,,Não Informado       
92168,2017-12-06,RN,304.0,SAO PEDRO                                                   ,Falta de Atenção do Pedestre                                                                        ,Atropelamento de Pedestre                                                                                                                                                                               ,Com Vítimas Fatais,Plena Noite         ,Céu Claro           ,Simples             ,Sim       ,Outros              ,Ileso               ,,Ignorado            
92168,2017-12-06,RN,304.0,SAO PEDRO                                                   ,Falta de Atenção do Pedestre                                                                        ,Atropelamento de Pedestre                                                                                                                                                                               ,Com Vítimas Fatais,Plena Noite         ,Céu Claro           ,Simples             ,Sim       ,Outros              ,Óbito               ,60.0,Masculino           
92176,2017-12-06,RN,101.0,NATAL                                                       ,Não guardar distância de segurança                                                                  ,Colisão traseira                                                                                                                                                                                        ,Com Vítimas Feridas,Plena Noite         ,Céu Claro           ,Múltipla            ,Sim       ,Motocicleta         ,Lesões Leves        ,44.0,Masculino           
92176,2017-12-06,RN,101.0,NATAL                                                       ,Não guardar distância de segurança                                                                  ,Colisão traseira                                                                                                                                                                                        ,Com Vítimas Feridas,Plena Noite         ,Céu Claro           ,Múltipla            ,Sim       ,Automóvel           ,Ileso               ,27.0,Feminino            
92200,2017-12-06,RN,101.0,PARNAMIRIM                                                  ,Falta de Atenção à Condução                                                                         ,Colisão lateral                                                                                                                                                                                         ,Sem Vítimas,Plena Noite         ,Céu Claro           ,Múltipla            ,Não       ,Caminhonete         ,Não Informado       ,,Não Informado       
92200,2017-12-06,RN,101.0,PARNAMIRIM                                                  ,Falta de Atenção à Condução                                                                         ,Colisão lateral                                                                                                                                                                                         ,Sem Vítimas,Plena Noite         ,Céu Claro           ,Múltipla            ,Não       ,Ônibus              ,Ileso               ,30.0,Masculino           
92281,2017-12-07,RN,304.0,MACAIBA                                                     ,Não guardar distância de segurança                                                                  ,Colisão traseira                                                                                                                                                                                        ,Com Vítimas Feridas,Pleno dia           ,Céu Claro           ,Simples             ,Não       ,Caminhonete         ,Ileso               ,32.0,Masculino           
92281,2017-12-07,RN,304.0,MACAIBA                                                     ,Não guardar distância de segurança                                                                  ,Colisão traseira                                                                                                                                                                                        ,Com Vítimas Feridas,Pleno dia           ,Céu Claro           ,Simples             ,Não       ,Motocicleta         ,Lesões Leves        ,72.0,Masculino           
92292,2017-12-07,RN,304.0,MACAIBA                                                     ,Ultrapassagem Indevida                                                                              ,Colisão lateral                                                                                                                                                                                         ,Com Vítimas Fatais,Pleno dia           ,Céu Claro           ,Simples             ,Não       ,Caminhão            ,Ileso               ,45.0,Masculino           
92292,2017-12-07,RN,304.0,MACAIBA                                                     ,Ultrapassagem Indevida                                                                              ,Colisão lateral                                                                                                                                                                                         ,Com Vítimas Fatais,Pleno dia           ,Céu Claro           ,Simples             ,Não       ,Caminhão            ,Ileso               ,62.0,Masculino           
92292,2017-12-07,RN,304.0,MACAIBA                                                     ,Ultrapassagem Indevida                                                                              ,Colisão lateral                                                                                                                                                                                         ,Com Vítimas Fatais,Pleno dia           ,Céu Claro           ,Simples             ,Não       ,Automóvel           ,Lesões Graves       ,25.0,Masculino           
92292,2017-12-07,RN,304.0,MACAIBA                                                     ,Ultrapassagem Indevida                                                                              ,Colisão lateral                                                                                                                                                                                         ,Com Vítimas Fatais,Pleno dia           ,Céu Claro           ,Simples             ,Não       ,Automóvel           ,Lesões Graves       ,32.0,Masculino           
92292,2017-12-07,RN,304.0,MACAIBA                                                     ,Ultrapassagem Indevida                                                                              ,Colisão lateral                                                                                                                                                                                         ,Com Vítimas Fatais,Pleno dia           ,Céu Claro           ,Simples             ,Não       ,Automóvel           ,Óbito               ,39.0,Masculino           
92319,2017-12-07,RN,101.0,CANGUARETAMA                                                ,Velocidade Incompatível                                                                             ,Saída de leito carroçável                                                                                                                                                                               ,Com Vítimas Feridas,Pleno dia           ,Céu Claro           ,Dupla               ,Não       ,Caminhão            ,Lesões Graves       ,23.0,Masculino           
92319,2017-12-07,RN,101.0,CANGUARETAMA                                                ,Velocidade Incompatível                                                                             ,Saída de leito carroçável                                                                                                                                                                               ,Com Vítimas Feridas,Pleno dia           ,Céu Claro           ,Dupla               ,Não       ,Caminhão            ,Lesões Leves        ,18.0,Masculino           
92436,2017-12-07,RN,101.0,ARES                                                        ,Velocidade Incompatível                                                                             ,Colisão traseira                                                                                                                                                                                        ,Sem Vítimas,Plena Noite         ,Ignorado            ,Dupla               ,Não       ,Caminhão            ,Ileso               ,43.0,Masculino           
92436,2017-12-07,RN,101.0,ARES                                                        ,Velocidade Incompatível                                                                             ,Colisão traseira                                                                                                                                                                                        ,Sem Vítimas,Plena Noite         ,Ignorado            ,Dupla               ,Não       ,Automóvel           ,Ileso               ,30.0,Masculino           
92441,2017-12-07,RN,226.0,SERRA CAIADA                                                ,Animais na Pista                                                                                    ,Atropelamento de Animal                                                                                                                                                                                 ,Com Vítimas Feridas,Plena Noite         ,Céu Claro           ,Simples             ,Não       ,Ônibus              ,Lesões Leves        ,68.0,Masculino           
92479,2017-12-08,RN,101.0,PARNAMIRIM                                                  ,Falta de Atenção à Condução                                                                         ,Queda de ocupante de veículo                                                                                                                                                                            ,Com Vítimas Feridas,Plena Noite         ,Céu Claro           ,Dupla               ,Sim       ,Motocicleta         ,Lesões Graves       ,42.0,Masculino           
92794,2017-12-09,RN,304.0,ACU                                                         ,Não guardar distância de segurança                                                                  ,Colisão traseira                                                                                                                                                                                        ,Com Vítimas Feridas,Plena Noite         ,Céu Claro           ,Simples             ,Não       ,Caminhão-trator     ,Ileso               ,49.0,Masculino           
92794,2017-12-09,RN,304.0,ACU                                                         ,Não guardar distância de segurança                                                                  ,Colisão traseira                                                                                                                                                                                        ,Com Vítimas Feridas,Plena Noite         ,Céu Claro           ,Simples             ,Não       ,Automóvel           ,Lesões Graves       ,28.0,Masculino           
92799,2017-12-09,RN,101.0,PARNAMIRIM                                                  ,Ingestão de Álcool                                                                                  ,Colisão traseira                                                                                                                                                                                        ,Com Vítimas Feridas,Plena Noite         ,Céu Claro           ,Dupla               ,Sim       ,Caminhonete         ,Ileso               ,29.0,Masculino           
92799,2017-12-09,RN,101.0,PARNAMIRIM                                                  ,Ingestão de Álcool                                                                                  ,Colisão traseira                                                                                                                                                                                        ,Com Vítimas Feridas,Plena Noite         ,Céu Claro           ,Dupla               ,Sim       ,Automóvel           ,Lesões Leves        ,32.0,Masculino           
92848,2017-12-09,RN,101.0,CEARA-MIRIM                                                 ,Ingestão de Álcool                                                                                  ,Danos eventuais                                                                                                                                                                                         ,Com Vítimas Fatais,Amanhecer           ,Céu Claro           ,Simples             ,Não       ,Camioneta           ,Óbito               ,55.0,Masculino           
92851,2017-12-08,RN,101.0,PARNAMIRIM                                                  ,Condutor Dormindo                                                                                   ,Colisão com objeto estático                                                                                                                                                                             ,Com Vítimas Feridas,Plena Noite         ,Céu Claro           ,Dupla               ,Sim       ,Motocicleta         ,Lesões Graves       ,29.0,Masculino           
92955,2017-07-14,RN,110.0,AREIA BRANCA                                                ,Falta de Atenção à Condução                                                                         ,Queda de ocupante de veículo                                                                                                                                                                            ,Com Vítimas Feridas,Pleno dia           ,Ignorado            ,Simples             ,Não       ,Motocicleta         ,Lesões Graves       ,,Feminino            
92955,2017-07-14,RN,110.0,AREIA BRANCA                                                ,Falta de Atenção à Condução                                                                         ,Queda de ocupante de veículo                                                                                                                                                                            ,Com Vítimas Feridas,Pleno dia           ,Ignorado            ,Simples             ,Não       ,Motocicleta         ,Lesões Leves        ,,Masculino           
93017,2017-12-09,RN,405.0,PAU DOS FERROS                                              ,Falta de Atenção à Condução                                                                         ,Colisão lateral                                                                                                                                                                                         ,Com Vítimas Feridas,Pleno dia           ,Céu Claro           ,Simples             ,Sim       ,Caminhão-trator     ,Ileso               ,59.0,Masculino           
93017,2017-12-09,RN,405.0,PAU DOS FERROS                                              ,Falta de Atenção à Condução                                                                         ,Colisão lateral                                                                                                                                                                                         ,Com Vítimas Feridas,Pleno dia           ,Céu Claro           ,Simples             ,Sim       ,Motocicleta         ,Lesões Graves       ,37.0,Masculino           
93054,2017-12-09,RN,226.0,CURRAIS NOVOS                                               ,Avarias e/ou desgaste excessivo no pneu                                                             ,Capotamento                                                                                                                                                                                             ,Com Vítimas Feridas,Pleno dia           ,Céu Claro           ,Simples             ,Não       ,Automóvel           ,Lesões Leves        ,31.0,Masculino           
93078,2017-12-09,RN,226.0,BOM JESUS                                                   ,Falta de Atenção à Condução                                                                         ,Colisão frontal                                                                                                                                                                                         ,Com Vítimas Feridas,Plena Noite         ,Céu Claro           ,Simples             ,Sim       ,Automóvel           ,Não Informado       ,,Não Informado       
93078,2017-12-09,RN,226.0,BOM JESUS                                                   ,Falta de Atenção à Condução                                                                         ,Colisão frontal                                                                                                                                                                                         ,Com Vítimas Feridas,Plena Noite         ,Céu Claro           ,Simples             ,Sim       ,Automóvel           ,Lesões Leves        ,25.0,Masculino           
93078,2017-12-09,RN,226.0,BOM JESUS                                                   ,Falta de Atenção à Condução                                                                         ,Colisão frontal                                                                                                                                                                                         ,Com Vítimas Feridas,Plena Noite         ,Céu Claro           ,Simples             ,Sim       ,Automóvel           ,Ileso               ,48.0,Masculino           
93078,2017-12-09,RN,226.0,BOM JESUS                                                   ,Falta de Atenção à Condução                                                                         ,Colisão frontal                                                                                                                                                                                         ,Com Vítimas Feridas,Plena Noite         ,Céu Claro           ,Simples             ,Sim       ,Automóvel           ,Ileso               ,32.0,Masculino           
93078,2017-12-09,RN,226.0,BOM JESUS                                                   ,Falta de Atenção à Condução                                                                         ,Colisão frontal                                                                                                                                                                                         ,Com Vítimas Feridas,Plena Noite         ,Céu Claro           ,Simples             ,Sim       ,Automóvel           ,Ileso               ,49.0,Masculino           
93078,2017-12-09,RN,226.0,BOM JESUS                                                   ,Falta de Atenção à Condução                                                                         ,Colisão frontal                                                                                                                                                                                         ,Com Vítimas Feridas,Plena Noite         ,Céu Claro           ,Simples             ,Sim       ,Automóvel           ,Ileso               ,31.0,Masculino           
93105,2017-12-09,RN,101.0,GOIANINHA                                                   ,Ingestão de Álcool                                                                                  ,Atropelamento de Animal                                                                                                                                                                                 ,Com Vítimas Fatais,Plena Noite         ,Ignorado            ,Dupla               ,Sim       ,Motocicleta         ,Lesões Graves       ,27.0,Masculino           
93105,2017-12-09,RN,101.0,GOIANINHA                                                   ,Ingestão de Álcool                                                                                  ,Atropelamento de Animal                                                                                                                                                                                 ,Com Vítimas Fatais,Plena Noite         ,Ignorado            ,Dupla               ,Sim       ,Motocicleta         ,Óbito               ,31.0,Masculino           
93164,2017-12-10,RN,101.0,SAO JOSE DE MIPIBU                                          ,Condutor Dormindo                                                                                   ,Colisão traseira                                                                                                                                                                                        ,Com Vítimas Feridas,Plena Noite         ,Céu Claro           ,Dupla               ,Não       ,Caminhão-trator     ,Ileso               ,44.0,Masculino           
93164,2017-12-10,RN,101.0,SAO JOSE DE MIPIBU                                          ,Condutor Dormindo                                                                                   ,Colisão traseira                                                                                                                                                                                        ,Com Vítimas Feridas,Plena Noite         ,Céu Claro           ,Dupla               ,Não       ,Caminhão-trator     ,Lesões Leves        ,60.0,Masculino           
93183,2017-12-10,RN,101.0,SAO JOSE DE MIPIBU                                          ,Ingestão de Álcool                                                                                  ,Atropelamento de Pedestre                                                                                                                                                                               ,Com Vítimas Fatais,Amanhecer           ,Céu Claro           ,Dupla               ,Não       ,Automóvel           ,Óbito               ,83.0,Masculino           
93183,2017-12-10,RN,101.0,SAO JOSE DE MIPIBU                                          ,Ingestão de Álcool                                                                                  ,Atropelamento de Pedestre                                                                                                                                                                               ,Com Vítimas Fatais,Amanhecer           ,Céu Claro           ,Dupla               ,Não       ,Automóvel           ,Não Informado       ,,Não Informado       
93211,2017-09-26,RN,304.0,MOSSORO                                                     ,Animais na Pista                                                                                    ,Atropelamento de Animal                                                                                                                                                                                 ,Sem Vítimas,Plena Noite         ,Céu Claro           ,Dupla               ,Sim       ,Automóvel           ,Ileso               ,39.0,Feminino            
93217,2017-12-10,RN,101.0,NATAL                                                       ,Não guardar distância de segurança                                                                  ,Colisão lateral                                                                                                                                                                                         ,Com Vítimas Feridas,Pleno dia           ,Céu Claro           ,Dupla               ,Sim       ,Motocicleta         ,Lesões Leves        ,35.0,Masculino           
93217,2017-12-10,RN,101.0,NATAL                                                       ,Não guardar distância de segurança                                                                  ,Colisão lateral                                                                                                                                                                                         ,Com Vítimas Feridas,Pleno dia           ,Céu Claro           ,Dupla               ,Sim       ,Camioneta           ,Ileso               ,46.0,Masculino           
93220,2017-12-10,RN,304.0,FERNANDO PEDROZA                                            ,Ingestão de Álcool                                                                                  ,Capotamento                                                                                                                                                                                             ,Com Vítimas Fatais,Pleno dia           ,Céu Claro           ,Simples             ,Não       ,Automóvel           ,Lesões Graves       ,20.0,Masculino           
93220,2017-12-10,RN,304.0,FERNANDO PEDROZA                                            ,Ingestão de Álcool                                                                                  ,Capotamento                                                                                                                                                                                             ,Com Vítimas Fatais,Pleno dia           ,Céu Claro           ,Simples             ,Não       ,Automóvel           ,Óbito               ,20.0,Masculino           
93220,2017-12-10,RN,304.0,FERNANDO PEDROZA                                            ,Ingestão de Álcool                                                                                  ,Capotamento                                                                                                                                                                                             ,Com Vítimas Fatais,Pleno dia           ,Céu Claro           ,Simples             ,Não       ,Automóvel           ,Óbito               ,18.0,Masculino           
93394,2017-12-10,RN,406.0,SAO GONCALO DO AMARANTE                                     ,Falta de Atenção do Pedestre                                                                        ,Atropelamento de Pedestre                                                                                                                                                                               ,Com Vítimas Feridas,Plena Noite         ,Céu Claro           ,Dupla               ,Sim       ,Automóvel           ,Lesões Graves       ,29.0,Masculino           
93394,2017-12-10,RN,406.0,SAO GONCALO DO AMARANTE                                     ,Falta de Atenção do Pedestre                                                                        ,Atropelamento de Pedestre                                                                                                                                                                               ,Com Vítimas Feridas,Plena Noite         ,Céu Claro           ,Dupla               ,Sim       ,Automóvel           ,Não Informado       ,,Não Informado       
93486,2017-12-11,RN,406.0,JANDAIRA                                                    ,Condutor Dormindo                                                                                   ,Colisão frontal                                                                                                                                                                                         ,Com Vítimas Fatais,Amanhecer           ,Céu Claro           ,Simples             ,Não       ,Automóvel           ,Óbito               ,21.0,Feminino            
93486,2017-12-11,RN,406.0,JANDAIRA                                                    ,Condutor Dormindo                                                                                   ,Colisão frontal                                                                                                                                                                                         ,Com Vítimas Fatais,Amanhecer           ,Céu Claro           ,Simples             ,Não       ,Automóvel           ,Lesões Graves       ,26.0,Masculino           
93486,2017-12-11,RN,406.0,JANDAIRA                                                    ,Condutor Dormindo                                                                                   ,Colisão frontal                                                                                                                                                                                         ,Com Vítimas Fatais,Amanhecer           ,Céu Claro           ,Simples             ,Não       ,Automóvel           ,Lesões Graves       ,18.0,Feminino            
93486,2017-12-11,RN,406.0,JANDAIRA                                                    ,Condutor Dormindo                                                                                   ,Colisão frontal                                                                                                                                                                                         ,Com Vítimas Fatais,Amanhecer           ,Céu Claro           ,Simples             ,Não       ,Automóvel           ,Lesões Graves       ,7.0,Feminino            
93486,2017-12-11,RN,406.0,JANDAIRA                                                    ,Condutor Dormindo                                                                                   ,Colisão frontal                                                                                                                                                                                         ,Com Vítimas Fatais,Amanhecer           ,Céu Claro           ,Simples             ,Não       ,Automóvel           ,Lesões Graves       ,11.0,Feminino            
93486,2017-12-11,RN,406.0,JANDAIRA                                                    ,Condutor Dormindo                                                                                   ,Colisão frontal                                                                                                                                                                                         ,Com Vítimas Fatais,Amanhecer           ,Céu Claro           ,Simples             ,Não       ,Automóvel           ,Lesões Graves       ,49.0,Feminino            
93486,2017-12-11,RN,406.0,JANDAIRA                                                    ,Condutor Dormindo                                                                                   ,Colisão frontal                                                                                                                                                                                         ,Com Vítimas Fatais,Amanhecer           ,Céu Claro           ,Simples             ,Não       ,Caminhão            ,Ileso               ,29.0,Masculino           
93514,2017-12-11,RN,101.0,PARNAMIRIM                                                  ,Ultrapassagem Indevida                                                                              ,Colisão lateral                                                                                                                                                                                         ,Com Vítimas Feridas,Pleno dia           ,Céu Claro           ,Dupla               ,Sim       ,Automóvel           ,Ileso               ,50.0,Masculino           
93514,2017-12-11,RN,101.0,PARNAMIRIM                                                  ,Ultrapassagem Indevida                                                                              ,Colisão lateral                                                                                                                                                                                         ,Com Vítimas Feridas,Pleno dia           ,Céu Claro           ,Dupla               ,Sim       ,Motocicleta         ,Não Informado       ,,Não Informado       
93514,2017-12-11,RN,101.0,PARNAMIRIM                                                  ,Ultrapassagem Indevida                                                                              ,Colisão lateral                                                                                                                                                                                         ,Com Vítimas Feridas,Pleno dia           ,Céu Claro           ,Dupla               ,Sim       ,Motocicleta         ,Lesões Leves        ,33.0,Feminino            
93518,2017-12-11,RN,406.0,JOAO CAMARA                                                 ,Falta de Atenção à Condução                                                                         ,Colisão transversal                                                                                                                                                                                     ,Com Vítimas Feridas,Pleno dia           ,Sol                 ,Simples             ,Sim       ,Automóvel           ,Ileso               ,64.0,Masculino           
93518,2017-12-11,RN,406.0,JOAO CAMARA                                                 ,Falta de Atenção à Condução                                                                         ,Colisão transversal                                                                                                                                                                                     ,Com Vítimas Feridas,Pleno dia           ,Sol                 ,Simples             ,Sim       ,Motocicleta         ,Lesões Leves        ,42.0,Masculino           
93540,2017-12-11,RN,427.0,JARDIM DO SERIDO                                            ,Falta de Atenção à Condução                                                                         ,Colisão transversal                                                                                                                                                                                     ,Com Vítimas Feridas,Pleno dia           ,Céu Claro           ,Simples             ,Sim       ,Motocicleta         ,Lesões Leves        ,67.0,Masculino           
93540,2017-12-11,RN,427.0,JARDIM DO SERIDO                                            ,Falta de Atenção à Condução                                                                         ,Colisão transversal                                                                                                                                                                                     ,Com Vítimas Feridas,Pleno dia           ,Céu Claro           ,Simples             ,Sim       ,Ciclomotor          ,Lesões Leves        ,18.0,Masculino           
93642,2017-12-11,RN,101.0,PARNAMIRIM                                                  ,Falta de Atenção à Condução                                                                         ,Colisão lateral                                                                                                                                                                                         ,Com Vítimas Feridas,Anoitecer           ,Céu Claro           ,Dupla               ,Sim       ,Motocicleta         ,Lesões Leves        ,37.0,Feminino            
93642,2017-12-11,RN,101.0,PARNAMIRIM                                                  ,Falta de Atenção à Condução                                                                         ,Colisão lateral                                                                                                                                                                                         ,Com Vítimas Feridas,Anoitecer           ,Céu Claro           ,Dupla               ,Sim       ,Camioneta           ,Ileso               ,47.0,Masculino           
93643,2017-12-11,RN,101.0,PARNAMIRIM                                                  ,Falta de Atenção à Condução                                                                         ,Colisão lateral                                                                                                                                                                                         ,Com Vítimas Feridas,Anoitecer           ,Céu Claro           ,Dupla               ,Sim       ,Bicicleta           ,Lesões Leves        ,14.0,Masculino           
93643,2017-12-11,RN,101.0,PARNAMIRIM                                                  ,Falta de Atenção à Condução                                                                         ,Colisão lateral                                                                                                                                                                                         ,Com Vítimas Feridas,Anoitecer           ,Céu Claro           ,Dupla               ,Sim       ,Automóvel           ,Ileso               ,5.0,Masculino           
93643,2017-12-11,RN,101.0,PARNAMIRIM                                                  ,Falta de Atenção à Condução                                                                         ,Colisão lateral                                                                                                                                                                                         ,Com Vítimas Feridas,Anoitecer           ,Céu Claro           ,Dupla               ,Sim       ,Automóvel           ,Ileso               ,31.0,Masculino           
93643,2017-12-11,RN,101.0,PARNAMIRIM                                                  ,Falta de Atenção à Condução                                                                         ,Colisão lateral                                                                                                                                                                                         ,Com Vítimas Feridas,Anoitecer           ,Céu Claro           ,Dupla               ,Sim       ,Automóvel           ,Ileso               ,33.0,Feminino            
93665,2017-12-11,RN,304.0,MACAIBA                                                     ,Falta de Atenção à Condução                                                                         ,Colisão transversal                                                                                                                                                                                     ,Com Vítimas Feridas,Plena Noite         ,Céu Claro           ,Simples             ,Sim       ,Motocicleta         ,Ileso               ,28.0,Masculino           
93665,2017-12-11,RN,304.0,MACAIBA                                                     ,Falta de Atenção à Condução                                                                         ,Colisão transversal                                                                                                                                                                                     ,Com Vítimas Feridas,Plena Noite         ,Céu Claro           ,Simples             ,Sim       ,Motocicleta         ,Lesões Leves        ,55.0,Masculino           
93678,2017-12-11,RN,110.0,MOSSORO                                                     ,Não guardar distância de segurança                                                                  ,Colisão lateral                                                                                                                                                                                         ,Com Vítimas Feridas,Plena Noite         ,Céu Claro           ,Simples             ,Sim       ,Motocicleta         ,Lesões Leves        ,25.0,Masculino           
93678,2017-12-11,RN,110.0,MOSSORO                                                     ,Não guardar distância de segurança                                                                  ,Colisão lateral                                                                                                                                                                                         ,Com Vítimas Feridas,Plena Noite         ,Céu Claro           ,Simples             ,Sim       ,Automóvel           ,Ileso               ,35.0,Masculino           
93755,2017-12-12,RN,304.0,SANTA MARIA                                                 ,Falta de Atenção à Condução                                                                         ,Colisão transversal                                                                                                                                                                                     ,Com Vítimas Feridas,Pleno dia           ,Sol                 ,Simples             ,Não       ,Camioneta           ,Lesões Leves        ,46.0,Masculino           
93755,2017-12-12,RN,304.0,SANTA MARIA                                                 ,Falta de Atenção à Condução                                                                         ,Colisão transversal                                                                                                                                                                                     ,Com Vítimas Feridas,Pleno dia           ,Sol                 ,Simples             ,Não       ,Camioneta           ,Lesões Leves        ,0.0,Feminino            
93755,2017-12-12,RN,304.0,SANTA MARIA                                                 ,Falta de Atenção à Condução                                                                         ,Colisão transversal                                                                                                                                                                                     ,Com Vítimas Feridas,Pleno dia           ,Sol                 ,Simples             ,Não       ,Camioneta           ,Lesões Leves        ,32.0,Feminino            
93755,2017-12-12,RN,304.0,SANTA MARIA                                                 ,Falta de Atenção à Condução                                                                         ,Colisão transversal                                                                                                                                                                                     ,Com Vítimas Feridas,Pleno dia           ,Sol                 ,Simples             ,Não       ,Camioneta           ,Lesões Leves        ,5.0,Feminino            
93755,2017-12-12,RN,304.0,SANTA MARIA                                                 ,Falta de Atenção à Condução                                                                         ,Colisão transversal                                                                                                                                                                                     ,Com Vítimas Feridas,Pleno dia           ,Sol                 ,Simples             ,Não       ,Caminhão            ,Ileso               ,36.0,Masculino           
93756,2017-12-12,RN,101.0,NATAL                                                       ,Desobediência às normas de trânsito pelo condutor                                                   ,Colisão lateral                                                                                                                                                                                         ,Com Vítimas Feridas,Pleno dia           ,Sol                 ,Dupla               ,Sim       ,Caminhonete         ,Ileso               ,67.0,Feminino            
93756,2017-12-12,RN,101.0,NATAL                                                       ,Desobediência às normas de trânsito pelo condutor                                                   ,Colisão lateral                                                                                                                                                                                         ,Com Vítimas Feridas,Pleno dia           ,Sol                 ,Dupla               ,Sim       ,Motocicleta         ,Lesões Leves        ,37.0,Masculino           
93757,2017-12-12,RN,406.0,SAO GONCALO DO AMARANTE                                     ,Falta de Atenção à Condução                                                                         ,Colisão traseira                                                                                                                                                                                        ,Com Vítimas Feridas,Pleno dia           ,Céu Claro           ,Dupla               ,Não       ,Motocicleta         ,Lesões Leves        ,38.0,Feminino            
93757,2017-12-12,RN,406.0,SAO GONCALO DO AMARANTE                                     ,Falta de Atenção à Condução                                                                         ,Colisão traseira                                                                                                                                                                                        ,Com Vítimas Feridas,Pleno dia           ,Céu Claro           ,Dupla               ,Não       ,Motocicleta         ,Ileso               ,26.0,Masculino           
93757,2017-12-12,RN,406.0,SAO GONCALO DO AMARANTE                                     ,Falta de Atenção à Condução                                                                         ,Colisão traseira                                                                                                                                                                                        ,Com Vítimas Feridas,Pleno dia           ,Céu Claro           ,Dupla               ,Não       ,Motocicleta         ,Lesões Leves        ,42.0,Masculino           
93784,2017-12-12,RN,101.0,PARNAMIRIM                                                  ,Defeito Mecânico no Veículo                                                                         ,Colisão com objeto estático                                                                                                                                                                             ,Com Vítimas Feridas,Pleno dia           ,Céu Claro           ,Dupla               ,Sim       ,Camioneta           ,Lesões Leves        ,51.0,Masculino           
93808,2017-12-12,RN,304.0,MOSSORO                                                     ,Falta de Atenção à Condução                                                                         ,Colisão lateral                                                                                                                                                                                         ,Com Vítimas Feridas,Pleno dia           ,Sol                 ,Dupla               ,Não       ,Motocicleta         ,Lesões Leves        ,56.0,Masculino           
93808,2017-12-12,RN,304.0,MOSSORO                                                     ,Falta de Atenção à Condução                                                                         ,Colisão lateral                                                                                                                                                                                         ,Com Vítimas Feridas,Pleno dia           ,Sol                 ,Dupla               ,Não       ,Automóvel           ,Ileso               ,19.0,Masculino           