id,data_inversa,uf,br,municipio,causa_acidente,tipo_acidente,classificacao_acidente,fase_dia,condicao_metereologica,tipo_pista,uso_solo,tipo_veiculo,estado_fisico,idade,sexo
93871,2017-06-25,RN,304.0,RIACHUELO                                                   ,Falta de Atenção à Condução                                                                         ,Colisão frontal                                                                                                                                                                                         ,Com Vítimas Feridas,Pleno dia           ,Céu Claro           ,Simples             ,Não       ,Automóvel           ,Lesões Leves        ,27.0,Feminino            
93871,2017-06-25,RN,304.0,RIACHUELO                                                   ,Falta de Atenção à Condução                                                                         ,Colisão frontal                                                                                                                                                                                         ,Com Vítimas Feridas,Pleno dia           ,Céu Claro           ,Simples             ,Não       ,Automóvel           ,Lesões Leves        ,39.0,Masculino           
93871,2017-06-25,RN,304.0,RIACHUELO                                                   ,Falta de Atenção à Condução                                                                         ,Colisão frontal                                                                                                                                                                                         ,Com Vítimas Feridas,Pleno dia           ,Céu Claro           ,Simples             ,Não       ,Automóvel           ,Lesões Leves        ,67.0,Masculino           
93871,2017-06-25,RN,304.0,RIACHUELO                                                   ,Falta de Atenção à Condução                                                                         ,Colisão frontal                                                                                                                                                                                         ,Com Vítimas Feridas,Pleno dia           ,Céu Claro           ,Simples             ,Não       ,Automóvel           ,Lesões Leves        ,65.0,Feminino            
93871,2017-06-25,RN,304.0,RIACHUELO                                                   ,Falta de Atenção à Condução                                                                         ,Colisão frontal                                                                                                                                                                                         ,Com Vítimas Feridas,Pleno dia           ,Céu Claro           ,Simples             ,Não       ,Automóvel           ,Lesões Leves        ,36.0,Masculino           
93871,2017-06-25,RN,304.0,RIACHUELO                                                   ,Falta de Atenção à Condução                                                                         ,Colisão frontal                                                                                                                                                                                         ,Com Vítimas Feridas,Pleno dia           ,Céu Claro           ,Simples             ,Não       ,Automóvel           ,Lesões Graves       ,46.0,Feminino            
93979,2017-12-13,RN,304.0,MOSSORO                                                     ,Ingestão de Álcool                                                                                  ,Colisão frontal                                                                                                                                                                                         ,Com Vítimas Feridas,Plena Noite         ,Céu Claro           ,Dupla               ,Sim       ,Automóvel           ,Lesões Leves        ,22.0,Masculino           
94027,2017-12-13,RN,101.0,PARNAMIRIM                                                  ,Falta de Atenção à Condução                                                                         ,Colisão lateral                                                                                                                                                                                         ,Com Vítimas Feridas,Pleno dia           ,Céu Claro           ,Dupla               ,Sim       ,Motocicleta         ,Ileso               ,50.0,Masculino           
94027,2017-12-13,RN,101.0,PARNAMIRIM                                                  ,Falta de Atenção à Condução                                                                         ,Colisão lateral                                                                                                                                                                                         ,Com Vítimas Feridas,Pleno dia           ,Céu Claro           ,Dupla               ,Sim       ,Motocicleta         ,Lesões Leves        ,31.0,Feminino            
94027,2017-12-13,RN,101.0,PARNAMIRIM                                                  ,Falta de Atenção à Condução                                                                         ,Colisão lateral                                                                                                                                                                                         ,Com Vítimas Feridas,Pleno dia           ,Céu Claro           ,Dupla               ,Sim       ,Automóvel           ,Ileso               ,60.0,Masculino           
94145,2017-12-13,RN,110.0,MOSSORO                                                     ,Deficiência ou não Acionamento do Sistema de Iluminação/Sinalização do Veículo                      ,Colisão transversal                                                                                                                                                                                     ,Com Vítimas Feridas,Plena Noite         ,Céu Claro           ,Simples             ,Sim       ,Motocicleta         ,Lesões Graves       ,45.0,Masculino           
94145,2017-12-13,RN,110.0,MOSSORO                                                     ,Deficiência ou não Acionamento do Sistema de Iluminação/Sinalização do Veículo                      ,Colisão transversal                                                                                                                                                                                     ,Com Vítimas Feridas,Plena Noite         ,Céu Claro           ,Simples             ,Sim       ,Motocicleta         ,Não Informado       ,,Não Informado       
94145,2017-12-13,RN,110.0,MOSSORO                                                     ,Deficiência ou não Acionamento do Sistema de Iluminação/Sinalização do Veículo                      ,Colisão transversal                                                                                                                                                                                     ,Com Vítimas Feridas,Plena Noite         ,Céu Claro           ,Simples             ,Sim       ,Caminhonete         ,Ileso               ,36.0,Masculino           
94145,2017-12-13,RN,110.0,MOSSORO                                                     ,Deficiência ou não Acionamento do Sistema de Iluminação/Sinalização do Veículo                      ,Colisão transversal                                                                                                                                                                                     ,Com Vítimas Feridas,Plena Noite         ,Céu Claro           ,Simples             ,Sim       ,Caminhonete         ,Ileso               ,34.0,Masculino           
94145,2017-12-13,RN,110.0,MOSSORO                                                     ,Deficiência ou não Acionamento do Sistema de Iluminação/Sinalização do Veículo                      ,Colisão transversal                                                                                                                                                                                     ,Com Vítimas Feridas,Plena Noite         ,Céu Claro           ,Simples             ,Sim       ,Caminhonete         ,Ileso               ,34.0,Masculino           
94280,2017-08-16,RN,101.0,PARNAMIRIM                                                  ,Falta de Atenção à Condução                                                                         ,Colisão lateral                                                                                                                                                                                         ,Sem Vítimas,Pleno dia           ,Céu Claro           ,Múltipla            ,Sim       ,Caminhão            ,Ileso               ,26.0,Masculino           
94280,2017-08-16,RN,101.0,PARNAMIRIM                                                  ,Falta de Atenção à Condução                                                                         ,Colisão lateral                                                                                                                                                                                         ,Sem Vítimas,Pleno dia           ,Céu Claro           ,Múltipla            ,Sim       ,Automóvel           ,Ileso               ,37.0,Masculino           
94358,2017-12-14,RN,101.0,NATAL                                                       ,Pista Escorregadia                                                                                  ,Tombamento                                                                                                                                                                                              ,Com Vítimas Feridas,Pleno dia           ,Chuva               ,Dupla               ,Sim       ,Motocicleta         ,Lesões Leves        ,33.0,Masculino           
94376,2017-12-10,RN,427.0,CAICO                                                       ,Desobediência às normas de trânsito pelo condutor                                                   ,Colisão transversal                                                                                                                                                                                     ,Com Vítimas Feridas,Pleno dia           ,Céu Claro           ,Dupla               ,Sim       ,Motocicleta         ,Lesões Leves        ,33.0,Masculino           
94376,2017-12-10,RN,427.0,CAICO                                                       ,Desobediência às normas de trânsito pelo condutor                                                   ,Colisão transversal                                                                                                                                                                                     ,Com Vítimas Feridas,Pleno dia           ,Céu Claro           ,Dupla               ,Sim       ,Automóvel           ,Ileso               ,43.0,Masculino           
94383,2017-12-14,RN,101.0,SAO GONCALO DO AMARANTE                                     ,Não guardar distância de segurança                                                                  ,Colisão lateral                                                                                                                                                                                         ,Com Vítimas Feridas,Pleno dia           ,Chuva               ,Dupla               ,Sim       ,Motocicleta         ,Lesões Leves        ,44.0,Masculino           
94383,2017-12-14,RN,101.0,SAO GONCALO DO AMARANTE                                     ,Não guardar distância de segurança                                                                  ,Colisão lateral                                                                                                                                                                                         ,Com Vítimas Feridas,Pleno dia           ,Chuva               ,Dupla               ,Sim       ,Automóvel           ,Ileso               ,27.0,Feminino            
94469,2017-11-24,RN,101.0,EXTREMOZ                                                    ,Desobediência às normas de trânsito pelo condutor                                                   ,Colisão transversal                                                                                                                                                                                     ,Sem Vítimas,Pleno dia           ,Sol                 ,Simples             ,Não       ,Caminhão            ,Ileso               ,,Masculino           
94469,2017-11-24,RN,101.0,EXTREMOZ                                                    ,Desobediência às normas de trânsito pelo condutor                                                   ,Colisão transversal                                                                                                                                                                                     ,Sem Vítimas,Pleno dia           ,Sol                 ,Simples             ,Não       ,Automóvel           ,Ileso               ,,Feminino            
94561,2017-11-25,RN,304.0,ANGICOS                                                     ,Falta de Atenção à Condução                                                                         ,Capotamento                                                                                                                                                                                             ,Com Vítimas Feridas,Plena Noite         ,Ignorado            ,Simples             ,Não       ,Automóvel           ,Lesões Leves        ,,Feminino            
94717,2017-12-15,RN,406.0,SAO GONCALO DO AMARANTE                                     ,Ingestão de Álcool                                                                                  ,Capotamento                                                                                                                                                                                             ,Com Vítimas Fatais,Anoitecer           ,Céu Claro           ,Simples             ,Não       ,Automóvel           ,Lesões Graves       ,,Masculino           
94717,2017-12-15,RN,406.0,SAO GONCALO DO AMARANTE                                     ,Ingestão de Álcool                                                                                  ,Capotamento                                                                                                                                                                                             ,Com Vítimas Fatais,Anoitecer           ,Céu Claro           ,Simples             ,Não       ,Automóvel           ,Lesões Graves       ,,Masculino           
94717,2017-12-15,RN,406.0,SAO GONCALO DO AMARANTE                                     ,Ingestão de Álcool                                                                                  ,Capotamento                                                                                                                                                                                             ,Com Vítimas Fatais,Anoitecer           ,Céu Claro           ,Simples             ,Não       ,Automóvel           ,Lesões Graves       ,,Feminino            
94717,2017-12-15,RN,406.0,SAO GONCALO DO AMARANTE                                     ,Ingestão de Álcool                                                                                  ,Capotamento                                                                                                                                                                                             ,Com Vítimas Fatais,Anoitecer           ,Céu Claro           ,Simples             ,Não       ,Automóvel           ,Óbito               ,62.0,Masculino           
94717,2017-12-15,RN,406.0,SAO GONCALO DO AMARANTE                                     ,Ingestão de Álcool                                                                                  ,Capotamento                                                                                                                                                                                             ,Com Vítimas Fatais,Anoitecer           ,Céu Claro           ,Simples             ,Não       ,Automóvel           ,Lesões Graves       ,,Não Informado       
94717,2017-12-15,RN,406.0,SAO GONCALO DO AMARANTE                                     ,Ingestão de Álcool                                                                                  ,Capotamento                                                                                                                                                                                             ,Com Vítimas Fatais,Anoitecer           ,Céu Claro           ,Simples             ,Não       ,Automóvel           ,Lesões Graves       ,,Masculino           
94723,2017-12-15,RN,226.0,SENADOR ELOI DE SOUZA                                       ,Condutor Dormindo                                                                                   ,Colisão frontal                                                                                                                                                                                         ,Com Vítimas Feridas,Plena Noite         ,Céu Claro           ,Simples             ,Não       ,Automóvel           ,Lesões Graves       ,57.0,Masculino           
94723,2017-12-15,RN,226.0,SENADOR ELOI DE SOUZA                                       ,Condutor Dormindo                                                                                   ,Colisão frontal                                                                                                                                                                                         ,Com Vítimas Feridas,Plena Noite         ,Céu Claro           ,Simples             ,Não       ,Automóvel           ,Lesões Leves        ,28.0,Masculino           
94790,2017-12-16,RN,101.0,SAO JOSE DE MIPIBU                                          ,Ingestão de Álcool                                                                                  ,Queda de ocupante de veículo                                                                                                                                                                            ,Com Vítimas Feridas,Plena Noite         ,Céu Claro           ,Dupla               ,Não       ,Motoneta            ,Lesões Leves        ,,Masculino           
94790,2017-12-16,RN,101.0,SAO JOSE DE MIPIBU                                          ,Ingestão de Álcool                                                                                  ,Queda de ocupante de veículo                                                                                                                                                                            ,Com Vítimas Feridas,Plena Noite         ,Céu Claro           ,Dupla               ,Não       ,Motoneta            ,Lesões Leves        ,35.0,Masculino           
94819,2017-12-16,RN,304.0,PARNAMIRIM                                                  ,Desobediência às normas de trânsito pelo condutor                                                   ,Colisão frontal                                                                                                                                                                                         ,Com Vítimas Fatais,Plena Noite         ,Céu Claro           ,Dupla               ,Sim       ,Motocicleta         ,Óbito               ,27.0,Masculino           
94819,2017-12-16,RN,304.0,PARNAMIRIM                                                  ,Desobediência às normas de trânsito pelo condutor                                                   ,Colisão frontal                                                                                                                                                                                         ,Com Vítimas Fatais,Plena Noite         ,Céu Claro           ,Dupla               ,Sim       ,Automóvel           ,Ileso               ,29.0,Masculino           
94841,2017-12-15,RN,304.0,SANTA MARIA                                                 ,Ultrapassagem Indevida                                                                              ,Colisão com objeto estático                                                                                                                                                                             ,Sem Vítimas,Pleno dia           ,Céu Claro           ,Simples             ,Não       ,Caminhão-trator     ,Ileso               ,32.0,Masculino           
94909,2017-12-16,RN,304.0,MACAIBA                                                     ,Condutor Dormindo                                                                                   ,Colisão traseira                                                                                                                                                                                        ,Com Vítimas Feridas,Pleno dia           ,Céu Claro           ,Simples             ,Não       ,Caminhonete         ,Lesões Leves        ,71.0,Masculino           
94909,2017-12-16,RN,304.0,MACAIBA                                                     ,Condutor Dormindo                                                                                   ,Colisão traseira                                                                                                                                                                                        ,Com Vítimas Feridas,Pleno dia           ,Céu Claro           ,Simples             ,Não       ,Automóvel           ,Lesões Leves        ,29.0,Masculino           
94914,2017-12-16,RN,405.0,RODOLFO FERNANDES                                           ,Desobediência às normas de trânsito pelo condutor                                                   ,Saída de leito carroçável                                                                                                                                                                               ,Com Vítimas Feridas,Pleno dia           ,Céu Claro           ,Simples             ,Não       ,Automóvel           ,Lesões Leves        ,38.0,Feminino            
94914,2017-12-16,RN,405.0,RODOLFO FERNANDES                                           ,Desobediência às normas de trânsito pelo condutor                                                   ,Saída de leito carroçável                                                                                                                                                                               ,Com Vítimas Feridas,Pleno dia           ,Céu Claro           ,Simples             ,Não       ,Automóvel           ,Ileso               ,29.0,Masculino           
94914,2017-12-16,RN,405.0,RODOLFO FERNANDES                                           ,Desobediência às normas de trânsito pelo condutor                                                   ,Saída de leito carroçável                                                                                                                                                                               ,Com Vítimas Feridas,Pleno dia           ,Céu Claro           ,Simples             ,Não       ,Automóvel           ,Ileso               ,38.0,Masculino           
94914,2017-12-16,RN,405.0,RODOLFO FERNANDES                                           ,Desobediência às normas de trânsito pelo condutor                                                   ,Saída de leito carroçável                                                                                                                                                                               ,Com Vítimas Feridas,Pleno dia           ,Céu Claro           ,Simples             ,Não       ,Caminhão            ,Lesões Leves        ,29.0,Masculino           
94914,2017-12-16,RN,405.0,RODOLFO FERNANDES                                           ,Desobediência às normas de trânsito pelo condutor                                                   ,Saída de leito carroçável                                                                                                                                                                               ,Com Vítimas Feridas,Pleno dia           ,Céu Claro           ,Simples             ,Não       ,Caminhão            ,Lesões Leves        ,17.0,Masculino           
94914,2017-12-16,RN,405.0,RODOLFO FERNANDES                                           ,Desobediência às normas de trânsito pelo condutor                                                   ,Saída de leito carroçável                                                                                                                                                                               ,Com Vítimas Feridas,Pleno dia           ,Céu Claro           ,Simples             ,Não       ,Caminhão            ,Lesões Leves        ,25.0,Masculino           
94922,2017-12-16,RN,226.0,CAMPO REDONDO                                               ,Falta de Atenção à Condução                                                                         ,Colisão traseira                                                                                                                                                                                        ,Com Vítimas Feridas,Pleno dia           ,Céu Claro           ,Simples             ,Não       ,Caminhão            ,Não Informado       ,,Não Informado       
94922,2017-12-16,RN,226.0,CAMPO REDONDO                                               ,Falta de Atenção à Condução                                                                         ,Colisão traseira                                                                                                                                                                                        ,Com Vítimas Feridas,Pleno dia           ,Céu Claro           ,Simples             ,Não       ,Automóvel           ,Ileso               ,28.0,Masculino           
94922,2017-12-16,RN,226.0,CAMPO REDONDO                                               ,Falta de Atenção à Condução                                                                         ,Colisão traseira                                                                                                                                                                                        ,Com Vítimas Feridas,Pleno dia           ,Céu Claro           ,Simples             ,Não       ,Automóvel           ,Lesões Leves        ,48.0,Feminino            
94922,2017-12-16,RN,226.0,CAMPO REDONDO                                               ,Falta de Atenção à Condução                                                                         ,Colisão traseira                                                                                                                                                                                        ,Com Vítimas Feridas,Pleno dia           ,Céu Claro           ,Simples             ,Não       ,Automóvel           ,Lesões Leves        ,25.0,Feminino            
94922,2017-12-16,RN,226.0,CAMPO REDONDO                                               ,Falta de Atenção à Condução                                                                         ,Colisão traseira                                                                                                                                                                                        ,Com Vítimas Feridas,Pleno dia           ,Céu Claro           ,Simples             ,Não       ,Caminhão            ,Ileso               ,44.0,Masculino           
95124,2017-12-16,RN,101.0,PARNAMIRIM                                                  ,Ingestão de Álcool                                                                                  ,Colisão transversal                                                                                                                                                                                     ,Com Vítimas Fatais,Plena Noite         ,Céu Claro           ,Dupla               ,Sim       ,Automóvel           ,Lesões Graves       ,45.0,Feminino            
95124,2017-12-16,RN,101.0,PARNAMIRIM                                                  ,Ingestão de Álcool                                                                                  ,Colisão transversal                                                                                                                                                                                     ,Com Vítimas Fatais,Plena Noite         ,Céu Claro           ,Dupla               ,Sim       ,Automóvel           ,Lesões Leves        ,53.0,Masculino           
95124,2017-12-16,RN,101.0,PARNAMIRIM                                                  ,Ingestão de Álcool                                                                                  ,Colisão transversal                                                                                                                                                                                     ,Com Vítimas Fatais,Plena Noite         ,Céu Claro           ,Dupla               ,Sim       ,Automóvel           ,Lesões Leves        ,68.0,Masculino           
95124,2017-12-16,RN,101.0,PARNAMIRIM                                                  ,Ingestão de Álcool                                                                                  ,Colisão transversal                                                                                                                                                                                     ,Com Vítimas Fatais,Plena Noite         ,Céu Claro           ,Dupla               ,Sim       ,Automóvel           ,Lesões Graves       ,50.0,Feminino            
95124,2017-12-16,RN,101.0,PARNAMIRIM                                                  ,Ingestão de Álcool                                                                                  ,Colisão transversal                                                                                                                                                                                     ,Com Vítimas Fatais,Plena Noite         ,Céu Claro           ,Dupla               ,Sim       ,Automóvel           ,Lesões Leves        ,33.0,Masculino           
95124,2017-12-16,RN,101.0,PARNAMIRIM                                                  ,Ingestão de Álcool                                                                                  ,Colisão transversal                                                                                                                                                                                     ,Com Vítimas Fatais,Plena Noite         ,Céu Claro           ,Dupla               ,Sim       ,Automóvel           ,Lesões Leves        ,35.0,Masculino           
95124,2017-12-16,RN,101.0,PARNAMIRIM                                                  ,Ingestão de Álcool                                                                                  ,Colisão transversal                                                                                                                                                                                     ,Com Vítimas Fatais,Plena Noite         ,Céu Claro           ,Dupla               ,Sim       ,Automóvel           ,Óbito               ,35.0,Masculino           
95203,2017-12-17,RN,101.0,NATAL                                                       ,Ingestão de Álcool                                                                                  ,Atropelamento de Pedestre                                                                                                                                                                               ,Com Vítimas Feridas,Pleno dia           ,Céu Claro           ,Múltipla            ,Sim       ,Motocicleta         ,Lesões Leves        ,23.0,Masculino           
95203,2017-12-17,RN,101.0,NATAL                                                       ,Ingestão de Álcool                                                                                  ,Atropelamento de Pedestre                                                                                                                                                                               ,Com Vítimas Feridas,Pleno dia           ,Céu Claro           ,Múltipla            ,Sim       ,Motocicleta         ,Ileso               ,22.0,Masculino           
95237,2017-12-17,RN,226.0,MACAIBA                                                     ,Defeito Mecânico no Veículo                                                                         ,Tombamento                                                                                                                                                                                              ,Com Vítimas Feridas,Pleno dia           ,Céu Claro           ,Simples             ,Sim       ,Motocicleta         ,Lesões Leves        ,33.0,Masculino           
95255,2017-12-17,RN,101.0,SAO GONCALO DO AMARANTE                                     ,Desobediência às normas de trânsito pelo condutor                                                   ,Atropelamento de Pedestre                                                                                                                                                                               ,Com Vítimas Feridas,Pleno dia           ,Céu Claro           ,Dupla               ,Sim       ,Motocicleta         ,Lesões Leves        ,29.0,Feminino            
95255,2017-12-17,RN,101.0,SAO GONCALO DO AMARANTE                                     ,Desobediência às normas de trânsito pelo condutor                                                   ,Atropelamento de Pedestre                                                                                                                                                                               ,Com Vítimas Feridas,Pleno dia           ,Céu Claro           ,Dupla               ,Sim       ,Motocicleta         ,Não Informado       ,,Não Informado       
95301,2017-12-17,RN,110.0,AREIA BRANCA                                                ,Falta de Atenção à Condução                                                                         ,Saída de leito carroçável                                                                                                                                                                               ,Com Vítimas Feridas,Pleno dia           ,Sol                 ,Simples             ,Não       ,Motoneta            ,Lesões Graves       ,37.0,Masculino           
95376,2017-12-17,RN,405.0,MOSSORO                                                     ,Desobediência às normas de trânsito pelo condutor                                                   ,Tombamento                                                                                                                                                                                              ,Com Vítimas Feridas,Pleno dia           ,Céu Claro           ,Simples             ,Sim       ,Motocicleta         ,Lesões Graves       ,24.0,Masculino           
95376,2017-12-17,RN,405.0,MOSSORO                                                     ,Desobediência às normas de trânsito pelo condutor                                                   ,Tombamento                                                                                                                                                                                              ,Com Vítimas Feridas,Pleno dia           ,Céu Claro           ,Simples             ,Sim       ,Automóvel           ,Ileso               ,76.0,Masculino           
95382,2017-12-17,RN,226.0,CURRAIS NOVOS                                               ,Animais na Pista                                                                                    ,Atropelamento de Animal                                                                                                                                                                                 ,Com Vítimas Feridas,Anoitecer           ,Céu Claro           ,Simples             ,Sim       ,Motocicleta         ,Lesões Graves       ,42.0,Masculino           
95399,2017-12-17,RN,226.0,JANDUIS                                                     ,Falta de Atenção à Condução                                                                         ,Saída de leito carroçável                                                                                                                                                                               ,Com Vítimas Fatais,Anoitecer           ,Céu Claro           ,Simples             ,Não       ,Motocicleta         ,Óbito               ,20.0,Masculino           
95422,2017-12-17,RN,110.0,MOSSORO                                                     ,Falta de Atenção à Condução                                                                         ,Colisão traseira                                                                                                                                                                                        ,Com Vítimas Fatais,Plena Noite         ,Céu Claro           ,Dupla               ,Sim       ,Caminhão-trator     ,Não Informado       ,,Não Informado       
95422,2017-12-17,RN,110.0,MOSSORO                                                     ,Falta de Atenção à Condução                                                                         ,Colisão traseira                                                                                                                                                                                        ,Com Vítimas Fatais,Plena Noite         ,Céu Claro           ,Dupla               ,Sim       ,Caminhão-trator     ,Não Informado       ,,Não Informado       
95422,2017-12-17,RN,110.0,MOSSORO                                                     ,Falta de Atenção à Condução                                                                         ,Colisão traseira                                                                                                                                                                                        ,Com Vítimas Fatais,Plena Noite         ,Céu Claro           ,Dupla               ,Sim       ,Caminhão-trator     ,Ileso               ,35.0,Masculino           
95422,2017-12-17,RN,110.0,MOSSORO                                                     ,Falta de Atenção à Condução                                                                         ,Colisão traseira                                                                                                                                                                                        ,Com Vítimas Fatais,Plena Noite         ,Céu Claro           ,Dupla               ,Sim       ,Motocicleta         ,Óbito               ,58.0,Masculino           
95519,2017-12-18,RN,226.0,CAMPO REDONDO                                               ,Desobediência às normas de trânsito pelo condutor                                                   ,Colisão frontal                                                                                                                                                                                         ,Com Vítimas Feridas,Amanhecer           ,Céu Claro           ,Simples             ,Sim       ,Caminhonete         ,Não Informado       ,,Não Informado       
95519,2017-12-18,RN,226.0,CAMPO REDONDO                                               ,Desobediência às normas de trânsito pelo condutor                                                   ,Colisão frontal                                                                                                                                                                                         ,Com Vítimas Feridas,Amanhecer           ,Céu Claro           ,Simples             ,Sim       ,Caminhonete         ,Não Informado       ,,Não Informado       
95519,2017-12-18,RN,226.0,CAMPO REDONDO                                               ,Desobediência às normas de trânsito pelo condutor                                                   ,Colisão frontal                                                                                                                                                                                         ,Com Vítimas Feridas,Amanhecer           ,Céu Claro           ,Simples             ,Sim       ,Motocicleta         ,Lesões Graves       ,29.0,Masculino           
95519,2017-12-18,RN,226.0,CAMPO REDONDO                                               ,Desobediência às normas de trânsito pelo condutor                                                   ,Colisão frontal                                                                                                                                                                                         ,Com Vítimas Feridas,Amanhecer           ,Céu Claro           ,Simples             ,Sim       ,Motocicleta         ,Lesões Graves       ,30.0,Masculino           
95598,2017-12-18,RN,304.0,ITAJA                                                       ,Falta de Atenção à Condução                                                                         ,Colisão lateral                                                                                                                                                                                         ,Com Vítimas Feridas,Pleno dia           ,Céu Claro           ,Simples             ,Sim       ,Caminhão            ,Não Informado       ,,Não Informado       
95598,2017-12-18,RN,304.0,ITAJA                                                       ,Falta de Atenção à Condução                                                                         ,Colisão lateral                                                                                                                                                                                         ,Com Vítimas Feridas,Pleno dia           ,Céu Claro           ,Simples             ,Sim       ,Automóvel           ,Lesões Leves        ,117.0,Masculino           
95598,2017-12-18,RN,304.0,ITAJA                                                       ,Falta de Atenção à Condução                                                                         ,Colisão lateral                                                                                                                                                                                         ,Com Vítimas Feridas,Pleno dia           ,Céu Claro           ,Simples             ,Sim       ,Automóvel           ,Lesões Leves        ,26.0,Masculino           
95598,2017-12-18,RN,304.0,ITAJA                                                       ,Falta de Atenção à Condução                                                                         ,Colisão lateral                                                                                                                                                                                         ,Com Vítimas Feridas,Pleno dia           ,Céu Claro           ,Simples             ,Sim       ,Automóvel           ,Lesões Leves        ,40.0,Feminino            
95598,2017-12-18,RN,304.0,ITAJA                                                       ,Falta de Atenção à Condução                                                                         ,Colisão lateral                                                                                                                                                                                         ,Com Vítimas Feridas,Pleno dia           ,Céu Claro           ,Simples             ,Sim       ,Automóvel           ,Lesões Leves        ,58.0,Masculino           
95671,2017-12-18,RN,405.0,MOSSORO                                                     ,Desobediência às normas de trânsito pelo condutor                                                   ,Colisão traseira                                                                                                                                                                                        ,Com Vítimas Feridas,Pleno dia           ,Céu Claro           ,Dupla               ,Sim       ,Motocicleta         ,Lesões Leves        ,43.0,Masculino           
95671,2017-12-18,RN,405.0,MOSSORO                                                     ,Desobediência às normas de trânsito pelo condutor                                                   ,Colisão traseira                                                                                                                                                                                        ,Com Vítimas Feridas,Pleno dia           ,Céu Claro           ,Dupla               ,Sim       ,Automóvel           ,Ileso               ,36.0,Masculino           
95876,2017-12-19,RN,427.0,CAICO                                                       ,Falta de Atenção à Condução                                                                         ,Colisão transversal                                                                                                                                                                                     ,Com Vítimas Feridas,Pleno dia           ,Céu Claro           ,Simples             ,Sim       ,Motocicleta         ,Lesões Leves        ,20.0,Masculino           
95876,2017-12-19,RN,427.0,CAICO                                                       ,Falta de Atenção à Condução                                                                         ,Colisão transversal                                                                                                                                                                                     ,Com Vítimas Feridas,Pleno dia           ,Céu Claro           ,Simples             ,Sim       ,Automóvel           ,Ileso               ,75.0,Masculino           
95881,2017-12-19,RN,110.0,MOSSORO                                                     ,Não guardar distância de segurança                                                                  ,Tombamento                                                                                                                                                                                              ,Com Vítimas Feridas,Pleno dia           ,Sol                 ,Dupla               ,Sim       ,Motocicleta         ,Lesões Graves       ,43.0,Masculino           
95973,2017-12-19,RN,101.0,SAO GONCALO DO AMARANTE                                     ,Falta de Atenção à Condução                                                                         ,Colisão traseira                                                                                                                                                                                        ,Sem Vítimas,Pleno dia           ,Céu Claro           ,Dupla               ,Sim       ,Caminhonete         ,Ileso               ,27.0,Masculino           
95973,2017-12-19,RN,101.0,SAO GONCALO DO AMARANTE                                     ,Falta de Atenção à Condução                                                                         ,Colisão traseira                                                                                                                                                                                        ,Sem Vítimas,Pleno dia           ,Céu Claro           ,Dupla               ,Sim       ,Automóvel           ,Ileso               ,51.0,Masculino           
95978,2017-12-19,RN,304.0,MOSSORO                                                     ,Falta de Atenção à Condução                                                                         ,Colisão traseira                                                                                                                                                                                        ,Com Vítimas Feridas,Pleno dia           ,Nublado             ,Dupla               ,Não       ,Ciclomotor          ,Lesões Leves        ,68.0,Masculino           
95978,2017-12-19,RN,304.0,MOSSORO                                                     ,Falta de Atenção à Condução                                                                         ,Colisão traseira                                                                                                                                                                                        ,Com Vítimas Feridas,Pleno dia           ,Nublado             ,Dupla               ,Não       ,Automóvel           ,Ileso               ,34.0,Masculino           
96045,2017-12-19,RN,101.0,NATAL                                                       ,Falta de Atenção à Condução                                                                         ,Colisão lateral                                                                                                                                                                                         ,Com Vítimas Feridas,Plena Noite         ,Céu Claro           ,Dupla               ,Sim       ,Automóvel           ,Lesões Leves        ,63.0,Feminino            
96045,2017-12-19,RN,101.0,NATAL                                                       ,Falta de Atenção à Condução                                                                         ,Colisão lateral                                                                                                                                                                                         ,Com Vítimas Feridas,Plena Noite         ,Céu Claro           ,Dupla               ,Sim       ,Ônibus              ,Ileso               ,44.0,Masculino           
96170,2017-12-20,RN,405.0,PAU DOS FERROS                                              ,Falta de Atenção à Condução                                                                         ,Colisão frontal                                                                                                                                                                                         ,Com Vítimas Feridas,Pleno dia           ,Sol                 ,Simples             ,Não       ,Motocicleta         ,Lesões Leves        ,25.0,Masculino           
96170,2017-12-20,RN,405.0,PAU DOS FERROS                                              ,Falta de Atenção à Condução                                                                         ,Colisão frontal                                                                                                                                                                                         ,Com Vítimas Feridas,Pleno dia           ,Sol                 ,Simples             ,Não       ,Caminhonete         ,Não Informado       ,,Não Informado       
96193,2017-12-20,RN,304.0,PARNAMIRIM                                                  ,Desobediência às normas de trânsito pelo condutor                                                   ,Colisão traseira                                                                                                                                                                                        ,Com Vítimas Feridas,Pleno dia           ,Céu Claro           ,Dupla               ,Não       ,Motoneta            ,Lesões Graves       ,27.0,Feminino            
96193,2017-12-20,RN,304.0,PARNAMIRIM                                                  ,Desobediência às normas de trânsito pelo condutor                                                   ,Colisão traseira                                                                                                                                                                                        ,Com Vítimas Feridas,Pleno dia           ,Céu Claro           ,Dupla               ,Não       ,Caminhão            ,Ileso               ,53.0,Masculino           
96430,2017-12-21,RN,304.0,MOSSORO                                                     ,Falta de Atenção à Condução                                                                         ,Colisão traseira                                                                                                                                                                                        ,Com Vítimas Feridas,Pleno dia           ,Nublado             ,Dupla               ,Sim       ,Ciclomotor          ,Lesões Leves        ,54.0,Masculino           
96430,2017-12-21,RN,304.0,MOSSORO                                                     ,Falta de Atenção à Condução                                                                         ,Colisão traseira                                                                                                                                                                                        ,Com Vítimas Feridas,Pleno dia           ,Nublado             ,Dupla               ,Sim       ,Automóvel           ,Ileso               ,61.0,Masculino           