id,data_inversa,uf,br,municipio,causa_acidente,tipo_acidente,classificacao_acidente,fase_dia,condicao_metereologica,tipo_pista,uso_solo,tipo_veiculo,estado_fisico,idade,sexo
96622,2017-12-21,RN,427.0,SAO FERNANDO                                                ,Falta de Atenção à Condução                                                                         ,Colisão com objeto estático                                                                                                                                                                             ,Sem Vítimas,Pleno dia           ,Céu Claro           ,Simples             ,Não       ,Automóvel           ,Ileso               ,50.0,Masculino           
96622,2017-12-21,RN,427.0,SAO FERNANDO                                                ,Falta de Atenção à Condução                                                                         ,Colisão com objeto estático                                                                                                                                                                             ,Sem Vítimas,Pleno dia           ,Céu Claro           ,Simples             ,Não       ,Automóvel           ,Não Informado       ,,Não Informado       
96622,2017-12-21,RN,427.0,SAO FERNANDO                                                ,Falta de Atenção à Condução                                                                         ,Colisão com objeto estático                                                                                                                                                                             ,Sem Vítimas,Pleno dia           ,Céu Claro           ,Simples             ,Não       ,Motocicleta         ,Não Informado       ,,Não Informado       
96817,2017-12-22,RN,405.0,MOSSORO                                                     ,Falta de Atenção à Condução                                                                         ,Colisão lateral                                                                                                                                                                                         ,Com Vítimas Feridas,Pleno dia           ,Nublado             ,Dupla               ,Sim       ,Automóvel           ,Não Informado       ,,Não Informado       
96817,2017-12-22,RN,405.0,MOSSORO                                                     ,Falta de Atenção à Condução                                                                         ,Colisão lateral                                                                                                                                                                                         ,Com Vítimas Feridas,Pleno dia           ,Nublado             ,Dupla               ,Sim       ,Motocicleta         ,Lesões Leves        ,26.0,Masculino           
96954,2017-12-22,RN,101.0,NATAL                                                       ,Ingestão de Álcool                                                                                  ,Colisão traseira                                                                                                                                                                                        ,Sem Vítimas,Anoitecer           ,Céu Claro           ,Múltipla            ,Sim       ,Automóvel           ,Ileso               ,59.0,Masculino           
96954,2017-12-22,RN,101.0,NATAL                                                       ,Ingestão de Álcool                                                                                  ,Colisão traseira                                                                                                                                                                                        ,Sem Vítimas,Anoitecer           ,Céu Claro           ,Múltipla            ,Sim       ,Automóvel           ,Ileso               ,21.0,Masculino           
96987,2017-12-22,RN,101.0,NATAL                                                       ,Pista Escorregadia                                                                                  ,Queda de ocupante de veículo                                                                                                                                                                            ,Com Vítimas Feridas,Plena Noite         ,Garoa/Chuvisco      ,Dupla               ,Não       ,Motocicleta         ,Ileso               ,34.0,Masculino           
96987,2017-12-22,RN,101.0,NATAL                                                       ,Pista Escorregadia                                                                                  ,Queda de ocupante de veículo                                                                                                                                                                            ,Com Vítimas Feridas,Plena Noite         ,Garoa/Chuvisco      ,Dupla               ,Não       ,Motocicleta         ,Lesões Leves        ,53.0,Feminino            
97098,2017-12-23,RN,304.0,MACAIBA                                                     ,Ingestão de Álcool                                                                                  ,Queda de ocupante de veículo                                                                                                                                                                            ,Com Vítimas Feridas,Plena Noite         ,Nublado             ,Simples             ,Não       ,Motocicleta         ,Lesões Graves       ,31.0,Masculino           
97160,2017-12-23,RN,304.0,MOSSORO                                                     ,Ingestão de Álcool                                                                                  ,Queda de ocupante de veículo                                                                                                                                                                            ,Com Vítimas Feridas,Plena Noite         ,Céu Claro           ,Dupla               ,Sim       ,Motocicleta         ,Lesões Leves        ,39.0,Masculino           
97182,2017-12-23,RN,101.0,NATAL                                                       ,Ingestão de Álcool                                                                                  ,Colisão traseira                                                                                                                                                                                        ,Com Vítimas Feridas,Pleno dia           ,Céu Claro           ,Dupla               ,Sim       ,Motocicleta         ,Lesões Leves        ,30.0,Masculino           
97182,2017-12-23,RN,101.0,NATAL                                                       ,Ingestão de Álcool                                                                                  ,Colisão traseira                                                                                                                                                                                        ,Com Vítimas Feridas,Pleno dia           ,Céu Claro           ,Dupla               ,Sim       ,Automóvel           ,Ileso               ,34.0,Feminino            
97223,2017-12-23,RN,101.0,NATAL                                                       ,Falta de Atenção à Condução                                                                         ,Colisão lateral                                                                                                                                                                                         ,Com Vítimas Feridas,Pleno dia           ,Céu Claro           ,Dupla               ,Não       ,Motocicleta         ,Lesões Leves        ,21.0,Feminino            
97223,2017-12-23,RN,101.0,NATAL                                                       ,Falta de Atenção à Condução                                                                         ,Colisão lateral                                                                                                                                                                                         ,Com Vítimas Feridas,Pleno dia           ,Céu Claro           ,Dupla               ,Não       ,Motocicleta         ,Lesões Leves        ,20.0,Masculino           
97247,2017-12-23,RN,304.0,ACU                                                         ,Não guardar distância de segurança                                                                  ,Colisão traseira                                                                                                                                                                                        ,Com Vítimas Feridas,Pleno dia           ,Nublado             ,Simples             ,Não       ,Motocicleta         ,Lesões Leves        ,29.0,Masculino           
97247,2017-12-23,RN,304.0,ACU                                                         ,Não guardar distância de segurança                                                                  ,Colisão traseira                                                                                                                                                                                        ,Com Vítimas Feridas,Pleno dia           ,Nublado             ,Simples             ,Não       ,Automóvel           ,Ileso               ,48.0,Masculino           
97293,2017-12-23,RN,101.0,NATAL                                                       ,Não guardar distância de segurança                                                                  ,Colisão traseira                                                                                                                                                                                        ,Com Vítimas Feridas,Pleno dia           ,Céu Claro           ,Dupla               ,Sim       ,Motocicleta         ,Lesões Leves        ,60.0,Masculino           
97293,2017-12-23,RN,101.0,NATAL                                                       ,Não guardar distância de segurança                                                                  ,Colisão traseira                                                                                                                                                                                        ,Com Vítimas Feridas,Pleno dia           ,Céu Claro           ,Dupla               ,Sim       ,Automóvel           ,Ileso               ,23.0,Masculino           
97513,2017-12-23,RN,427.0,CAICO                                                       ,Falta de Atenção à Condução                                                                         ,Colisão com objeto em movimento                                                                                                                                                                         ,Com Vítimas Feridas,Plena Noite         ,Céu Claro           ,Simples             ,Sim       ,Bicicleta           ,Lesões Graves       ,36.0,Masculino           
97513,2017-12-23,RN,427.0,CAICO                                                       ,Falta de Atenção à Condução                                                                         ,Colisão com objeto em movimento                                                                                                                                                                         ,Com Vítimas Feridas,Plena Noite         ,Céu Claro           ,Simples             ,Sim       ,Motocicleta         ,Lesões Graves       ,19.0,Masculino           
97516,2017-12-23,RN,304.0,MOSSORO                                                     ,Ingestão de Álcool                                                                                  ,Colisão frontal                                                                                                                                                                                         ,Com Vítimas Feridas,Pleno dia           ,Céu Claro           ,Simples             ,Não       ,Reboque             ,Ileso               ,,Não Informado       
97516,2017-12-23,RN,304.0,MOSSORO                                                     ,Ingestão de Álcool                                                                                  ,Colisão frontal                                                                                                                                                                                         ,Com Vítimas Feridas,Pleno dia           ,Céu Claro           ,Simples             ,Não       ,Automóvel           ,Lesões Graves       ,36.0,Feminino            
97516,2017-12-23,RN,304.0,MOSSORO                                                     ,Ingestão de Álcool                                                                                  ,Colisão frontal                                                                                                                                                                                         ,Com Vítimas Feridas,Pleno dia           ,Céu Claro           ,Simples             ,Não       ,Automóvel           ,Lesões Leves        ,61.0,Masculino           
97516,2017-12-23,RN,304.0,MOSSORO                                                     ,Ingestão de Álcool                                                                                  ,Colisão frontal                                                                                                                                                                                         ,Com Vítimas Feridas,Pleno dia           ,Céu Claro           ,Simples             ,Não       ,Automóvel           ,Lesões Graves       ,46.0,Masculino           
97516,2017-12-23,RN,304.0,MOSSORO                                                     ,Ingestão de Álcool                                                                                  ,Colisão frontal                                                                                                                                                                                         ,Com Vítimas Feridas,Pleno dia           ,Céu Claro           ,Simples             ,Não       ,Automóvel           ,Lesões Graves       ,47.0,Masculino           
97583,2017-12-23,RN,101.0,CANGUARETAMA                                                ,Não guardar distância de segurança                                                                  ,Colisão lateral                                                                                                                                                                                         ,Com Vítimas Feridas,Plena Noite         ,Céu Claro           ,Dupla               ,Não       ,Automóvel           ,Não Informado       ,,Não Informado       
97583,2017-12-23,RN,101.0,CANGUARETAMA                                                ,Não guardar distância de segurança                                                                  ,Colisão lateral                                                                                                                                                                                         ,Com Vítimas Feridas,Plena Noite         ,Céu Claro           ,Dupla               ,Não       ,Automóvel           ,Lesões Leves        ,24.0,Masculino           
97723,2017-12-24,RN,101.0,SAO JOSE DE MIPIBU                                          ,Avarias e/ou desgaste excessivo no pneu                                                             ,Queda de ocupante de veículo                                                                                                                                                                            ,Com Vítimas Feridas,Pleno dia           ,Céu Claro           ,Dupla               ,Sim       ,Motocicleta         ,Lesões Graves       ,41.0,Feminino            
97723,2017-12-24,RN,101.0,SAO JOSE DE MIPIBU                                          ,Avarias e/ou desgaste excessivo no pneu                                                             ,Queda de ocupante de veículo                                                                                                                                                                            ,Com Vítimas Feridas,Pleno dia           ,Céu Claro           ,Dupla               ,Sim       ,Motocicleta         ,Lesões Leves        ,30.0,Masculino           
97885,2017-12-24,RN,304.0,MOSSORO                                                     ,Falta de Atenção do Pedestre                                                                        ,Atropelamento de Pedestre                                                                                                                                                                               ,Com Vítimas Feridas,Plena Noite         ,Céu Claro           ,Dupla               ,Sim       ,Automóvel           ,Lesões Graves       ,57.0,Masculino           
97885,2017-12-24,RN,304.0,MOSSORO                                                     ,Falta de Atenção do Pedestre                                                                        ,Atropelamento de Pedestre                                                                                                                                                                               ,Com Vítimas Feridas,Plena Noite         ,Céu Claro           ,Dupla               ,Sim       ,Automóvel           ,Ileso               ,22.0,Masculino           
97952,2017-12-25,RN,101.0,NATAL                                                       ,Falta de Atenção à Condução                                                                         ,Colisão com objeto estático                                                                                                                                                                             ,Sem Vítimas,Pleno dia           ,Garoa/Chuvisco      ,Dupla               ,Sim       ,Automóvel           ,Não Informado       ,,Não Informado       
97993,2017-12-25,RN,406.0,SAO GONCALO DO AMARANTE                                     ,Falta de Atenção à Condução                                                                         ,Colisão transversal                                                                                                                                                                                     ,Com Vítimas Feridas,Pleno dia           ,Céu Claro           ,Dupla               ,Não       ,Motocicleta         ,Lesões Graves       ,22.0,Masculino           
97993,2017-12-25,RN,406.0,SAO GONCALO DO AMARANTE                                     ,Falta de Atenção à Condução                                                                         ,Colisão transversal                                                                                                                                                                                     ,Com Vítimas Feridas,Pleno dia           ,Céu Claro           ,Dupla               ,Não       ,Motocicleta         ,Lesões Graves       ,21.0,Feminino            
97993,2017-12-25,RN,406.0,SAO GONCALO DO AMARANTE                                     ,Falta de Atenção à Condução                                                                         ,Colisão transversal                                                                                                                                                                                     ,Com Vítimas Feridas,Pleno dia           ,Céu Claro           ,Dupla               ,Não       ,Automóvel           ,Ileso               ,24.0,Feminino            
98113,2017-12-25,RN,101.0,NATAL                                                       ,Pista Escorregadia                                                                                  ,Colisão lateral                                                                                                                                                                                         ,Sem Vítimas,Amanhecer           ,Chuva               ,Múltipla            ,Sim       ,Motocicleta         ,Ileso               ,,Masculino           
98113,2017-12-25,RN,101.0,NATAL                                                       ,Pista Escorregadia                                                                                  ,Colisão lateral                                                                                                                                                                                         ,Sem Vítimas,Amanhecer           ,Chuva               ,Múltipla            ,Sim       ,Automóvel           ,Ileso               ,34.0,Masculino           
98135,2017-12-25,RN,406.0,CEARA-MIRIM                                                 ,Falta de Atenção à Condução                                                                         ,Colisão transversal                                                                                                                                                                                     ,Com Vítimas Feridas,Plena Noite         ,Céu Claro           ,Simples             ,Sim       ,Motocicleta         ,Ileso               ,,Ignorado            
98135,2017-12-25,RN,406.0,CEARA-MIRIM                                                 ,Falta de Atenção à Condução                                                                         ,Colisão transversal                                                                                                                                                                                     ,Com Vítimas Feridas,Plena Noite         ,Céu Claro           ,Simples             ,Sim       ,Ciclomotor          ,Lesões Leves        ,37.0,Masculino           
98135,2017-12-25,RN,406.0,CEARA-MIRIM                                                 ,Falta de Atenção à Condução                                                                         ,Colisão transversal                                                                                                                                                                                     ,Com Vítimas Feridas,Plena Noite         ,Céu Claro           ,Simples             ,Sim       ,Ciclomotor          ,Lesões Leves        ,57.0,Masculino           
98139,2017-12-25,RN,101.0,EXTREMOZ                                                    ,Falta de Atenção à Condução                                                                         ,Colisão transversal                                                                                                                                                                                     ,Sem Vítimas,Anoitecer           ,Céu Claro           ,Simples             ,Sim       ,Automóvel           ,Ileso               ,39.0,Masculino           
98139,2017-12-25,RN,101.0,EXTREMOZ                                                    ,Falta de Atenção à Condução                                                                         ,Colisão transversal                                                                                                                                                                                     ,Sem Vítimas,Anoitecer           ,Céu Claro           ,Simples             ,Sim       ,Automóvel           ,Ileso               ,34.0,Masculino           
98157,2017-12-25,RN,304.0,MOSSORO                                                     ,Ingestão de Álcool                                                                                  ,Queda de ocupante de veículo                                                                                                                                                                            ,Com Vítimas Feridas,Pleno dia           ,Céu Claro           ,Dupla               ,Sim       ,Motoneta            ,Lesões Graves       ,35.0,Masculino           
98201,2017-12-25,RN,226.0,SANTA CRUZ                                                  ,Ingestão de Álcool                                                                                  ,Colisão frontal                                                                                                                                                                                         ,Com Vítimas Fatais,Plena Noite         ,Céu Claro           ,Simples             ,Não       ,Caminhão            ,Ileso               ,50.0,Masculino           
98201,2017-12-25,RN,226.0,SANTA CRUZ                                                  ,Ingestão de Álcool                                                                                  ,Colisão frontal                                                                                                                                                                                         ,Com Vítimas Fatais,Plena Noite         ,Céu Claro           ,Simples             ,Não       ,Automóvel           ,Óbito               ,22.0,Masculino           
98256,2017-12-26,RN,304.0,MACAIBA                                                     ,Animais na Pista                                                                                    ,Atropelamento de Animal                                                                                                                                                                                 ,Com Vítimas Fatais,Amanhecer           ,Nublado             ,Dupla               ,Não       ,Motocicleta         ,Óbito               ,27.0,Masculino           
98308,2017-12-26,RN,304.0,RIACHUELO                                                   ,Falta de Atenção à Condução                                                                         ,Colisão com objeto estático                                                                                                                                                                             ,Com Vítimas Feridas,Pleno dia           ,Céu Claro           ,Simples             ,Sim       ,Automóvel           ,Lesões Leves        ,46.0,Masculino           
98323,2017-12-26,RN,406.0,JOAO CAMARA                                                 ,Falta de Atenção à Condução                                                                         ,Colisão lateral                                                                                                                                                                                         ,Com Vítimas Feridas,Pleno dia           ,Céu Claro           ,Simples             ,Sim       ,Motocicleta         ,Lesões Graves       ,55.0,Feminino            
98323,2017-12-26,RN,406.0,JOAO CAMARA                                                 ,Falta de Atenção à Condução                                                                         ,Colisão lateral                                                                                                                                                                                         ,Com Vítimas Feridas,Pleno dia           ,Céu Claro           ,Simples             ,Sim       ,Caminhão            ,Ileso               ,45.0,Masculino           
98335,2017-12-25,RN,304.0,MOSSORO                                                     ,Falta de Atenção à Condução                                                                         ,Colisão com objeto estático                                                                                                                                                                             ,Com Vítimas Feridas,Amanhecer           ,Céu Claro           ,Simples             ,Não       ,Motoneta            ,Lesões Graves       ,40.0,Feminino            
98409,2017-12-24,RN,101.0,EXTREMOZ                                                    ,Falta de Atenção à Condução                                                                         ,Colisão frontal                                                                                                                                                                                         ,Com Vítimas Feridas,Pleno dia           ,Céu Claro           ,Múltipla            ,Não       ,Automóvel           ,Lesões Leves        ,51.0,Masculino           
98409,2017-12-24,RN,101.0,EXTREMOZ                                                    ,Falta de Atenção à Condução                                                                         ,Colisão frontal                                                                                                                                                                                         ,Com Vítimas Feridas,Pleno dia           ,Céu Claro           ,Múltipla            ,Não       ,Automóvel           ,Lesões Leves        ,44.0,Masculino           
98409,2017-12-24,RN,101.0,EXTREMOZ                                                    ,Falta de Atenção à Condução                                                                         ,Colisão frontal                                                                                                                                                                                         ,Com Vítimas Feridas,Pleno dia           ,Céu Claro           ,Múltipla            ,Não       ,Automóvel           ,Lesões Leves        ,48.0,Feminino            
98409,2017-12-24,RN,101.0,EXTREMOZ                                                    ,Falta de Atenção à Condução                                                                         ,Colisão frontal                                                                                                                                                                                         ,Com Vítimas Feridas,Pleno dia           ,Céu Claro           ,Múltipla            ,Não       ,Automóvel           ,Lesões Leves        ,40.0,Feminino            
98409,2017-12-24,RN,101.0,EXTREMOZ                                                    ,Falta de Atenção à Condução                                                                         ,Colisão frontal                                                                                                                                                                                         ,Com Vítimas Feridas,Pleno dia           ,Céu Claro           ,Múltipla            ,Não       ,Automóvel           ,Lesões Leves        ,65.0,Masculino           
98409,2017-12-24,RN,101.0,EXTREMOZ                                                    ,Falta de Atenção à Condução                                                                         ,Colisão frontal                                                                                                                                                                                         ,Com Vítimas Feridas,Pleno dia           ,Céu Claro           ,Múltipla            ,Não       ,Automóvel           ,Lesões Leves        ,27.0,Masculino           
98409,2017-12-24,RN,101.0,EXTREMOZ                                                    ,Falta de Atenção à Condução                                                                         ,Colisão frontal                                                                                                                                                                                         ,Com Vítimas Feridas,Pleno dia           ,Céu Claro           ,Múltipla            ,Não       ,Automóvel           ,Lesões Leves        ,54.0,Feminino            
98458,2017-12-26,RN,101.0,NATAL                                                       ,Animais na Pista                                                                                    ,Atropelamento de Animal                                                                                                                                                                                 ,Com Vítimas Feridas,Plena Noite         ,Céu Claro           ,Dupla               ,Sim       ,Ciclomotor          ,Lesões Leves        ,31.0,Masculino           
98458,2017-12-26,RN,101.0,NATAL                                                       ,Animais na Pista                                                                                    ,Atropelamento de Animal                                                                                                                                                                                 ,Com Vítimas Feridas,Plena Noite         ,Céu Claro           ,Dupla               ,Sim       ,Ciclomotor          ,Lesões Leves        ,28.0,Masculino           
98474,2017-12-26,RN,226.0,NATAL                                                       ,Desobediência às normas de trânsito pelo condutor                                                   ,Colisão frontal                                                                                                                                                                                         ,Com Vítimas Feridas,Plena Noite         ,Céu Claro           ,Simples             ,Sim       ,Motocicleta         ,Lesões Leves        ,,Masculino           
98474,2017-12-26,RN,226.0,NATAL                                                       ,Desobediência às normas de trânsito pelo condutor                                                   ,Colisão frontal                                                                                                                                                                                         ,Com Vítimas Feridas,Plena Noite         ,Céu Claro           ,Simples             ,Sim       ,Motocicleta         ,Lesões Leves        ,39.0,Masculino           
98474,2017-12-26,RN,226.0,NATAL                                                       ,Desobediência às normas de trânsito pelo condutor                                                   ,Colisão frontal                                                                                                                                                                                         ,Com Vítimas Feridas,Plena Noite         ,Céu Claro           ,Simples             ,Sim       ,Caminhonete         ,Ileso               ,19.0,Masculino           
98475,2017-12-26,RN,110.0,MOSSORO                                                     ,Falta de Atenção à Condução                                                                         ,Queda de ocupante de veículo                                                                                                                                                                            ,Com Vítimas Feridas,Plena Noite         ,Céu Claro           ,Dupla               ,Sim       ,Caminhão-trator     ,Ileso               ,57.0,Masculino           
98475,2017-12-26,RN,110.0,MOSSORO                                                     ,Falta de Atenção à Condução                                                                         ,Queda de ocupante de veículo                                                                                                                                                                            ,Com Vítimas Feridas,Plena Noite         ,Céu Claro           ,Dupla               ,Sim       ,Motocicleta         ,Lesões Leves        ,27.0,Masculino           
98601,2017-12-27,RN,304.0,ITAJA                                                       ,Falta de Atenção à Condução                                                                         ,Colisão lateral                                                                                                                                                                                         ,Sem Vítimas,Pleno dia           ,Céu Claro           ,Simples             ,Não       ,Caminhão            ,Ileso               ,34.0,Masculino           
98601,2017-12-27,RN,304.0,ITAJA                                                       ,Falta de Atenção à Condução                                                                         ,Colisão lateral                                                                                                                                                                                         ,Sem Vítimas,Pleno dia           ,Céu Claro           ,Simples             ,Não       ,Camioneta           ,Ileso               ,47.0,Feminino            
98609,2017-12-27,RN,304.0,MACAIBA                                                     ,Falta de Atenção à Condução                                                                         ,Colisão traseira                                                                                                                                                                                        ,Com Vítimas Feridas,Pleno dia           ,Céu Claro           ,Dupla               ,Não       ,Bicicleta           ,Lesões Graves       ,,Masculino           
98609,2017-12-27,RN,304.0,MACAIBA                                                     ,Falta de Atenção à Condução                                                                         ,Colisão traseira                                                                                                                                                                                        ,Com Vítimas Feridas,Pleno dia           ,Céu Claro           ,Dupla               ,Não       ,Automóvel           ,Ileso               ,28.0,Feminino            
98663,2017-12-27,RN,226.0,NATAL                                                       ,Falta de Atenção à Condução                                                                         ,Colisão lateral                                                                                                                                                                                         ,Com Vítimas Feridas,Pleno dia           ,Céu Claro           ,Simples             ,Sim       ,Motocicleta         ,Lesões Graves       ,26.0,Masculino           
98663,2017-12-27,RN,226.0,NATAL                                                       ,Falta de Atenção à Condução                                                                         ,Colisão lateral                                                                                                                                                                                         ,Com Vítimas Feridas,Pleno dia           ,Céu Claro           ,Simples             ,Sim       ,Automóvel           ,Não Informado       ,,Não Informado       
98663,2017-12-27,RN,226.0,NATAL                                                       ,Falta de Atenção à Condução                                                                         ,Colisão lateral                                                                                                                                                                                         ,Com Vítimas Feridas,Pleno dia           ,Céu Claro           ,Simples             ,Sim       ,Automóvel           ,Não Informado       ,,Não Informado       
98805,2017-12-28,RN,101.0,PARNAMIRIM                                                  ,Velocidade Incompatível                                                                             ,Capotamento                                                                                                                                                                                             ,Com Vítimas Feridas,Plena Noite         ,Céu Claro           ,Dupla               ,Sim       ,Automóvel           ,Lesões Leves        ,23.0,Masculino           
98837,2017-12-28,RN,226.0,NATAL                                                       ,Ingestão de Álcool                                                                                  ,Atropelamento de Pedestre                                                                                                                                                                               ,Com Vítimas Feridas,Pleno dia           ,Céu Claro           ,Dupla               ,Sim       ,Automóvel           ,Lesões Leves        ,,Masculino           
98837,2017-12-28,RN,226.0,NATAL                                                       ,Ingestão de Álcool                                                                                  ,Atropelamento de Pedestre                                                                                                                                                                               ,Com Vítimas Feridas,Pleno dia           ,Céu Claro           ,Dupla               ,Sim       ,Automóvel           ,Ileso               ,38.0,Masculino           
98857,2017-12-28,RN,226.0,NATAL                                                       ,Falta de Atenção à Condução                                                                         ,Colisão com objeto estático                                                                                                                                                                             ,Sem Vítimas,Pleno dia           ,Céu Claro           ,Dupla               ,Sim       ,Semireboque         ,Não Informado       ,,Não Informado       
98857,2017-12-28,RN,226.0,NATAL                                                       ,Falta de Atenção à Condução                                                                         ,Colisão com objeto estático                                                                                                                                                                             ,Sem Vítimas,Pleno dia           ,Céu Claro           ,Dupla               ,Sim       ,Semireboque         ,Não Informado       ,,Não Informado       
98938,2017-12-28,RN,101.0,EXTREMOZ                                                    ,Falta de Atenção à Condução                                                                         ,Capotamento                                                                                                                                                                                             ,Com Vítimas Feridas,Pleno dia           ,Sol                 ,Simples             ,Não       ,Automóvel           ,Ileso               ,50.0,Masculino           
98938,2017-12-28,RN,101.0,EXTREMOZ                                                    ,Falta de Atenção à Condução                                                                         ,Capotamento                                                                                                                                                                                             ,Com Vítimas Feridas,Pleno dia           ,Sol                 ,Simples             ,Não       ,Automóvel           ,Ileso               ,37.0,Feminino            
98938,2017-12-28,RN,101.0,EXTREMOZ                                                    ,Falta de Atenção à Condução                                                                         ,Capotamento                                                                                                                                                                                             ,Com Vítimas Feridas,Pleno dia           ,Sol                 ,Simples             ,Não       ,Automóvel           ,Ileso               ,47.0,Masculino           
98938,2017-12-28,RN,101.0,EXTREMOZ                                                    ,Falta de Atenção à Condução                                                                         ,Capotamento                                                                                                                                                                                             ,Com Vítimas Feridas,Pleno dia           ,Sol                 ,Simples             ,Não       ,Utilitário          ,Lesões Leves        ,32.0,Masculino           
98938,2017-12-28,RN,101.0,EXTREMOZ                                                    ,Falta de Atenção à Condução                                                                         ,Capotamento                                                                                                                                                                                             ,Com Vítimas Feridas,Pleno dia           ,Sol                 ,Simples             ,Não       ,Utilitário          ,Lesões Leves        ,39.0,Masculino           
98996,2017-12-28,RN,304.0,MOSSORO                                                     ,Falta de Atenção à Condução                                                                         ,Colisão transversal                                                                                                                                                                                     ,Com Vítimas Feridas,Pleno dia           ,Céu Claro           ,Dupla               ,Sim       ,Motocicleta         ,Lesões Graves       ,19.0,Masculino           
98996,2017-12-28,RN,304.0,MOSSORO                                                     ,Falta de Atenção à Condução                                                                         ,Colisão transversal                                                                                                                                                                                     ,Com Vítimas Feridas,Pleno dia           ,Céu Claro           ,Dupla               ,Sim       ,Automóvel           ,Ileso               ,61.0,Masculino           
99071,2017-12-28,RN,304.0,LAJES                                                       ,Velocidade Incompatível                                                                             ,Colisão traseira                                                                                                                                                                                        ,Com Vítimas Feridas,Plena Noite         ,Céu Claro           ,Simples             ,Não       ,Caminhão            ,Ileso               ,25.0,Masculino           
99071,2017-12-28,RN,304.0,LAJES                                                       ,Velocidade Incompatível                                                                             ,Colisão traseira                                                                                                                                                                                        ,Com Vítimas Feridas,Plena Noite         ,Céu Claro           ,Simples             ,Não       ,Caminhão            ,Lesões Graves       ,33.0,Masculino           
99071,2017-12-28,RN,304.0,LAJES                                                       ,Velocidade Incompatível                                                                             ,Colisão traseira                                                                                                                                                                                        ,Com Vítimas Feridas,Plena Noite         ,Céu Claro           ,Simples             ,Não       ,Caminhão            ,Não Informado       ,,Não Informado       
99140,2017-12-29,RN,101.0,SAO GONCALO DO AMARANTE                                     ,Não guardar distância de segurança                                                                  ,Colisão traseira                                                                                                                                                                                        ,Com Vítimas Feridas,Pleno dia           ,Sol                 ,Dupla               ,Sim       ,Ciclomotor          ,Lesões Graves       ,45.0,Masculino           
99140,2017-12-29,RN,101.0,SAO GONCALO DO AMARANTE                                     ,Não guardar distância de segurança                                                                  ,Colisão traseira                                                                                                                                                                                        ,Com Vítimas Feridas,Pleno dia           ,Sol                 ,Dupla               ,Sim       ,Automóvel           ,Ileso               ,33.0,Masculino           
99293,2017-12-29,RN,101.0,PARNAMIRIM                                                  ,Falta de Atenção do Pedestre                                                                        ,Atropelamento de Pedestre                                                                                                                                                                               ,Com Vítimas Feridas,Pleno dia           ,Céu Claro           ,Dupla               ,Sim       ,Motocicleta         ,Lesões Leves        ,35.0,Feminino            
99293,2017-12-29,RN,101.0,PARNAMIRIM                                                  ,Falta de Atenção do Pedestre                                                                        ,Atropelamento de Pedestre                                                                                                                                                                               ,Com Vítimas Feridas,Pleno dia           ,Céu Claro           ,Dupla               ,Sim       ,Motocicleta         ,Lesões Graves       ,11.0,Feminino            
99293,2017-12-29,RN,101.0,PARNAMIRIM                                                  ,Falta de Atenção do Pedestre                                                                        ,Atropelamento de Pedestre                                                                                                                                                                               ,Com Vítimas Feridas,Pleno dia           ,Céu Claro           ,Dupla               ,Sim       ,Motocicleta         ,Lesões Leves        ,42.0,Masculino           
99293,2017-12-29,RN,101.0,PARNAMIRIM                                                  ,Falta de Atenção do Pedestre                                                                        ,Atropelamento de Pedestre                                                                                                                                                                               ,Com Vítimas Feridas,Pleno dia           ,Céu Claro           ,Dupla               ,Sim       ,Automóvel           ,Ileso               ,28.0,Masculino           
99302,2017-12-29,RN,226.0,PATU                                                        ,Falta de Atenção à Condução                                                                         ,Colisão transversal                                                                                                                                                                                     ,Com Vítimas Feridas,Pleno dia           ,Céu Claro           ,Simples             ,Sim       ,Automóvel           ,Ileso               ,31.0,Masculino           
99302,2017-12-29,RN,226.0,PATU                                                        ,Falta de Atenção à Condução                                                                         ,Colisão transversal                                                                                                                                                                                     ,Com Vítimas Feridas,Pleno dia           ,Céu Claro           ,Simples             ,Sim       ,Ciclomotor          ,Lesões Graves       ,16.0,Masculino           
99310,2017-12-29,RN,101.0,NATAL                                                       ,Não guardar distância de segurança                                                                  ,Colisão traseira                                                                                                                                                                                        ,Com Vítimas Feridas,Plena Noite         ,Céu Claro           ,Dupla               ,Sim       ,Motocicleta         ,Lesões Leves        ,47.0,Feminino            
99310,2017-12-29,RN,101.0,NATAL                                                       ,Não guardar distância de segurança                                                                  ,Colisão traseira                                                                                                                                                                                        ,Com Vítimas Feridas,Plena Noite         ,Céu Claro           ,Dupla               ,Sim       ,Motocicleta         ,Ileso               ,56.0,Masculino           
99310,2017-12-29,RN,101.0,NATAL                                                       ,Não guardar distância de segurança                                                                  ,Colisão traseira                                                                                                                                                                                        ,Com Vítimas Feridas,Plena Noite         ,Céu Claro           ,Dupla               ,Sim       ,Automóvel           ,Ileso               ,22.0,Masculino           