id,data_inversa,uf,br,municipio,causa_acidente,tipo_acidente,classificacao_acidente,fase_dia,condicao_metereologica,tipo_pista,uso_solo,tipo_veiculo,estado_fisico,idade,sexo
99389,2017-12-30,RN,405.0,MOSSORO                                                     ,Ingestão de Álcool                                                                                  ,Colisão traseira                                                                                                                                                                                        ,Com Vítimas Feridas,Plena Noite         ,Céu Claro           ,Simples             ,Não       ,Automóvel           ,Lesões Graves       ,39.0,Masculino           
99389,2017-12-30,RN,405.0,MOSSORO                                                     ,Ingestão de Álcool                                                                                  ,Colisão traseira                                                                                                                                                                                        ,Com Vítimas Feridas,Plena Noite         ,Céu Claro           ,Simples             ,Não       ,Automóvel           ,Ileso               ,19.0,Feminino            
99389,2017-12-30,RN,405.0,MOSSORO                                                     ,Ingestão de Álcool                                                                                  ,Colisão traseira                                                                                                                                                                                        ,Com Vítimas Feridas,Plena Noite         ,Céu Claro           ,Simples             ,Não       ,Automóvel           ,Ileso               ,22.0,Masculino           
99488,2017-12-30,RN,101.0,PARNAMIRIM                                                  ,Desobediência às normas de trânsito pelo condutor                                                   ,Colisão transversal                                                                                                                                                                                     ,Com Vítimas Feridas,Pleno dia           ,Céu Claro           ,Múltipla            ,Sim       ,Motocicleta         ,Lesões Graves       ,34.0,Masculino           
99488,2017-12-30,RN,101.0,PARNAMIRIM                                                  ,Desobediência às normas de trânsito pelo condutor                                                   ,Colisão transversal                                                                                                                                                                                     ,Com Vítimas Feridas,Pleno dia           ,Céu Claro           ,Múltipla            ,Sim       ,Motocicleta         ,Lesões Graves       ,30.0,Feminino            
99488,2017-12-30,RN,101.0,PARNAMIRIM                                                  ,Desobediência às normas de trânsito pelo condutor                                                   ,Colisão transversal                                                                                                                                                                                     ,Com Vítimas Feridas,Pleno dia           ,Céu Claro           ,Múltipla            ,Sim       ,Ciclomotor          ,Lesões Graves       ,35.0,Masculino           
99500,2017-12-30,RN,427.0,CAICO                                                       ,Ingestão de Substâncias Psicoativas                                                                 ,Colisão com objeto estático                                                                                                                                                                             ,Com Vítimas Feridas,Pleno dia           ,Céu Claro           ,Simples             ,Não       ,Caminhão            ,Lesões Leves        ,44.0,Masculino           
99521,2017-12-30,RN,304.0,ANGICOS                                                     ,Falta de Atenção à Condução                                                                         ,Saída de leito carroçável                                                                                                                                                                               ,Com Vítimas Feridas,Pleno dia           ,Céu Claro           ,Simples             ,Não       ,Automóvel           ,Lesões Leves        ,35.0,Masculino           
99555,2017-12-30,RN,101.0,PARNAMIRIM                                                  ,Falta de Atenção à Condução                                                                         ,Colisão traseira                                                                                                                                                                                        ,Com Vítimas Feridas,Pleno dia           ,Céu Claro           ,Simples             ,Não       ,Automóvel           ,Ileso               ,,Masculino           
99555,2017-12-30,RN,101.0,PARNAMIRIM                                                  ,Falta de Atenção à Condução                                                                         ,Colisão traseira                                                                                                                                                                                        ,Com Vítimas Feridas,Pleno dia           ,Céu Claro           ,Simples             ,Não       ,Motocicleta         ,Ileso               ,37.0,Feminino            
99555,2017-12-30,RN,101.0,PARNAMIRIM                                                  ,Falta de Atenção à Condução                                                                         ,Colisão traseira                                                                                                                                                                                        ,Com Vítimas Feridas,Pleno dia           ,Céu Claro           ,Simples             ,Não       ,Motocicleta         ,Lesões Graves       ,17.0,Masculino           
99625,2017-12-30,RN,304.0,MOSSORO                                                     ,Falta de Atenção à Condução                                                                         ,Colisão lateral                                                                                                                                                                                         ,Com Vítimas Fatais,Pleno dia           ,Céu Claro           ,Simples             ,Não       ,Motocicleta         ,Óbito               ,35.0,Masculino           
99625,2017-12-30,RN,304.0,MOSSORO                                                     ,Falta de Atenção à Condução                                                                         ,Colisão lateral                                                                                                                                                                                         ,Com Vítimas Fatais,Pleno dia           ,Céu Claro           ,Simples             ,Não       ,Automóvel           ,Ileso               ,27.0,Feminino            
99677,2017-12-30,RN,101.0,PARNAMIRIM                                                  ,Falta de Atenção à Condução                                                                         ,Colisão traseira                                                                                                                                                                                        ,Sem Vítimas,Anoitecer           ,Céu Claro           ,Dupla               ,Sim       ,Automóvel           ,Ileso               ,34.0,Masculino           
99677,2017-12-30,RN,101.0,PARNAMIRIM                                                  ,Falta de Atenção à Condução                                                                         ,Colisão traseira                                                                                                                                                                                        ,Sem Vítimas,Anoitecer           ,Céu Claro           ,Dupla               ,Sim       ,Automóvel           ,Não Informado       ,,Não Informado       
99756,2017-12-30,RN,101.0,PARNAMIRIM                                                  ,Velocidade Incompatível                                                                             ,Colisão transversal                                                                                                                                                                                     ,Com Vítimas Feridas,Plena Noite         ,Céu Claro           ,Dupla               ,Sim       ,Automóvel           ,Ileso               ,25.0,Masculino           
99756,2017-12-30,RN,101.0,PARNAMIRIM                                                  ,Velocidade Incompatível                                                                             ,Colisão transversal                                                                                                                                                                                     ,Com Vítimas Feridas,Plena Noite         ,Céu Claro           ,Dupla               ,Sim       ,Automóvel           ,Lesões Leves        ,21.0,Feminino            
99756,2017-12-30,RN,101.0,PARNAMIRIM                                                  ,Velocidade Incompatível                                                                             ,Colisão transversal                                                                                                                                                                                     ,Com Vítimas Feridas,Plena Noite         ,Céu Claro           ,Dupla               ,Sim       ,Automóvel           ,Ileso               ,26.0,Masculino           
99756,2017-12-30,RN,101.0,PARNAMIRIM                                                  ,Velocidade Incompatível                                                                             ,Colisão transversal                                                                                                                                                                                     ,Com Vítimas Feridas,Plena Noite         ,Céu Claro           ,Dupla               ,Sim       ,Automóvel           ,Lesões Leves        ,3.0,Masculino           
99756,2017-12-30,RN,101.0,PARNAMIRIM                                                  ,Velocidade Incompatível                                                                             ,Colisão transversal                                                                                                                                                                                     ,Com Vítimas Feridas,Plena Noite         ,Céu Claro           ,Dupla               ,Sim       ,Automóvel           ,Lesões Leves        ,34.0,Feminino            
99841,2017-12-31,RN,406.0,SAO GONCALO DO AMARANTE                                     ,Desobediência às normas de trânsito pelo condutor                                                   ,Colisão traseira                                                                                                                                                                                        ,Com Vítimas Feridas,Pleno dia           ,Céu Claro           ,Dupla               ,Sim       ,Motocicleta         ,Lesões Leves        ,38.0,Masculino           
99841,2017-12-31,RN,406.0,SAO GONCALO DO AMARANTE                                     ,Desobediência às normas de trânsito pelo condutor                                                   ,Colisão traseira                                                                                                                                                                                        ,Com Vítimas Feridas,Pleno dia           ,Céu Claro           ,Dupla               ,Sim       ,Motocicleta         ,Não Informado       ,,Não Informado       
99841,2017-12-31,RN,406.0,SAO GONCALO DO AMARANTE                                     ,Desobediência às normas de trânsito pelo condutor                                                   ,Colisão traseira                                                                                                                                                                                        ,Com Vítimas Feridas,Pleno dia           ,Céu Claro           ,Dupla               ,Sim       ,Motocicleta         ,Lesões Leves        ,31.0,Masculino           
99841,2017-12-31,RN,406.0,SAO GONCALO DO AMARANTE                                     ,Desobediência às normas de trânsito pelo condutor                                                   ,Colisão traseira                                                                                                                                                                                        ,Com Vítimas Feridas,Pleno dia           ,Céu Claro           ,Dupla               ,Sim       ,Caminhonete         ,Ileso               ,50.0,Masculino           
99890,2017-12-31,RN,110.0,MOSSORO                                                     ,Falta de Atenção à Condução                                                                         ,Colisão traseira                                                                                                                                                                                        ,Com Vítimas Feridas,Pleno dia           ,Céu Claro           ,Simples             ,Não       ,Caminhão            ,Lesões Graves       ,22.0,Masculino           
99890,2017-12-31,RN,110.0,MOSSORO                                                     ,Falta de Atenção à Condução                                                                         ,Colisão traseira                                                                                                                                                                                        ,Com Vítimas Feridas,Pleno dia           ,Céu Claro           ,Simples             ,Não       ,Caminhão            ,Lesões Leves        ,41.0,Masculino           
99890,2017-12-31,RN,110.0,MOSSORO                                                     ,Falta de Atenção à Condução                                                                         ,Colisão traseira                                                                                                                                                                                        ,Com Vítimas Feridas,Pleno dia           ,Céu Claro           ,Simples             ,Não       ,Caminhão-trator     ,Ileso               ,63.0,Masculino           
100400,2017-09-17,RN,405.0,APODI                                                       ,Velocidade Incompatível                                                                             ,Colisão com objeto estático                                                                                                                                                                             ,Com Vítimas Fatais,Plena Noite         ,Céu Claro           ,Simples             ,Sim       ,Motocicleta         ,Óbito               ,44.0,Masculino           
100698,2017-10-07,RN,110.0,MOSSORO                                                     ,Restrição de Visibilidade                                                                           ,Atropelamento de Animal                                                                                                                                                                                 ,Com Vítimas Feridas,Anoitecer           ,Ignorado            ,Simples             ,Não       ,Motocicleta         ,Lesões Graves       ,,Masculino           
100887,2017-11-16,RN,405.0,MOSSORO                                                     ,Falta de Atenção à Condução                                                                         ,Colisão traseira                                                                                                                                                                                        ,Com Vítimas Feridas,Pleno dia           ,Ignorado            ,Dupla               ,Sim       ,Ciclomotor          ,Lesões Graves       ,,Masculino           
100887,2017-11-16,RN,405.0,MOSSORO                                                     ,Falta de Atenção à Condução                                                                         ,Colisão traseira                                                                                                                                                                                        ,Com Vítimas Feridas,Pleno dia           ,Ignorado            ,Dupla               ,Sim       ,Motocicleta         ,Não Informado       ,,Não Informado       
103684,2017-12-14,RN,304.0,RIACHUELO                                                   ,Desobediência às normas de trânsito pelo condutor                                                   ,Colisão frontal                                                                                                                                                                                         ,Com Vítimas Feridas,Pleno dia           ,Nublado             ,Simples             ,Não       ,Caminhonete         ,Ileso               ,27.0,Masculino           
103684,2017-12-14,RN,304.0,RIACHUELO                                                   ,Desobediência às normas de trânsito pelo condutor                                                   ,Colisão frontal                                                                                                                                                                                         ,Com Vítimas Feridas,Pleno dia           ,Nublado             ,Simples             ,Não       ,Automóvel           ,Lesões Graves       ,31.0,Feminino            
103684,2017-12-14,RN,304.0,RIACHUELO                                                   ,Desobediência às normas de trânsito pelo condutor                                                   ,Colisão frontal                                                                                                                                                                                         ,Com Vítimas Feridas,Pleno dia           ,Nublado             ,Simples             ,Não       ,Automóvel           ,Lesões Leves        ,10.0,Feminino            
103684,2017-12-14,RN,304.0,RIACHUELO                                                   ,Desobediência às normas de trânsito pelo condutor                                                   ,Colisão frontal                                                                                                                                                                                         ,Com Vítimas Feridas,Pleno dia           ,Nublado             ,Simples             ,Não       ,Automóvel           ,Lesões Graves       ,23.0,Masculino           
103684,2017-12-14,RN,304.0,RIACHUELO                                                   ,Desobediência às normas de trânsito pelo condutor                                                   ,Colisão frontal                                                                                                                                                                                         ,Com Vítimas Feridas,Pleno dia           ,Nublado             ,Simples             ,Não       ,Automóvel           ,Lesões Leves        ,40.0,Masculino           
103754,2017-09-02,RN,101.0,PARNAMIRIM                                                  ,Falta de Atenção à Condução                                                                         ,Saída de leito carroçável                                                                                                                                                                               ,Com Vítimas Feridas,Pleno dia           ,Céu Claro           ,Dupla               ,Não       ,Camioneta           ,Lesões Leves        ,,Masculino           
103936,2017-09-08,RN,101.0,NATAL                                                       ,Falta de Atenção à Condução                                                                         ,Colisão traseira                                                                                                                                                                                        ,Sem Vítimas,Anoitecer           ,Nublado             ,Múltipla            ,Sim       ,Caminhonete         ,Ileso               ,34.0,Masculino           
103936,2017-09-08,RN,101.0,NATAL                                                       ,Falta de Atenção à Condução                                                                         ,Colisão traseira                                                                                                                                                                                        ,Sem Vítimas,Anoitecer           ,Nublado             ,Múltipla            ,Sim       ,Automóvel           ,Ileso               ,28.0,Masculino           
103936,2017-09-08,RN,101.0,NATAL                                                       ,Falta de Atenção à Condução                                                                         ,Colisão traseira                                                                                                                                                                                        ,Sem Vítimas,Anoitecer           ,Nublado             ,Múltipla            ,Sim       ,Caminhonete         ,Ileso               ,,Feminino            
104372,2017-11-15,RN,101.0,NATAL                                                       ,Falta de Atenção à Condução                                                                         ,Colisão com objeto estático                                                                                                                                                                             ,Com Vítimas Fatais,Pleno dia           ,Céu Claro           ,Dupla               ,Sim       ,Automóvel           ,Ileso               ,26.0,Masculino           
104372,2017-11-15,RN,101.0,NATAL                                                       ,Falta de Atenção à Condução                                                                         ,Colisão com objeto estático                                                                                                                                                                             ,Com Vítimas Fatais,Pleno dia           ,Céu Claro           ,Dupla               ,Sim       ,Automóvel           ,Não Informado       ,,Não Informado       
104372,2017-11-15,RN,101.0,NATAL                                                       ,Falta de Atenção à Condução                                                                         ,Colisão com objeto estático                                                                                                                                                                             ,Com Vítimas Fatais,Pleno dia           ,Céu Claro           ,Dupla               ,Sim       ,Automóvel           ,Óbito               ,59.0,Feminino            
104372,2017-11-15,RN,101.0,NATAL                                                       ,Falta de Atenção à Condução                                                                         ,Colisão com objeto estático                                                                                                                                                                             ,Com Vítimas Fatais,Pleno dia           ,Céu Claro           ,Dupla               ,Sim       ,Automóvel           ,Lesões Leves        ,40.0,Feminino            
107214,2017-12-16,RN,101.0,CANGUARETAMA                                                ,Velocidade Incompatível                                                                             ,Capotamento                                                                                                                                                                                             ,Com Vítimas Fatais,Pleno dia           ,Sol                 ,Dupla               ,Não       ,Automóvel           ,Lesões Leves        ,26.0,Masculino           
107214,2017-12-16,RN,101.0,CANGUARETAMA                                                ,Velocidade Incompatível                                                                             ,Capotamento                                                                                                                                                                                             ,Com Vítimas Fatais,Pleno dia           ,Sol                 ,Dupla               ,Não       ,Automóvel           ,Óbito               ,56.0,Feminino            
107214,2017-12-16,RN,101.0,CANGUARETAMA                                                ,Velocidade Incompatível                                                                             ,Capotamento                                                                                                                                                                                             ,Com Vítimas Fatais,Pleno dia           ,Sol                 ,Dupla               ,Não       ,Automóvel           ,Lesões Leves        ,36.0,Feminino            
109180,2017-12-21,RN,101.0,SAO JOSE DE MIPIBU                                          ,Desobediência às normas de trânsito pelo condutor                                                   ,Colisão transversal                                                                                                                                                                                     ,Com Vítimas Feridas,Pleno dia           ,Céu Claro           ,Dupla               ,Não       ,Motocicleta         ,Lesões Leves        ,51.0,Masculino           
109180,2017-12-21,RN,101.0,SAO JOSE DE MIPIBU                                          ,Desobediência às normas de trânsito pelo condutor                                                   ,Colisão transversal                                                                                                                                                                                     ,Com Vítimas Feridas,Pleno dia           ,Céu Claro           ,Dupla               ,Não       ,Motocicleta         ,Lesões Leves        ,22.0,Masculino           
109180,2017-12-21,RN,101.0,SAO JOSE DE MIPIBU                                          ,Desobediência às normas de trânsito pelo condutor                                                   ,Colisão transversal                                                                                                                                                                                     ,Com Vítimas Feridas,Pleno dia           ,Céu Claro           ,Dupla               ,Não       ,Motocicleta         ,Lesões Graves       ,31.0,Masculino           
109294,2017-10-30,RN,304.0,MACAIBA                                                     ,Animais na Pista                                                                                    ,Atropelamento de Animal                                                                                                                                                                                 ,Com Vítimas Feridas,Plena Noite         ,Ignorado            ,Dupla               ,Não       ,Motocicleta         ,Lesões Graves       ,,Masculino           
109644,2017-12-07,RN,304.0,MOSSORO                                                     ,Falta de Atenção à Condução                                                                         ,Colisão lateral                                                                                                                                                                                         ,Com Vítimas Fatais,Pleno dia           ,Céu Claro           ,Simples             ,Não       ,Ciclomotor          ,Óbito               ,43.0,Masculino           
109644,2017-12-07,RN,304.0,MOSSORO                                                     ,Falta de Atenção à Condução                                                                         ,Colisão lateral                                                                                                                                                                                         ,Com Vítimas Fatais,Pleno dia           ,Céu Claro           ,Simples             ,Não       ,Utilitário          ,Ileso               ,49.0,Masculino           
120272,2017-11-23,RN,427.0,CAICO                                                       ,Falta de Atenção à Condução                                                                         ,Colisão com objeto estático                                                                                                                                                                             ,Sem Vítimas,Plena Noite         ,Céu Claro           ,Simples             ,Não       ,Automóvel           ,Ileso               ,62.0,Masculino           
123122,2017-08-27,RN,304.0,MACAIBA                                                     ,Não guardar distância de segurança                                                                  ,Colisão traseira                                                                                                                                                                                        ,Com Vítimas Feridas,Pleno dia           ,Sol                 ,Simples             ,Não       ,Caminhonete         ,Ileso               ,34.0,Masculino           
123122,2017-08-27,RN,304.0,MACAIBA                                                     ,Não guardar distância de segurança                                                                  ,Colisão traseira                                                                                                                                                                                        ,Com Vítimas Feridas,Pleno dia           ,Sol                 ,Simples             ,Não       ,Motocicleta         ,Lesões Graves       ,20.0,Feminino            
123122,2017-08-27,RN,304.0,MACAIBA                                                     ,Não guardar distância de segurança                                                                  ,Colisão traseira                                                                                                                                                                                        ,Com Vítimas Feridas,Pleno dia           ,Sol                 ,Simples             ,Não       ,Motocicleta         ,Ileso               ,21.0,Masculino           
130371,2017-11-17,RN,406.0,CEARA-MIRIM                                                 ,Falta de Atenção à Condução                                                                         ,Colisão lateral                                                                                                                                                                                         ,Com Vítimas Feridas,Pleno dia           ,Sol                 ,Simples             ,Não       ,Automóvel           ,Ileso               ,53.0,Feminino            
130371,2017-11-17,RN,406.0,CEARA-MIRIM                                                 ,Falta de Atenção à Condução                                                                         ,Colisão lateral                                                                                                                                                                                         ,Com Vítimas Feridas,Pleno dia           ,Sol                 ,Simples             ,Não       ,Automóvel           ,Lesões Leves        ,55.0,Masculino           
130371,2017-11-17,RN,406.0,CEARA-MIRIM                                                 ,Falta de Atenção à Condução                                                                         ,Colisão lateral                                                                                                                                                                                         ,Com Vítimas Feridas,Pleno dia           ,Sol                 ,Simples             ,Não       ,Caminhonete         ,Ileso               ,62.0,Masculino           
134602,2017-12-28,RN,226.0,SENADOR ELOI DE SOUZA                                       ,Animais na Pista                                                                                    ,Colisão frontal                                                                                                                                                                                         ,Com Vítimas Fatais,Plena Noite         ,Céu Claro           ,Simples             ,Não       ,Caminhão            ,Não Informado       ,,Não Informado       
134602,2017-12-28,RN,226.0,SENADOR ELOI DE SOUZA                                       ,Animais na Pista                                                                                    ,Colisão frontal                                                                                                                                                                                         ,Com Vítimas Fatais,Plena Noite         ,Céu Claro           ,Simples             ,Não       ,Caminhonete         ,Óbito               ,0.0,Feminino            
134602,2017-12-28,RN,226.0,SENADOR ELOI DE SOUZA                                       ,Animais na Pista                                                                                    ,Colisão frontal                                                                                                                                                                                         ,Com Vítimas Fatais,Plena Noite         ,Céu Claro           ,Simples             ,Não       ,Caminhonete         ,Óbito               ,35.0,Masculino           
134602,2017-12-28,RN,226.0,SENADOR ELOI DE SOUZA                                       ,Animais na Pista                                                                                    ,Colisão frontal                                                                                                                                                                                         ,Com Vítimas Fatais,Plena Noite         ,Céu Claro           ,Simples             ,Não       ,Caminhonete         ,Óbito               ,23.0,Feminino            
136795,2017-04-08,RN,101.0,PARNAMIRIM                                                  ,Falta de Atenção à Condução                                                                         ,Colisão transversal                                                                                                                                                                                     ,Com Vítimas Feridas,Plena Noite         ,Céu Claro           ,Múltipla            ,Sim       ,Motoneta            ,Lesões Graves       ,,Masculino           
136795,2017-04-08,RN,101.0,PARNAMIRIM                                                  ,Falta de Atenção à Condução                                                                         ,Colisão transversal                                                                                                                                                                                     ,Com Vítimas Feridas,Plena Noite         ,Céu Claro           ,Múltipla            ,Sim       ,Camioneta           ,Ileso               ,,Masculino           
138947,2017-12-19,RN,101.0,NATAL                                                       ,Não guardar distância de segurança                                                                  ,Colisão lateral                                                                                                                                                                                         ,Com Vítimas Feridas,Pleno dia           ,Céu Claro           ,Dupla               ,Sim       ,Automóvel           ,Não Informado       ,,Não Informado       
138947,2017-12-19,RN,101.0,NATAL                                                       ,Não guardar distância de segurança                                                                  ,Colisão lateral                                                                                                                                                                                         ,Com Vítimas Feridas,Pleno dia           ,Céu Claro           ,Dupla               ,Sim       ,Motocicleta         ,Lesões Leves        ,57.0,Masculino           
149821,2017-12-18,RN,101.0,PARNAMIRIM                                                  ,Falta de Atenção à Condução                                                                         ,Engavetamento                                                                                                                                                                                           ,Com Vítimas Feridas,Pleno dia           ,Céu Claro           ,Dupla               ,Sim       ,Automóvel           ,Ileso               ,34.0,Masculino           
149821,2017-12-18,RN,101.0,PARNAMIRIM                                                  ,Falta de Atenção à Condução                                                                         ,Engavetamento                                                                                                                                                                                           ,Com Vítimas Feridas,Pleno dia           ,Céu Claro           ,Dupla               ,Sim       ,Motocicleta         ,Lesões Graves       ,37.0,Masculino           
149821,2017-12-18,RN,101.0,PARNAMIRIM                                                  ,Falta de Atenção à Condução                                                                         ,Engavetamento                                                                                                                                                                                           ,Com Vítimas Feridas,Pleno dia           ,Céu Claro           ,Dupla               ,Sim       ,Motocicleta         ,Lesões Graves       ,29.0,Feminino            
149821,2017-12-18,RN,101.0,PARNAMIRIM                                                  ,Falta de Atenção à Condução                                                                         ,Engavetamento                                                                                                                                                                                           ,Com Vítimas Feridas,Pleno dia           ,Céu Claro           ,Dupla               ,Sim       ,Caminhão            ,Ileso               ,28.0,Masculino           
149821,2017-12-18,RN,101.0,PARNAMIRIM                                                  ,Falta de Atenção à Condução                                                                         ,Engavetamento                                                                                                                                                                                           ,Com Vítimas Feridas,Pleno dia           ,Céu Claro           ,Dupla               ,Sim       ,Automóvel           ,Ileso               ,59.0,Masculino           
149821,2017-12-18,RN,101.0,PARNAMIRIM                                                  ,Falta de Atenção à Condução                                                                         ,Engavetamento                                                                                                                                                                                           ,Com Vítimas Feridas,Pleno dia           ,Céu Claro           ,Dupla               ,Sim       ,Utilitário          ,Ileso               ,35.0,Feminino            
150394,2017-07-13,RN,110.0,MOSSORO                                                     ,Falta de Atenção à Condução                                                                         ,Colisão transversal                                                                                                                                                                                     ,Com Vítimas Feridas,Pleno dia           ,Sol                 ,Simples             ,Sim       ,Motocicleta         ,Lesões Leves        ,20.0,Masculino           
150394,2017-07-13,RN,110.0,MOSSORO                                                     ,Falta de Atenção à Condução                                                                         ,Colisão transversal                                                                                                                                                                                     ,Com Vítimas Feridas,Pleno dia           ,Sol                 ,Simples             ,Sim       ,Motocicleta         ,Lesões Leves        ,25.0,Masculino           
154774,2017-12-22,RN,226.0,MACAIBA                                                     ,Velocidade Incompatível                                                                             ,Colisão frontal                                                                                                                                                                                         ,Com Vítimas Feridas,Pleno dia           ,Nublado             ,Simples             ,Não       ,Caminhão            ,Ileso               ,52.0,Masculino           
154774,2017-12-22,RN,226.0,MACAIBA                                                     ,Velocidade Incompatível                                                                             ,Colisão frontal                                                                                                                                                                                         ,Com Vítimas Feridas,Pleno dia           ,Nublado             ,Simples             ,Não       ,Caminhão            ,Lesões Graves       ,54.0,Masculino           
154774,2017-12-22,RN,226.0,MACAIBA                                                     ,Velocidade Incompatível                                                                             ,Colisão frontal                                                                                                                                                                                         ,Com Vítimas Feridas,Pleno dia           ,Nublado             ,Simples             ,Não       ,Automóvel           ,Lesões Graves       ,33.0,Feminino            
154774,2017-12-22,RN,226.0,MACAIBA                                                     ,Velocidade Incompatível                                                                             ,Colisão frontal                                                                                                                                                                                         ,Com Vítimas Feridas,Pleno dia           ,Nublado             ,Simples             ,Não       ,Automóvel           ,Ileso               ,37.0,Masculino           
160429,2017-09-09,RN,101.0,NATAL                                                       ,Animais na Pista                                                                                    ,Colisão transversal                                                                                                                                                                                     ,Com Vítimas Feridas,Plena Noite         ,Céu Claro           ,Dupla               ,Sim       ,Ônibus              ,Ileso               ,27.0,Masculino           
160429,2017-09-09,RN,101.0,NATAL                                                       ,Animais na Pista                                                                                    ,Colisão transversal                                                                                                                                                                                     ,Com Vítimas Feridas,Plena Noite         ,Céu Claro           ,Dupla               ,Sim       ,Carroça-charrete    ,Lesões Graves       ,30.0,Feminino            
160429,2017-09-09,RN,101.0,NATAL                                                       ,Animais na Pista                                                                                    ,Colisão transversal                                                                                                                                                                                     ,Com Vítimas Feridas,Plena Noite         ,Céu Claro           ,Dupla               ,Sim       ,Carroça-charrete    ,Lesões Graves       ,37.0,Masculino           
160429,2017-09-09,RN,101.0,NATAL                                                       ,Animais na Pista                                                                                    ,Colisão transversal                                                                                                                                                                                     ,Com Vítimas Feridas,Plena Noite         ,Céu Claro           ,Dupla               ,Sim       ,Carroça-charrete    ,Lesões Leves        ,4.0,Masculino           
161424,2017-07-03,RN,226.0,MACAIBA                                                     ,Falta de Atenção à Condução                                                                         ,Colisão transversal                                                                                                                                                                                     ,Com Vítimas Feridas,Pleno dia           ,Nublado             ,Simples             ,Sim       ,Motocicleta         ,Lesões Graves       ,44.0,Masculino           
161424,2017-07-03,RN,226.0,MACAIBA                                                     ,Falta de Atenção à Condução                                                                         ,Colisão transversal                                                                                                                                                                                     ,Com Vítimas Feridas,Pleno dia           ,Nublado             ,Simples             ,Sim       ,Automóvel           ,Ileso               ,28.0,Feminino            
162107,2017-12-10,RN,304.0,MOSSORO                                                     ,Ingestão de Álcool                                                                                  ,Queda de ocupante de veículo                                                                                                                                                                            ,Com Vítimas Feridas,Plena Noite         ,Céu Claro           ,Dupla               ,Sim       ,Ciclomotor          ,Lesões Graves       ,24.0,Masculino           
164374,2017-10-27,RN,226.0,NATAL                                                       ,Desobediência às normas de trânsito pelo condutor                                                   ,Colisão transversal                                                                                                                                                                                     ,Com Vítimas Feridas,Pleno dia           ,Céu Claro           ,Simples             ,Sim       ,Motocicleta         ,Lesões Graves       ,27.0,Masculino           
164374,2017-10-27,RN,226.0,NATAL                                                       ,Desobediência às normas de trânsito pelo condutor                                                   ,Colisão transversal                                                                                                                                                                                     ,Com Vítimas Feridas,Pleno dia           ,Céu Claro           ,Simples             ,Sim       ,Motocicleta         ,Lesões Graves       ,20.0,Feminino            
164374,2017-10-27,RN,226.0,NATAL                                                       ,Desobediência às normas de trânsito pelo condutor                                                   ,Colisão transversal                                                                                                                                                                                     ,Com Vítimas Feridas,Pleno dia           ,Céu Claro           ,Simples             ,Sim       ,Automóvel           ,Ileso               ,44.0,Masculino           
165807,2017-09-29,RN,101.0,SAO JOSE DE MIPIBU                                          ,Mal Súbito                                                                                          ,Tombamento                                                                                                                                                                                              ,Com Vítimas Feridas,Pleno dia           ,Céu Claro           ,Dupla               ,Não       ,Motocicleta         ,Lesões Graves       ,,Masculino           
165864,2017-09-04,RN,304.0,MOSSORO                                                     ,Não guardar distância de segurança                                                                  ,Colisão traseira                                                                                                                                                                                        ,Com Vítimas Feridas,Pleno dia           ,Ignorado            ,Dupla               ,Sim       ,Motocicleta         ,Ileso               ,,Masculino           
165864,2017-09-04,RN,304.0,MOSSORO                                                     ,Não guardar distância de segurança                                                                  ,Colisão traseira                                                                                                                                                                                        ,Com Vítimas Feridas,Pleno dia           ,Ignorado            ,Dupla               ,Sim       ,Motocicleta         ,Lesões Graves       ,,Feminino            
166207,2017-10-29,RN,226.0,NATAL                                                       ,Defeito Mecânico no Veículo                                                                         ,Colisão traseira                                                                                                                                                                                        ,Com Vítimas Feridas,Plena Noite         ,Céu Claro           ,Simples             ,Sim       ,Automóvel           ,Lesões Leves        ,48.0,Masculino           
166207,2017-10-29,RN,226.0,NATAL                                                       ,Defeito Mecânico no Veículo                                                                         ,Colisão traseira                                                                                                                                                                                        ,Com Vítimas Feridas,Plena Noite         ,Céu Claro           ,Simples             ,Sim       ,Automóvel           ,Ileso               ,21.0,Masculino           
166228,2017-03-23,RN,101.0,NATAL                                                       ,Não guardar distância de segurança                                                                  ,Colisão traseira                                                                                                                                                                                        ,Com Vítimas Feridas,Pleno dia           ,Chuva               ,Múltipla            ,Sim       ,Motocicleta         ,Lesões Leves        ,33.0,Masculino           
183354,2017-03-24,RN,101.0,PARNAMIRIM                                                  ,Falta de Atenção à Condução                                                                         ,Colisão frontal                                                                                                                                                                                         ,Com Vítimas Feridas,Pleno dia           ,Céu Claro           ,Simples             ,Sim       ,Automóvel           ,Não Informado       ,,Não Informado       
183354,2017-03-24,RN,101.0,PARNAMIRIM                                                  ,Falta de Atenção à Condução                                                                         ,Colisão frontal                                                                                                                                                                                         ,Com Vítimas Feridas,Pleno dia           ,Céu Claro           ,Simples             ,Sim       ,Motocicleta         ,Lesões Leves        ,23.0,Masculino           